{"type":"FeatureCollection","features":[{"type":"Feature","properties":{"basin_id":"basins_dth_ls"},"geometry":{"type":"MultiPolygon","coordinates":[[[[109.80667,29.10979],[109.81083,29.10938],[109.81594,29.11042],[109.82198,29.11292],[109.82896,29.11688],[109.83687,29.12229],[109.84286,29.12787],[109.84693,29.13359],[109.84906,29.13948],[109.84927,29.14552],[109.85057,29.15099],[109.85297,29.15589],[109.85646,29.16021],[109.86104,29.16396],[109.86411,29.16927],[109.86568,29.17615],[109.86573,29.18458],[109.86427,29.19458],[109.865,29.20495],[109.86791,29.21568],[109.87302,29.22677],[109.88031,29.23823],[109.88739,29.24646],[109.89427,29.25146],[109.90094,29.25323],[109.9074,29.25177],[109.91302,29.25115],[109.91781,29.25135],[109.92177,29.2524],[109.9249,29.25427],[109.92885,29.25411],[109.93365,29.25193],[109.93927,29.24771],[109.94573,29.24146],[109.95255,29.23833],[109.95974,29.23833],[109.96729,29.24146],[109.97521,29.24771],[109.98193,29.2513],[109.98745,29.25224],[109.99177,29.25052],[109.9949,29.24615],[109.99875,29.24318],[110.00333,29.24161],[110.00865,29.24146],[110.01469,29.24271],[110.01969,29.24234],[110.02365,29.24036],[110.02656,29.23677],[110.02844,29.23156],[110.03219,29.22771],[110.03781,29.22521],[110.04531,29.22406],[110.05469,29.22427],[110.06214,29.22221],[110.06766,29.21789],[110.07125,29.2113],[110.07292,29.20245],[110.07459,29.19359],[110.07625,29.18474],[110.07792,29.17589],[110.07958,29.16703],[110.08219,29.15961],[110.08573,29.15362],[110.09021,29.14906],[110.09563,29.14594],[110.09911,29.14104],[110.10068,29.13438],[110.10031,29.12594],[110.09802,29.11573],[110.0988,29.10672],[110.10266,29.09891],[110.10959,29.09229],[110.11959,29.08688],[110.1275,29.08099],[110.13333,29.07464],[110.13708,29.06781],[110.13875,29.06052],[110.14073,29.05484],[110.14302,29.05078],[110.14563,29.04833],[110.14854,29.0475],[110.15021,29.04589],[110.15062,29.04349],[110.14979,29.04031],[110.14771,29.03635],[110.14682,29.0325],[110.14714,29.02875],[110.14865,29.0251],[110.15135,29.02156],[110.15193,29.01865],[110.15036,29.01635],[110.14667,29.01469],[110.14083,29.01365],[110.13693,29.01161],[110.13495,29.00859],[110.1349,29.00458],[110.13677,28.99958],[110.13755,28.99547],[110.13724,28.99224],[110.13583,28.9899],[110.13333,28.98844],[110.13233,28.98648],[110.13281,28.98401],[110.13479,28.98105],[110.13826,28.97758],[110.14161,28.97423],[110.14484,28.971],[110.14794,28.96789],[110.15093,28.9649],[110.15427,28.96219],[110.15795,28.95976],[110.16198,28.9576],[110.16635,28.95573],[110.17151,28.9549],[110.17745,28.9551],[110.18417,28.95635],[110.19167,28.95865],[110.19828,28.95943],[110.20401,28.9587],[110.20885,28.95646],[110.21281,28.95271],[110.21766,28.95089],[110.22338,28.95099],[110.23,28.95302],[110.2375,28.95698],[110.24365,28.95917],[110.24844,28.95958],[110.25188,28.95823],[110.25396,28.9551],[110.25641,28.95396],[110.25922,28.95479],[110.2624,28.9576],[110.26594,28.9624],[110.27052,28.96526],[110.27615,28.9662],[110.28281,28.96521],[110.29052,28.96229],[110.29922,28.96229],[110.3089,28.96521],[110.31958,28.97104],[110.33125,28.97979],[110.34091,28.98598],[110.34858,28.98959],[110.35425,28.99064],[110.35791,28.98913],[110.36126,28.98774],[110.36428,28.98649],[110.36698,28.98538],[110.36935,28.98439],[110.37108,28.98428],[110.37217,28.98504],[110.3726,28.98667],[110.3724,28.98917],[110.37318,28.99109],[110.37495,28.99245],[110.37771,28.99323],[110.38146,28.99344],[110.38542,28.99505],[110.38958,28.99807],[110.39396,29.0025],[110.39854,29.00833],[110.40323,29.01219],[110.40802,29.01406],[110.41292,29.01396],[110.41792,29.01188],[110.4213,29.00958],[110.42307,29.00708],[110.42323,29.00438],[110.42177,29.00146],[110.42182,28.99745],[110.42339,28.99234],[110.42646,28.98615],[110.43104,28.97885],[110.43714,28.97333],[110.44474,28.96958],[110.45385,28.96761],[110.46448,28.9674],[110.47518,28.96893],[110.48596,28.97222],[110.49682,28.97724],[110.50775,28.98402],[110.51869,28.99079],[110.52962,28.99756],[110.54056,29.00433],[110.5515,29.0111],[110.56166,29.01657],[110.57104,29.02073],[110.57963,29.0236],[110.58745,29.02516],[110.59526,29.02672],[110.60307,29.02828],[110.61088,29.02985],[110.6187,29.03141],[110.62523,29.03367],[110.63049,29.03664],[110.63448,29.04031],[110.63719,29.04469],[110.64026,29.04786],[110.6437,29.04984],[110.6475,29.05063],[110.65167,29.05021],[110.65542,29.05115],[110.65875,29.05344],[110.66167,29.05708],[110.66417,29.06208],[110.66844,29.06573],[110.67448,29.06802],[110.68229,29.06896],[110.69188,29.06854],[110.70031,29.06974],[110.7076,29.07255],[110.71375,29.07698],[110.71875,29.08302],[110.72502,29.08859],[110.73258,29.0937],[110.7414,29.09834],[110.7515,29.10251],[110.76161,29.10667],[110.77171,29.11084],[110.78182,29.11501],[110.79192,29.11917],[110.79945,29.12349],[110.8044,29.12797],[110.80677,29.1326],[110.80656,29.1374],[110.80792,29.14292],[110.81083,29.14917],[110.81531,29.15615],[110.82135,29.16385],[110.82786,29.17078],[110.83484,29.17693],[110.84229,29.18229],[110.85021,29.18688],[110.85568,29.19146],[110.8587,29.19604],[110.85927,29.20063],[110.8574,29.20521],[110.85844,29.20953],[110.8624,29.21359],[110.86927,29.2174],[110.87906,29.22094],[110.88859,29.2262],[110.89786,29.23318],[110.90687,29.24188],[110.91562,29.25229],[110.925,29.26188],[110.935,29.27063],[110.94562,29.27854],[110.95687,29.28563],[110.96635,29.29078],[110.97406,29.29401],[110.98,29.29531],[110.98417,29.29469],[110.98812,29.29531],[110.99187,29.29719],[110.99542,29.30031],[110.99875,29.30469],[111.00286,29.30818],[111.00776,29.31078],[111.01344,29.3125],[111.0199,29.31333],[111.02687,29.31573],[111.03437,29.31969],[111.04239,29.32521],[111.05094,29.33229],[111.05745,29.33698],[111.06193,29.33927],[111.06438,29.33917],[111.06479,29.33667],[111.06636,29.33513],[111.06909,29.33456],[111.07297,29.33495],[111.07801,29.33631],[111.08324,29.33772],[111.08866,29.33918],[111.09426,29.34069],[111.10006,29.34224],[111.10795,29.34269],[111.11793,29.34201],[111.13,29.34021],[111.14417,29.33729],[111.15797,29.33547],[111.17141,29.33474],[111.18448,29.33511],[111.19719,29.33656],[111.20797,29.33912],[111.21682,29.34276],[111.22375,29.3475],[111.22875,29.35333],[111.23375,29.35917],[111.23875,29.365],[111.24375,29.37083],[111.24875,29.37667],[111.25146,29.38344],[111.25188,29.39115],[111.25,29.39979],[111.24583,29.40938],[111.24526,29.41599],[111.24828,29.41964],[111.2549,29.42032],[111.26511,29.41803],[111.27532,29.41574],[111.28552,29.41344],[111.29573,29.41115],[111.30594,29.40886],[111.31485,29.40578],[111.32245,29.40193],[111.32875,29.39729],[111.33375,29.39188],[111.33938,29.38802],[111.34563,29.38573],[111.3525,29.385],[111.36,29.38583],[111.36758,29.38524],[111.37524,29.3832],[111.38297,29.37974],[111.39079,29.37485],[111.3986,29.36995],[111.40641,29.36506],[111.41422,29.36016],[111.42203,29.35526],[111.42966,29.35169],[111.43711,29.34945],[111.44437,29.34854],[111.45146,29.34896],[111.4574,29.3476],[111.46219,29.34448],[111.46583,29.33958],[111.46833,29.33292],[111.47145,29.32831],[111.47518,29.32575],[111.47953,29.32525],[111.48449,29.32681],[111.49046,29.32868],[111.49744,29.33087],[111.50543,29.33337],[111.51442,29.33619],[111.52091,29.33653],[111.52489,29.3344],[111.52635,29.32979],[111.52531,29.32271],[111.52568,29.31719],[111.52745,29.31323],[111.53063,29.31083],[111.53521,29.31],[111.5387,29.30865],[111.54109,29.30677],[111.5424,29.30438],[111.5426,29.30146],[111.54479,29.29802],[111.54896,29.29406],[111.55511,29.28958],[111.56323,29.28458],[111.57042,29.28162],[111.57667,29.28068],[111.58198,29.28177],[111.58635,29.2849],[111.59229,29.28695],[111.59979,29.28795],[111.60886,29.28787],[111.61948,29.28672],[111.63011,29.28558],[111.64073,29.28443],[111.65136,29.28329],[111.66198,29.28214],[111.67068,29.28029],[111.67745,29.27774],[111.68229,29.27448],[111.68521,29.27052],[111.68609,29.26729],[111.68495,29.26479],[111.68177,29.26302],[111.67656,29.26198],[111.67417,29.25995],[111.67458,29.25693],[111.67781,29.25292],[111.68386,29.24792],[111.68785,29.24217],[111.68981,29.23567],[111.68971,29.22841],[111.68758,29.22041],[111.68568,29.21329],[111.68401,29.20704],[111.68258,29.20166],[111.68138,29.19716],[111.68189,29.19363],[111.6841,29.19107],[111.68802,29.18948],[111.69365,29.18885],[111.6987,29.19003],[111.70318,29.193],[111.70708,29.19776],[111.71041,29.20432],[111.71375,29.21089],[111.71708,29.21745],[111.72041,29.22401],[111.72375,29.23057],[111.72807,29.23544],[111.73338,29.23862],[111.73969,29.2401],[111.74698,29.2399],[111.75214,29.2424],[111.75516,29.2476],[111.75604,29.25552],[111.75479,29.26615],[111.75615,29.27526],[111.7601,29.28287],[111.76666,29.28896],[111.77583,29.29355],[111.78499,29.29813],[111.79416,29.30271],[111.80333,29.3073],[111.8125,29.31188],[111.81844,29.31792],[111.82115,29.32542],[111.82063,29.33438],[111.81688,29.34479],[111.81419,29.35411],[111.81258,29.36234],[111.81203,29.36948],[111.81255,29.37552],[111.81307,29.38156],[111.81359,29.3876],[111.81411,29.39365],[111.81464,29.39969],[111.81409,29.40469],[111.81247,29.40865],[111.80979,29.41156],[111.80604,29.41344],[111.80193,29.41438],[111.79745,29.41438],[111.7926,29.41344],[111.7874,29.41156],[111.78234,29.41135],[111.77745,29.41281],[111.77271,29.41594],[111.76813,29.42073],[111.76633,29.4255],[111.76732,29.43024],[111.77109,29.43495],[111.77765,29.43964],[111.78421,29.44433],[111.79078,29.44901],[111.79734,29.4537],[111.8039,29.45839],[111.80903,29.4628],[111.81273,29.46694],[111.81499,29.47081],[111.81582,29.47441],[111.81671,29.47824],[111.81765,29.4823],[111.81864,29.4866],[111.81968,29.49113],[111.81979,29.49431],[111.81896,29.49616],[111.81719,29.49667],[111.81448,29.49583],[111.8112,29.49615],[111.80734,29.4976],[111.80292,29.50021],[111.79792,29.50396],[111.79549,29.50919],[111.79565,29.51591],[111.79838,29.52412],[111.80369,29.5338],[111.809,29.54349],[111.81431,29.55318],[111.81963,29.56287],[111.82494,29.57255],[111.8307,29.58076],[111.8369,29.58747],[111.84354,29.59271],[111.85062,29.59646],[111.85891,29.5988],[111.86839,29.59974],[111.87906,29.59927],[111.89094,29.5974],[111.89961,29.59829],[111.90507,29.60195],[111.90732,29.60838],[111.90637,29.61758],[111.90543,29.62672],[111.90449,29.63578],[111.90356,29.64477],[111.90264,29.6537],[111.90408,29.66091],[111.90789,29.66642],[111.91406,29.67021],[111.9226,29.67229],[111.9301,29.67328],[111.93656,29.67318],[111.94198,29.67198],[111.94635,29.66969],[111.95224,29.66828],[111.95964,29.66776],[111.96854,29.66813],[111.97896,29.66938],[111.98698,29.67245],[111.9926,29.67734],[111.99583,29.68406],[111.99667,29.6926],[111.9981,29.69968],[112.00013,29.70528],[112.00277,29.70941],[112.006,29.71208],[112.00939,29.71487],[112.01293,29.71778],[112.01663,29.72083],[112.02048,29.724],[112.02284,29.72695],[112.02373,29.72968],[112.02313,29.73219],[112.02104,29.73448],[112.01698,29.73604],[112.01094,29.73688],[112.00292,29.73698],[111.99292,29.73636],[111.98583,29.73708],[111.98167,29.73917],[111.98042,29.7426],[111.98208,29.7474],[111.98203,29.75141],[111.98026,29.75464],[111.97677,29.75708],[111.97156,29.75875],[111.96734,29.76099],[111.96411,29.7638],[111.96188,29.76719],[111.96063,29.77115],[111.95734,29.77385],[111.95203,29.77531],[111.94469,29.77552],[111.93531,29.77448],[111.92755,29.77474],[111.92141,29.7763],[111.91688,29.77917],[111.91396,29.78333],[111.90854,29.78719],[111.90063,29.79073],[111.89021,29.79396],[111.87729,29.79688],[111.86667,29.80083],[111.85833,29.80583],[111.85229,29.81188],[111.84854,29.81896],[111.84302,29.82604],[111.83573,29.83313],[111.82667,29.84021],[111.81584,29.84729],[111.80766,29.85359],[111.80214,29.85912],[111.79927,29.86385],[111.79906,29.86781],[111.79758,29.87078],[111.79483,29.87276],[111.7908,29.87375],[111.7855,29.87375],[111.78066,29.87375],[111.77629,29.87375],[111.77238,29.87375],[111.76893,29.87375],[111.76566,29.87443],[111.76258,29.87578],[111.75969,29.87781],[111.75698,29.88052],[111.75276,29.88172],[111.74703,29.88141],[111.73979,29.87958],[111.73104,29.87625],[111.72338,29.87469],[111.71682,29.8749],[111.71135,29.87688],[111.70698,29.88063],[111.70052,29.88203],[111.69198,29.8811],[111.68135,29.87781],[111.66864,29.87219],[111.65781,29.86927],[111.64885,29.86906],[111.64177,29.87156],[111.63656,29.87677],[111.63,29.88099],[111.62208,29.88422],[111.61281,29.88646],[111.60219,29.88771],[111.5926,29.88755],[111.58406,29.88599],[111.57656,29.88302],[111.5701,29.87865],[111.56432,29.87589],[111.55922,29.87474],[111.55479,29.87521],[111.55104,29.87729],[111.5475,29.88177],[111.54417,29.88865],[111.54104,29.89792],[111.53813,29.90958],[111.53458,29.91859],[111.53042,29.92495],[111.52563,29.92865],[111.52021,29.92969],[111.51344,29.92984],[111.50531,29.92912],[111.49583,29.9275],[111.485,29.925],[111.47557,29.92208],[111.46755,29.91875],[111.46094,29.915],[111.45573,29.91083],[111.45031,29.90823],[111.44469,29.90719],[111.43885,29.90771],[111.43281,29.90979],[111.42589,29.91068],[111.41807,29.91037],[111.40937,29.90886],[111.39979,29.90615],[111.3902,29.90344],[111.38062,29.90073],[111.37104,29.89803],[111.36146,29.89532],[111.35333,29.89375],[111.34667,29.89333],[111.34146,29.89406],[111.33771,29.89594],[111.33302,29.89646],[111.32739,29.89563],[111.32083,29.89344],[111.31333,29.8899],[111.30583,29.88636],[111.29833,29.88282],[111.29083,29.87927],[111.28333,29.87573],[111.27542,29.87292],[111.26708,29.87083],[111.25833,29.86948],[111.24917,29.86886],[111.24141,29.86896],[111.23505,29.86979],[111.2301,29.87135],[111.22656,29.87365],[111.22302,29.8788],[111.21948,29.88682],[111.21594,29.89771],[111.2124,29.91146],[111.2086,29.92234],[111.20453,29.93036],[111.20021,29.93552],[111.19563,29.93781],[111.19031,29.93932],[111.18427,29.94005],[111.1775,29.94],[111.17,29.93917],[111.16312,29.93724],[111.15687,29.93422],[111.15125,29.9301],[111.14625,29.9249],[111.13953,29.92198],[111.1311,29.92136],[111.12094,29.92303],[111.10907,29.92699],[111.09719,29.93095],[111.08532,29.9349],[111.07344,29.93886],[111.06157,29.94282],[111.05104,29.94464],[111.04188,29.94432],[111.03406,29.94188],[111.0276,29.93729],[111.02138,29.93458],[111.01539,29.93375],[111.00964,29.93479],[111.00412,29.93771],[110.9986,29.94063],[110.99308,29.94354],[110.98755,29.94646],[110.98203,29.94938],[110.97774,29.9522],[110.97468,29.95494],[110.97285,29.95759],[110.97225,29.96015],[110.97166,29.96263],[110.97109,29.96504],[110.97054,29.96738],[110.97001,29.96964],[110.96948,29.9719],[110.96895,29.97416],[110.96841,29.97643],[110.96788,29.97869],[110.96707,29.97997],[110.96597,29.98027],[110.96458,29.97958],[110.96292,29.97792],[110.96083,29.97714],[110.95833,29.97724],[110.95542,29.97823],[110.95208,29.9801],[110.94995,29.98271],[110.94901,29.98604],[110.94927,29.9901],[110.95073,29.9949],[110.95115,29.99953],[110.95052,30.00401],[110.94885,30.00833],[110.94615,30.0125],[110.94573,30.01589],[110.9476,30.01849],[110.95177,30.02031],[110.95823,30.02135],[110.9637,30.02412],[110.96818,30.02859],[110.97167,30.03479],[110.97417,30.04271],[110.97286,30.04938],[110.96776,30.05479],[110.95886,30.05896],[110.94615,30.06188],[110.93604,30.06714],[110.92854,30.07474],[110.92365,30.08469],[110.92136,30.09698],[110.91641,30.10615],[110.9088,30.11219],[110.89854,30.11511],[110.88562,30.1149],[110.875,30.11557],[110.86667,30.11714],[110.86063,30.11958],[110.85688,30.12292],[110.85135,30.12542],[110.84406,30.12708],[110.835,30.12792],[110.82417,30.12792],[110.81547,30.12719],[110.80891,30.12573],[110.80448,30.12354],[110.80219,30.12063],[110.79823,30.11885],[110.7926,30.11823],[110.78531,30.11875],[110.77635,30.12042],[110.76729,30.12078],[110.75812,30.11984],[110.74885,30.11761],[110.73948,30.11406],[110.73083,30.11167],[110.72292,30.11042],[110.71573,30.11031],[110.70927,30.11135],[110.70396,30.11302],[110.69979,30.11531],[110.69677,30.11823],[110.6949,30.12177],[110.69141,30.12458],[110.6863,30.12667],[110.67958,30.12802],[110.67125,30.12865],[110.66453,30.12979],[110.65943,30.13146],[110.65594,30.13365],[110.65406,30.13635],[110.65151,30.1378],[110.64828,30.13799],[110.64438,30.13691],[110.6398,30.13457],[110.63506,30.13215],[110.63016,30.12965],[110.62511,30.12707],[110.6199,30.12441],[110.61391,30.12377],[110.60714,30.12515],[110.59959,30.12854],[110.59125,30.13396],[110.58151,30.13886],[110.57037,30.14323],[110.55781,30.14709],[110.54386,30.15042],[110.52974,30.1511],[110.51547,30.14912],[110.50104,30.14448],[110.48645,30.13719],[110.47552,30.13229],[110.46823,30.12979],[110.46458,30.12969],[110.46458,30.13198],[110.46392,30.13368],[110.46259,30.13478],[110.4606,30.13528],[110.45795,30.1352],[110.45506,30.1351],[110.45193,30.135],[110.44857,30.13488],[110.44498,30.13476],[110.44134,30.13366],[110.43767,30.13157],[110.43396,30.12849],[110.43021,30.12443],[110.42646,30.12037],[110.42271,30.1163],[110.41896,30.11224],[110.41521,30.10818],[110.41109,30.10503],[110.40661,30.10279],[110.40177,30.10146],[110.39656,30.10104],[110.39109,30.10214],[110.38537,30.10474],[110.37938,30.10885],[110.37313,30.11448],[110.36896,30.11927],[110.36688,30.12323],[110.36687,30.12635],[110.36896,30.12865],[110.36927,30.13076],[110.36782,30.1327],[110.3646,30.13446],[110.3596,30.13604],[110.35497,30.13751],[110.3507,30.13886],[110.34679,30.1401],[110.34324,30.14123],[110.3387,30.14142],[110.33318,30.14068],[110.32666,30.13901],[110.31916,30.13641],[110.31166,30.13381],[110.30416,30.1312],[110.29666,30.1286],[110.28916,30.12599],[110.28245,30.12198],[110.27651,30.11656],[110.27135,30.10974],[110.26697,30.10151],[110.2626,30.09328],[110.25822,30.08505],[110.25385,30.07682],[110.24948,30.06859],[110.24333,30.06461],[110.23542,30.06487],[110.22573,30.06938],[110.21427,30.07813],[110.20341,30.08518],[110.19315,30.09055],[110.18349,30.09422],[110.17443,30.0962],[110.16537,30.09818],[110.1563,30.10016],[110.14724,30.10214],[110.13818,30.10412],[110.12956,30.1069],[110.12138,30.1105],[110.11365,30.1149],[110.10636,30.1201],[110.09927,30.12349],[110.0924,30.12505],[110.08573,30.12479],[110.07927,30.12271],[110.07375,30.12219],[110.06917,30.12323],[110.06552,30.12583],[110.06281,30.13],[110.05962,30.13257],[110.05594,30.13354],[110.05177,30.13291],[110.04711,30.13068],[110.04246,30.12845],[110.03781,30.12622],[110.03315,30.124],[110.0285,30.12177],[110.02364,30.11944],[110.01857,30.11701],[110.01329,30.11449],[110.00781,30.11186],[110.00156,30.10984],[109.99455,30.10842],[109.98677,30.10761],[109.97823,30.1074],[109.96922,30.10505],[109.95974,30.10057],[109.94979,30.09396],[109.93937,30.08521],[109.92791,30.07761],[109.91541,30.07115],[109.90187,30.06584],[109.88729,30.06167],[109.87573,30.05563],[109.86719,30.04771],[109.86167,30.03792],[109.85917,30.02625],[109.85479,30.01708],[109.84854,30.01042],[109.84042,30.00625],[109.83042,30.00458],[109.82266,30.00146],[109.81713,29.99688],[109.81385,29.99083],[109.81281,29.98333],[109.81104,29.97667],[109.80854,29.97083],[109.80531,29.96583],[109.80135,29.96167],[109.8001,29.95703],[109.80156,29.95193],[109.80573,29.94635],[109.81261,29.94031],[109.81616,29.93492],[109.81639,29.93016],[109.8133,29.92606],[109.8069,29.9226],[109.80096,29.91939],[109.79551,29.91644],[109.79053,29.91375],[109.78602,29.91131],[109.78152,29.90888],[109.77701,29.90644],[109.77251,29.90401],[109.76801,29.90157],[109.76541,29.8987],[109.76472,29.8954],[109.76594,29.89167],[109.76906,29.8875],[109.77083,29.88276],[109.77125,29.87745],[109.77031,29.87156],[109.76802,29.8651],[109.76734,29.85885],[109.76828,29.85281],[109.77083,29.84698],[109.775,29.84135],[109.77836,29.83508],[109.78091,29.82815],[109.78266,29.82057],[109.78359,29.81234],[109.78453,29.80411],[109.78547,29.79589],[109.78641,29.78766],[109.78734,29.77943],[109.78638,29.77185],[109.78351,29.76492],[109.77875,29.75865],[109.77208,29.75302],[109.76792,29.74662],[109.76625,29.73943],[109.76708,29.73146],[109.77042,29.72271],[109.77031,29.71427],[109.76677,29.70615],[109.75979,29.69833],[109.74937,29.69083],[109.73843,29.68438],[109.72698,29.67896],[109.715,29.67459],[109.7025,29.67125],[109.69146,29.66709],[109.68187,29.66208],[109.67375,29.65625],[109.66708,29.64958],[109.66099,29.64276],[109.65547,29.63578],[109.65052,29.62865],[109.64614,29.62135],[109.64406,29.61526],[109.64427,29.61036],[109.64677,29.60667],[109.65156,29.60417],[109.65477,29.59966],[109.65638,29.59315],[109.6564,29.58464],[109.65484,29.57411],[109.65328,29.56359],[109.65172,29.55307],[109.65015,29.54255],[109.64859,29.53203],[109.64779,29.52346],[109.64773,29.51685],[109.64844,29.51219],[109.6499,29.50948],[109.65219,29.50839],[109.65531,29.50891],[109.65927,29.51104],[109.66406,29.51479],[109.66818,29.51625],[109.67161,29.51542],[109.67438,29.51229],[109.67646,29.50688],[109.67948,29.50365],[109.68344,29.5026],[109.68833,29.50375],[109.69417,29.50708],[109.69917,29.50813],[109.70333,29.50688],[109.70667,29.50333],[109.70917,29.4975],[109.71396,29.49135],[109.72104,29.4849],[109.73042,29.47813],[109.74209,29.47104],[109.75198,29.46729],[109.7601,29.46688],[109.76646,29.46979],[109.77104,29.47604],[109.77776,29.48136],[109.78661,29.48573],[109.7976,29.48917],[109.81073,29.49167],[109.82276,29.49115],[109.8337,29.48761],[109.84354,29.48104],[109.85229,29.47146],[109.85995,29.46448],[109.86651,29.4601],[109.87198,29.45833],[109.87635,29.45917],[109.88099,29.45885],[109.88589,29.4574],[109.89104,29.45479],[109.89646,29.45104],[109.89794,29.44602],[109.89549,29.43972],[109.88911,29.43214],[109.87879,29.42329],[109.86848,29.41443],[109.85816,29.40558],[109.84785,29.39672],[109.83754,29.38787],[109.83093,29.37966],[109.82802,29.37211],[109.8288,29.36521],[109.83329,29.35896],[109.83776,29.35271],[109.84224,29.34646],[109.84672,29.34021],[109.8512,29.33396],[109.85268,29.32781],[109.85117,29.32177],[109.84666,29.31584],[109.83916,29.31],[109.83166,29.30417],[109.82416,29.29834],[109.81666,29.2925],[109.80916,29.28667],[109.80203,29.27844],[109.79526,29.26781],[109.78885,29.25479],[109.78281,29.23938],[109.77846,29.22568],[109.77581,29.2137],[109.77484,29.20344],[109.77557,29.1949],[109.7763,29.18635],[109.77703,29.17781],[109.77776,29.16927],[109.77849,29.16073],[109.78034,29.15198],[109.78331,29.14302],[109.7874,29.13385],[109.79261,29.12448],[109.79755,29.11734],[109.80224,29.11245],[109.80667,29.10979]]]]}},{"type":"Feature","properties":{"basin_id":"basins_dth_zj"},"geometry":{"type":"MultiPolygon","coordinates":[[[[110.4701,25.91656],[110.4749,25.91677],[110.48005,25.91888],[110.48557,25.92289],[110.49145,25.9288],[110.4977,25.93662],[110.50395,25.94443],[110.5102,25.95224],[110.51645,25.96005],[110.5227,25.96787],[110.52698,25.97643],[110.52927,25.98576],[110.52958,25.99583],[110.52792,26.00667],[110.52891,26.01802],[110.53255,26.0299],[110.53885,26.04229],[110.54781,26.05521],[110.55245,26.06776],[110.55276,26.07995],[110.54875,26.09177],[110.54042,26.10323],[110.53339,26.11188],[110.52766,26.11771],[110.52323,26.12073],[110.5201,26.12094],[110.51787,26.12225],[110.51653,26.12465],[110.51607,26.12816],[110.51651,26.13276],[110.51694,26.13725],[110.51736,26.14163],[110.51776,26.14589],[110.51816,26.15003],[110.5172,26.15455],[110.5149,26.15943],[110.51125,26.16469],[110.50625,26.17031],[110.50552,26.17797],[110.50906,26.18766],[110.51687,26.19938],[110.52895,26.21313],[110.5377,26.2262],[110.54312,26.23859],[110.54521,26.25031],[110.54396,26.26135],[110.54443,26.27182],[110.54661,26.28172],[110.55052,26.29104],[110.55614,26.29979],[110.55885,26.30786],[110.55865,26.31526],[110.55552,26.32198],[110.54948,26.32802],[110.54266,26.33167],[110.53505,26.33292],[110.52667,26.33177],[110.5175,26.32823],[110.51055,26.32727],[110.50581,26.32888],[110.50328,26.33307],[110.50297,26.33984],[110.50266,26.34661],[110.50234,26.35339],[110.50203,26.36016],[110.50172,26.36693],[110.50029,26.37273],[110.49773,26.37758],[110.49406,26.38146],[110.48927,26.38438],[110.4857,26.38781],[110.48336,26.39177],[110.48224,26.39625],[110.48234,26.40125],[110.48245,26.40625],[110.48255,26.41125],[110.48266,26.41625],[110.48276,26.42125],[110.48336,26.42578],[110.48445,26.42984],[110.48604,26.43344],[110.48812,26.43656],[110.49115,26.4387],[110.4951,26.43984],[110.5,26.44],[110.50583,26.43917],[110.51156,26.43995],[110.51719,26.44234],[110.52271,26.44635],[110.52812,26.45198],[110.5324,26.45776],[110.53552,26.4637],[110.5375,26.46979],[110.53833,26.47604],[110.5375,26.48271],[110.535,26.48979],[110.53083,26.49729],[110.525,26.50521],[110.5199,26.51052],[110.51552,26.51323],[110.51187,26.51333],[110.50896,26.51083],[110.50568,26.50958],[110.50203,26.50958],[110.49802,26.51083],[110.49365,26.51333],[110.48745,26.51479],[110.47943,26.51521],[110.46958,26.51459],[110.45792,26.51292],[110.44687,26.51219],[110.43646,26.5124],[110.42667,26.51354],[110.4175,26.51563],[110.4112,26.5187],[110.40776,26.52276],[110.40719,26.52781],[110.40948,26.53385],[110.40906,26.5388],[110.40594,26.54266],[110.4001,26.54542],[110.39156,26.54708],[110.38427,26.55052],[110.37823,26.55573],[110.37344,26.56271],[110.3699,26.57146],[110.36906,26.57917],[110.37094,26.58583],[110.37552,26.59146],[110.38281,26.59604],[110.3887,26.60307],[110.39318,26.61255],[110.39625,26.62448],[110.39792,26.63885],[110.3976,26.64998],[110.39531,26.65787],[110.39103,26.6625],[110.38477,26.66389],[110.37883,26.66521],[110.37321,26.66646],[110.3679,26.66764],[110.36291,26.66875],[110.35953,26.67011],[110.35776,26.6717],[110.3576,26.67354],[110.35906,26.67563],[110.35917,26.67854],[110.35792,26.68229],[110.35531,26.68688],[110.35135,26.69229],[110.34552,26.69609],[110.33781,26.69828],[110.32823,26.69886],[110.31677,26.69781],[110.30755,26.6963],[110.30057,26.69432],[110.29583,26.69188],[110.29333,26.68896],[110.28974,26.68688],[110.28505,26.68563],[110.27927,26.68521],[110.2724,26.68563],[110.26656,26.68531],[110.26177,26.68427],[110.25802,26.6825],[110.25531,26.68],[110.25276,26.67849],[110.25036,26.67797],[110.24813,26.67844],[110.24604,26.6799],[110.24484,26.68203],[110.24453,26.68484],[110.2451,26.68833],[110.24656,26.6925],[110.24615,26.69646],[110.24385,26.70021],[110.23969,26.70375],[110.23365,26.70708],[110.22943,26.71185],[110.22702,26.71804],[110.22644,26.72567],[110.22769,26.73473],[110.22893,26.74378],[110.23017,26.75284],[110.23141,26.7619],[110.23265,26.77095],[110.2339,26.78004],[110.23515,26.78915],[110.2364,26.7983],[110.23766,26.80747],[110.23876,26.8155],[110.2397,26.82237],[110.24049,26.82811],[110.24112,26.83269],[110.24175,26.83728],[110.24238,26.84187],[110.24301,26.84645],[110.24364,26.85104],[110.24484,26.85458],[110.24661,26.85708],[110.24896,26.85854],[110.25187,26.85896],[110.25447,26.86029],[110.25674,26.86254],[110.25869,26.8657],[110.26032,26.86977],[110.26176,26.87337],[110.26301,26.8765],[110.26407,26.87915],[110.26494,26.88132],[110.26622,26.88285],[110.26791,26.88373],[110.27,26.88396],[110.2725,26.88354],[110.27588,26.88656],[110.28015,26.89302],[110.28531,26.90292],[110.29135,26.91625],[110.29604,26.92984],[110.29937,26.9437],[110.30135,26.95781],[110.30198,26.97219],[110.30078,26.98516],[110.29776,26.99672],[110.29292,27.00688],[110.28625,27.01563],[110.2824,27.0238],[110.28135,27.03141],[110.28312,27.03844],[110.28771,27.0449],[110.29047,27.04984],[110.29141,27.05328],[110.29052,27.05521],[110.28781,27.05563],[110.2862,27.05661],[110.28568,27.05818],[110.28625,27.06031],[110.28792,27.06302],[110.28823,27.06599],[110.28719,27.06922],[110.28479,27.07271],[110.28104,27.07646],[110.27844,27.08094],[110.27698,27.08615],[110.27667,27.09208],[110.2775,27.09875],[110.27995,27.10417],[110.28401,27.10833],[110.28969,27.11125],[110.29698,27.11292],[110.30276,27.11578],[110.30703,27.11984],[110.30979,27.1251],[110.31104,27.13156],[110.31375,27.13745],[110.31792,27.14276],[110.32354,27.1475],[110.33062,27.15167],[110.33661,27.15656],[110.34151,27.16219],[110.34531,27.16854],[110.34802,27.17563],[110.34969,27.18203],[110.35031,27.18776],[110.3499,27.19281],[110.34844,27.19719],[110.34953,27.20271],[110.35318,27.20938],[110.35937,27.21719],[110.36812,27.22615],[110.37411,27.23438],[110.37734,27.24188],[110.37781,27.24865],[110.37552,27.25469],[110.37578,27.26135],[110.37859,27.26865],[110.38396,27.27656],[110.39187,27.28511],[110.39792,27.29313],[110.40208,27.30063],[110.40437,27.3076],[110.40479,27.31406],[110.40745,27.32094],[110.41234,27.32823],[110.41948,27.33594],[110.42885,27.34406],[110.43823,27.34984],[110.4476,27.35328],[110.45698,27.35438],[110.46635,27.35313],[110.4749,27.35271],[110.4826,27.35313],[110.48948,27.35438],[110.49552,27.35646],[110.5012,27.35703],[110.50651,27.35609],[110.51146,27.35365],[110.51604,27.34969],[110.51885,27.34479],[110.5199,27.33896],[110.51917,27.33219],[110.51667,27.32448],[110.51557,27.31797],[110.51589,27.31266],[110.5176,27.30854],[110.52073,27.30563],[110.52432,27.30438],[110.52839,27.30479],[110.53292,27.30688],[110.53792,27.31063],[110.54458,27.31359],[110.55292,27.31578],[110.56292,27.31719],[110.57458,27.31781],[110.58344,27.32073],[110.58948,27.32594],[110.59271,27.33344],[110.59312,27.34323],[110.5949,27.35198],[110.59802,27.35969],[110.6025,27.36635],[110.60833,27.37198],[110.61542,27.37583],[110.62375,27.37792],[110.63333,27.37823],[110.64417,27.37677],[110.65271,27.37505],[110.65896,27.37307],[110.66292,27.37083],[110.66458,27.36833],[110.66661,27.36724],[110.66901,27.36755],[110.67177,27.36927],[110.6749,27.3724],[110.67807,27.37448],[110.6813,27.37552],[110.68458,27.37552],[110.68792,27.37448],[110.69266,27.37568],[110.6988,27.37912],[110.70635,27.38479],[110.71531,27.39271],[110.72198,27.40047],[110.72635,27.40807],[110.72844,27.41552],[110.72823,27.42281],[110.72615,27.42792],[110.72219,27.43083],[110.71635,27.43156],[110.70865,27.4301],[110.70328,27.43099],[110.70026,27.43422],[110.69958,27.43979],[110.70125,27.44771],[110.70516,27.455],[110.7113,27.46167],[110.71969,27.46771],[110.73031,27.47313],[110.74026,27.47964],[110.74953,27.48724],[110.75812,27.49594],[110.76604,27.50573],[110.77135,27.51406],[110.77406,27.52094],[110.77417,27.52635],[110.77167,27.53031],[110.77171,27.53483],[110.77431,27.53991],[110.77945,27.54555],[110.78714,27.55175],[110.79476,27.55789],[110.8023,27.56397],[110.80978,27.56999],[110.81718,27.57595],[110.82459,27.58192],[110.83199,27.58788],[110.8394,27.59384],[110.8468,27.59981],[110.8527,27.60636],[110.85708,27.61351],[110.85995,27.62125],[110.8613,27.62958],[110.86265,27.63792],[110.86401,27.64625],[110.86536,27.65458],[110.86672,27.66292],[110.86544,27.66984],[110.86154,27.67537],[110.855,27.67948],[110.84583,27.68219],[110.83849,27.68643],[110.83297,27.69221],[110.82927,27.69953],[110.8274,27.70839],[110.82552,27.71724],[110.82365,27.72609],[110.82177,27.73495],[110.8199,27.7438],[110.81693,27.7507],[110.81287,27.75565],[110.80771,27.75865],[110.80146,27.75969],[110.79516,27.76281],[110.7888,27.76802],[110.7824,27.77531],[110.77594,27.78469],[110.77229,27.79458],[110.77146,27.805],[110.77344,27.81594],[110.77823,27.8274],[110.78099,27.83755],[110.78172,27.84641],[110.78042,27.85396],[110.77708,27.86021],[110.77508,27.8668],[110.7744,27.87372],[110.77505,27.88099],[110.77703,27.88859],[110.77901,27.8962],[110.78099,27.9038],[110.78297,27.91141],[110.78495,27.91901],[110.78872,27.92654],[110.7943,27.93399],[110.80166,27.94136],[110.81083,27.94865],[110.81771,27.9551],[110.82229,27.96073],[110.82458,27.96552],[110.82458,27.96948],[110.82667,27.97432],[110.83083,27.98005],[110.83708,27.98667],[110.84541,27.99417],[110.85213,28.00198],[110.85724,28.0101],[110.86073,28.01854],[110.8626,28.02729],[110.86557,28.03516],[110.86963,28.04214],[110.87479,28.04823],[110.88104,28.05344],[110.88458,28.05891],[110.88542,28.06464],[110.88354,28.07063],[110.87896,28.07688],[110.87422,28.08109],[110.86932,28.08328],[110.86427,28.08344],[110.85906,28.08156],[110.85453,28.08089],[110.85068,28.08141],[110.8475,28.08313],[110.845,28.08604],[110.84161,28.08807],[110.83734,28.08922],[110.83219,28.08948],[110.82615,28.08885],[110.82307,28.09042],[110.82297,28.09417],[110.82583,28.1001],[110.83167,28.10823],[110.83432,28.11573],[110.8338,28.1226],[110.83011,28.12885],[110.82323,28.13448],[110.82005,28.14068],[110.82057,28.14745],[110.82479,28.15479],[110.83271,28.16271],[110.83943,28.17068],[110.84495,28.1787],[110.84927,28.18677],[110.85239,28.1949],[110.85365,28.20172],[110.85302,28.20724],[110.85052,28.21146],[110.84615,28.21438],[110.84172,28.21583],[110.83724,28.21583],[110.83271,28.21438],[110.82812,28.21146],[110.82328,28.20974],[110.81818,28.20922],[110.81281,28.2099],[110.80719,28.21177],[110.80188,28.21422],[110.79688,28.21724],[110.79219,28.22083],[110.78781,28.225],[110.78583,28.22958],[110.78625,28.23458],[110.78906,28.24],[110.79427,28.24583],[110.7976,28.25151],[110.79906,28.25703],[110.79865,28.2624],[110.79635,28.2676],[110.79073,28.27214],[110.78177,28.27599],[110.76948,28.27917],[110.75386,28.28167],[110.7413,28.28474],[110.73182,28.28839],[110.72542,28.2926],[110.72208,28.2974],[110.72167,28.30349],[110.72416,28.31089],[110.72958,28.31958],[110.73791,28.32958],[110.74607,28.33779],[110.75403,28.34419],[110.76182,28.3488],[110.76942,28.35162],[110.77703,28.35443],[110.78463,28.35724],[110.79224,28.36005],[110.79984,28.36287],[110.80654,28.36576],[110.81232,28.36872],[110.81719,28.37177],[110.82115,28.3749],[110.82411,28.37823],[110.82609,28.38177],[110.82708,28.38552],[110.82708,28.38948],[110.82896,28.39333],[110.83271,28.39708],[110.83833,28.40073],[110.84583,28.40427],[110.85344,28.40688],[110.86115,28.40854],[110.86896,28.40927],[110.87688,28.40906],[110.88625,28.41011],[110.89708,28.4124],[110.90937,28.41594],[110.92312,28.42074],[110.93687,28.42553],[110.95062,28.43032],[110.96437,28.43511],[110.97812,28.4399],[110.98963,28.44256],[110.99891,28.44307],[111.00594,28.44146],[111.01073,28.43771],[111.01557,28.43495],[111.02047,28.43318],[111.02542,28.4324],[111.03042,28.4326],[111.03557,28.43411],[111.04088,28.43693],[111.04635,28.44104],[111.05198,28.44646],[111.05864,28.45122],[111.06635,28.45534],[111.0751,28.45881],[111.08489,28.46162],[111.09468,28.46443],[111.10448,28.46724],[111.11427,28.47006],[111.12406,28.47287],[111.13203,28.47763],[111.13818,28.48435],[111.1425,28.49302],[111.145,28.50365],[111.14844,28.51146],[111.15281,28.51646],[111.15813,28.51865],[111.16438,28.51802],[111.17125,28.51901],[111.17875,28.52162],[111.18687,28.52583],[111.19562,28.53167],[111.20318,28.53505],[111.20953,28.53599],[111.21469,28.53448],[111.21865,28.53052],[111.22281,28.52828],[111.22719,28.52776],[111.23177,28.52896],[111.23656,28.53188],[111.24214,28.53318],[111.24849,28.53287],[111.25563,28.53094],[111.26354,28.5274],[111.27276,28.52479],[111.28328,28.52313],[111.2951,28.5224],[111.30823,28.52261],[111.32062,28.52479],[111.33229,28.52896],[111.34323,28.53511],[111.35343,28.54323],[111.36271,28.54854],[111.37104,28.55104],[111.37844,28.55073],[111.3849,28.5476],[111.39229,28.54635],[111.40062,28.54698],[111.40989,28.54948],[111.4201,28.55386],[111.42953,28.55708],[111.43818,28.55917],[111.44604,28.5601],[111.45313,28.5599],[111.46159,28.5624],[111.47143,28.56761],[111.48264,28.57553],[111.49524,28.58615],[111.50627,28.59545],[111.51572,28.60342],[111.5236,28.61006],[111.5299,28.61537],[111.53621,28.62068],[111.54251,28.626],[111.54882,28.63131],[111.55512,28.63662],[111.56131,28.64013],[111.56738,28.64185],[111.57333,28.64177],[111.57917,28.6399],[111.58401,28.6375],[111.58786,28.63458],[111.59073,28.63115],[111.5926,28.62719],[111.59533,28.62439],[111.5989,28.62277],[111.60333,28.62231],[111.6086,28.62301],[111.61514,28.62388],[111.62295,28.62493],[111.63204,28.62614],[111.64239,28.62752],[111.65046,28.62673],[111.65627,28.62377],[111.65979,28.61865],[111.66104,28.61135],[111.66328,28.60547],[111.66651,28.60099],[111.67073,28.59792],[111.67594,28.59625],[111.68182,28.59604],[111.68838,28.59729],[111.69562,28.6],[111.70354,28.60417],[111.70943,28.60979],[111.71328,28.61688],[111.7151,28.62542],[111.7149,28.63542],[111.71682,28.64349],[111.72088,28.64964],[111.72708,28.65386],[111.73542,28.65615],[111.74187,28.65948],[111.74646,28.66385],[111.74917,28.66927],[111.75,28.67573],[111.7526,28.6801],[111.75698,28.6824],[111.76313,28.6826],[111.77104,28.68073],[111.77703,28.6774],[111.78109,28.6726],[111.78323,28.66635],[111.78344,28.65865],[111.78505,28.65271],[111.78807,28.64854],[111.7925,28.64615],[111.79833,28.64552],[111.80292,28.64417],[111.80625,28.64208],[111.80833,28.63927],[111.80917,28.63573],[111.8113,28.63219],[111.81474,28.62865],[111.81948,28.6251],[111.82552,28.62156],[111.83094,28.62042],[111.83573,28.62167],[111.8399,28.62531],[111.84344,28.63135],[111.84708,28.63536],[111.85083,28.63734],[111.85469,28.63729],[111.85865,28.63521],[111.86344,28.63396],[111.86906,28.63354],[111.87552,28.63396],[111.88281,28.63521],[111.88979,28.63854],[111.89646,28.64396],[111.90281,28.65146],[111.90885,28.66104],[111.91578,28.66646],[111.92359,28.66771],[111.93229,28.66479],[111.94188,28.65771],[111.95334,28.65203],[111.96667,28.64776],[111.98188,28.6449],[111.99896,28.64344],[112.01344,28.64081],[112.02531,28.63701],[112.03459,28.63203],[112.04126,28.62589],[112.04792,28.61974],[112.05459,28.6136],[112.06126,28.60745],[112.06792,28.6013],[112.07219,28.59576],[112.07406,28.59081],[112.07354,28.58646],[112.07062,28.58271],[112.0663,28.57969],[112.06057,28.5774],[112.05344,28.57583],[112.0449,28.575],[112.03753,28.57258],[112.03133,28.56857],[112.0263,28.56297],[112.02244,28.55578],[112.01859,28.54859],[112.01474,28.54141],[112.01088,28.53422],[112.00703,28.52703],[112.00549,28.52096],[112.00628,28.51602],[112.00938,28.51219],[112.01479,28.50948],[112.01958,28.50443],[112.02375,28.49703],[112.02729,28.48729],[112.03021,28.47521],[112.03182,28.46401],[112.03214,28.4537],[112.03115,28.44427],[112.02885,28.43573],[112.0287,28.42859],[112.03068,28.42286],[112.03479,28.41854],[112.04104,28.41563],[112.0474,28.41099],[112.05386,28.40464],[112.06042,28.39656],[112.06709,28.38677],[112.07,28.37859],[112.06917,28.37203],[112.06458,28.36708],[112.05625,28.36375],[112.05021,28.36057],[112.04646,28.35755],[112.045,28.35469],[112.04583,28.35198],[112.04516,28.35004],[112.04297,28.34886],[112.03927,28.34846],[112.03407,28.34882],[112.02844,28.3492],[112.0224,28.34962],[112.01594,28.35007],[112.00907,28.35054],[112.00375,28.34918],[112.0,28.34598],[111.99781,28.34094],[111.99719,28.33406],[111.99469,28.32802],[111.99031,28.32281],[111.98406,28.31844],[111.97594,28.3149],[111.96932,28.30901],[111.96422,28.30078],[111.96062,28.29021],[111.95854,28.27729],[111.95865,28.26609],[111.96094,28.25661],[111.96542,28.24885],[111.97208,28.24281],[111.97563,28.23708],[111.97604,28.23167],[111.97333,28.22656],[111.9675,28.22177],[111.96297,28.21667],[111.95974,28.21125],[111.95781,28.20552],[111.95719,28.19948],[111.95495,28.19385],[111.95109,28.18865],[111.94562,28.18385],[111.93854,28.17948],[111.93328,28.17412],[111.92984,28.16776],[111.92823,28.16042],[111.92844,28.15208],[111.92635,28.14307],[111.92198,28.13339],[111.91531,28.12302],[111.90635,28.11198],[111.89661,28.1049],[111.88609,28.10177],[111.87479,28.10261],[111.86271,28.1074],[111.85276,28.10875],[111.84495,28.10667],[111.83927,28.10115],[111.83573,28.09219],[111.83068,28.085],[111.82411,28.07958],[111.81604,28.07594],[111.80646,28.07406],[111.79961,28.07083],[111.7955,28.06625],[111.79412,28.06031],[111.79547,28.05302],[111.79661,28.04687],[111.79754,28.04186],[111.79826,28.03798],[111.79877,28.03525],[111.79936,28.03206],[111.80004,28.02842],[111.8008,28.02431],[111.80165,28.01975],[111.80145,28.01613],[111.80021,28.01343],[111.79792,28.01167],[111.79458,28.01083],[111.79099,28.01109],[111.78714,28.01245],[111.78302,28.0149],[111.77865,28.01844],[111.77401,28.02073],[111.76911,28.02177],[111.76396,28.02156],[111.75854,28.0201],[111.75443,28.01974],[111.75161,28.02047],[111.7501,28.02229],[111.7499,28.02521],[111.74823,28.02677],[111.7451,28.02698],[111.74052,28.02583],[111.73448,28.02333],[111.72802,28.01999],[111.72114,28.0158],[111.71385,28.01076],[111.70613,28.00488],[111.69842,27.99899],[111.69071,27.99311],[111.683,27.98723],[111.67529,27.98134],[111.66758,27.97546],[111.65987,27.96957],[111.65216,27.96368],[111.64446,27.9578],[111.63675,27.95191],[111.62904,27.94602],[111.62134,27.94014],[111.61364,27.93425],[111.60802,27.92827],[111.60448,27.9222],[111.60302,27.91604],[111.60365,27.90979],[111.60604,27.90482],[111.61021,27.90112],[111.61615,27.8987],[111.62386,27.89755],[111.63156,27.89641],[111.63927,27.89526],[111.64698,27.89412],[111.65469,27.89297],[111.66109,27.89143],[111.6662,27.88951],[111.67,27.88719],[111.6725,27.88448],[111.67406,27.88109],[111.67469,27.87703],[111.67437,27.87229],[111.67312,27.86688],[111.6712,27.86177],[111.66859,27.85698],[111.66531,27.8525],[111.66135,27.84834],[111.65739,27.84417],[111.65343,27.84],[111.64947,27.83584],[111.64551,27.83167],[111.64056,27.82646],[111.63463,27.82021],[111.6277,27.81292],[111.61979,27.80459],[111.61041,27.79813],[111.59958,27.79354],[111.58729,27.79084],[111.57354,27.79],[111.5624,27.79],[111.55385,27.79083],[111.54792,27.7925],[111.54458,27.795],[111.5425,27.79766],[111.54167,27.80047],[111.54208,27.80344],[111.54375,27.80656],[111.54411,27.8087],[111.54318,27.80984],[111.54094,27.81],[111.5374,27.80917],[111.53385,27.80654],[111.53031,27.80211],[111.52677,27.79589],[111.52323,27.78787],[111.51968,27.77984],[111.51614,27.77182],[111.5126,27.7638],[111.50906,27.75578],[111.5076,27.74818],[111.50823,27.74099],[111.51094,27.73422],[111.51573,27.72787],[111.52053,27.72151],[111.52532,27.71516],[111.53011,27.7088],[111.5349,27.70245],[111.53833,27.69617],[111.54042,27.68997],[111.54115,27.68385],[111.54052,27.67781],[111.53838,27.67078],[111.53474,27.66276],[111.52958,27.65375],[111.52291,27.64375],[111.51906,27.63526],[111.51802,27.62828],[111.51979,27.62281],[111.52438,27.61885],[111.52885,27.61656],[111.53323,27.61594],[111.5375,27.61698],[111.54167,27.61969],[111.54615,27.62078],[111.55094,27.62026],[111.55604,27.61813],[111.56146,27.61438],[111.56302,27.60802],[111.56073,27.59906],[111.55458,27.5875],[111.54458,27.57333],[111.5388,27.56151],[111.53724,27.55203],[111.5399,27.5449],[111.54677,27.5401],[111.55245,27.53724],[111.55693,27.5363],[111.56021,27.53729],[111.56229,27.54021],[111.56443,27.54208],[111.56661,27.54292],[111.56885,27.54271],[111.57115,27.54146],[111.57315,27.53896],[111.57487,27.53521],[111.5763,27.53021],[111.57745,27.52396],[111.57859,27.51771],[111.57974,27.51146],[111.58089,27.50521],[111.58203,27.49896],[111.58206,27.49234],[111.58096,27.48536],[111.57875,27.47802],[111.57542,27.47031],[111.57385,27.46307],[111.57406,27.4563],[111.57604,27.45],[111.57979,27.44417],[111.58323,27.43969],[111.58635,27.43656],[111.58917,27.43479],[111.59167,27.43438],[111.59422,27.4351],[111.59682,27.43698],[111.59948,27.44],[111.60219,27.44417],[111.60516,27.44677],[111.60839,27.44781],[111.61188,27.44729],[111.61563,27.44521],[111.61953,27.44573],[111.62359,27.44885],[111.62781,27.45458],[111.63219,27.46292],[111.63729,27.47063],[111.64312,27.47771],[111.64969,27.48417],[111.65698,27.49],[111.6649,27.49354],[111.67344,27.49479],[111.68261,27.49375],[111.6924,27.49042],[111.70198,27.4888],[111.71135,27.48891],[111.72052,27.49073],[111.72948,27.49427],[111.73724,27.49568],[111.7438,27.49495],[111.74917,27.49208],[111.75333,27.48708],[111.75807,27.48359],[111.76339,27.48162],[111.76927,27.48115],[111.77573,27.48219],[111.78078,27.48219],[111.78443,27.48115],[111.78667,27.47906],[111.7875,27.47594],[111.78953,27.47422],[111.79276,27.47391],[111.79719,27.475],[111.80281,27.4775],[111.80615,27.47724],[111.80719,27.47422],[111.80594,27.46844],[111.80239,27.4599],[111.80088,27.45302],[111.80141,27.44781],[111.80396,27.44427],[111.80854,27.4424],[111.81188,27.43792],[111.81396,27.43083],[111.81479,27.42115],[111.81437,27.40885],[111.81568,27.39901],[111.8187,27.39161],[111.82344,27.38667],[111.8299,27.38417],[111.83526,27.38078],[111.83953,27.37651],[111.84271,27.37135],[111.84479,27.36531],[111.8474,27.36068],[111.85052,27.35745],[111.85417,27.35563],[111.85833,27.35521],[111.86104,27.35328],[111.86229,27.34984],[111.86208,27.3449],[111.86042,27.33844],[111.8601,27.33307],[111.86115,27.3288],[111.86354,27.32563],[111.86729,27.32354],[111.86932,27.32125],[111.86964,27.31875],[111.86823,27.31604],[111.8651,27.31313],[111.86411,27.31052],[111.86526,27.30823],[111.86854,27.30625],[111.87396,27.30458],[111.87714,27.3024],[111.87807,27.29969],[111.87677,27.29646],[111.87323,27.29271],[111.87099,27.28906],[111.87005,27.28552],[111.87042,27.28208],[111.87208,27.27875],[111.87208,27.27516],[111.87042,27.2713],[111.86708,27.26719],[111.86208,27.26281],[111.8599,27.25729],[111.86052,27.25063],[111.86396,27.24281],[111.87021,27.23385],[111.87563,27.22776],[111.88021,27.22453],[111.88396,27.22417],[111.88687,27.22667],[111.88979,27.22786],[111.89271,27.22776],[111.89563,27.22635],[111.89854,27.22365],[111.90018,27.21979],[111.90055,27.21479],[111.89963,27.20865],[111.89745,27.20135],[111.89526,27.19406],[111.89307,27.18677],[111.89088,27.17948],[111.8887,27.17219],[111.88596,27.1663],[111.88268,27.16182],[111.87885,27.15875],[111.87448,27.15708],[111.87,27.15404],[111.86541,27.14961],[111.86073,27.1438],[111.85593,27.13662],[111.85114,27.12943],[111.84635,27.12224],[111.84156,27.11505],[111.83677,27.10787],[111.83161,27.10221],[111.82609,27.0981],[111.82021,27.09552],[111.81396,27.09448],[111.80813,27.09453],[111.80271,27.09568],[111.79771,27.09792],[111.79313,27.10125],[111.78844,27.10266],[111.78365,27.10214],[111.77875,27.09969],[111.77375,27.09531],[111.76984,27.09052],[111.76703,27.08531],[111.76531,27.07969],[111.76469,27.07365],[111.7626,27.06896],[111.75906,27.06563],[111.75406,27.06365],[111.7476,27.06302],[111.74089,27.0637],[111.73391,27.06568],[111.72667,27.06896],[111.71917,27.07354],[111.71385,27.07583],[111.71073,27.07583],[111.70979,27.07354],[111.71104,27.06896],[111.71068,27.06505],[111.7087,27.06182],[111.7051,27.05927],[111.6999,27.0574],[111.69604,27.0549],[111.69354,27.05177],[111.6924,27.04802],[111.6926,27.04365],[111.69109,27.0413],[111.68787,27.04099],[111.68292,27.04271],[111.67625,27.04646],[111.67016,27.04703],[111.66463,27.04443],[111.65969,27.03865],[111.65531,27.02969],[111.65016,27.02266],[111.64422,27.01755],[111.6375,27.01438],[111.63,27.01313],[111.62359,27.01042],[111.61828,27.00625],[111.61406,27.00063],[111.61094,26.99354],[111.60588,26.98719],[111.5989,26.98156],[111.59,26.97667],[111.57917,26.9725],[111.57042,26.96677],[111.56375,26.95948],[111.55917,26.95063],[111.55667,26.94021],[111.55213,26.9313],[111.54557,26.92391],[111.53698,26.91802],[111.52635,26.91365],[111.51864,26.90932],[111.51385,26.90505],[111.51198,26.90083],[111.51302,26.89667],[111.51589,26.89219],[111.52057,26.8874],[111.52708,26.88229],[111.53542,26.87688],[111.54073,26.86953],[111.54302,26.86026],[111.54229,26.84906],[111.53854,26.83594],[111.53312,26.82427],[111.52604,26.81406],[111.51729,26.80531],[111.50687,26.79802],[111.49781,26.79219],[111.4901,26.78781],[111.48375,26.7849],[111.47875,26.78344],[111.47427,26.78354],[111.47031,26.78521],[111.46688,26.78844],[111.46396,26.79323],[111.4612,26.79656],[111.45859,26.79844],[111.45615,26.79885],[111.45385,26.79781],[111.45276,26.79563],[111.45286,26.79229],[111.45417,26.78781],[111.45667,26.78219],[111.4576,26.77755],[111.45698,26.77391],[111.45479,26.77125],[111.45104,26.76958],[111.44677,26.76896],[111.44198,26.76938],[111.43667,26.77083],[111.43083,26.77333],[111.42622,26.77672],[111.42284,26.78099],[111.42068,26.78615],[111.41974,26.79219],[111.4188,26.79823],[111.41787,26.80427],[111.41693,26.81031],[111.41599,26.81635],[111.41451,26.82089],[111.41247,26.82391],[111.4099,26.82542],[111.40677,26.82542],[111.40401,26.82682],[111.40161,26.82964],[111.39958,26.83385],[111.39792,26.83948],[111.3938,26.84599],[111.38724,26.85339],[111.37823,26.86167],[111.36677,26.87084],[111.35776,26.87568],[111.3512,26.8762],[111.34708,26.8724],[111.34542,26.86427],[111.34156,26.8562],[111.33552,26.84818],[111.32729,26.84021],[111.31687,26.83229],[111.30935,26.82349],[111.30471,26.8138],[111.30297,26.80323],[111.30412,26.79177],[111.30526,26.78031],[111.30641,26.76885],[111.30755,26.7574],[111.3087,26.74594],[111.30659,26.73609],[111.30122,26.72787],[111.2926,26.72125],[111.28073,26.71625],[111.27271,26.71068],[111.26854,26.70453],[111.26823,26.69781],[111.27177,26.69052],[111.27406,26.68151],[111.2751,26.67078],[111.2749,26.65833],[111.27344,26.64417],[111.27365,26.63104],[111.27552,26.61896],[111.27906,26.60792],[111.28427,26.59792],[111.28787,26.58802],[111.28984,26.57823],[111.29021,26.56854],[111.28896,26.55896],[111.28661,26.55115],[111.28318,26.5451],[111.27865,26.54083],[111.27302,26.53833],[111.26771,26.53792],[111.26271,26.53958],[111.25802,26.54333],[111.25365,26.54917],[111.25057,26.55177],[111.2488,26.55115],[111.24833,26.54729],[111.24917,26.54021],[111.2487,26.53495],[111.24693,26.53151],[111.24385,26.5299],[111.23948,26.5301],[111.23526,26.52875],[111.2312,26.52583],[111.22729,26.52135],[111.22354,26.51531],[111.21922,26.51266],[111.21432,26.51339],[111.20886,26.5175],[111.20281,26.525],[111.19781,26.53255],[111.19385,26.54016],[111.19094,26.54781],[111.18906,26.55552],[111.18625,26.56214],[111.1825,26.56766],[111.17781,26.57208],[111.17219,26.57542],[111.16792,26.57927],[111.165,26.58365],[111.16344,26.58854],[111.16323,26.59396],[111.16115,26.59839],[111.15719,26.60182],[111.15135,26.60427],[111.14365,26.60573],[111.1376,26.60781],[111.13323,26.61052],[111.13052,26.61385],[111.12948,26.61781],[111.1275,26.62021],[111.12458,26.62104],[111.12073,26.62031],[111.11594,26.61802],[111.11187,26.61469],[111.10854,26.61031],[111.10594,26.6049],[111.10406,26.59844],[111.10031,26.59349],[111.09469,26.59005],[111.08719,26.58813],[111.07781,26.58771],[111.07073,26.58492],[111.06594,26.57977],[111.06344,26.57224],[111.06323,26.56234],[111.06302,26.55245],[111.06281,26.54255],[111.0626,26.53266],[111.0624,26.52276],[111.06088,26.51138],[111.05807,26.49852],[111.05396,26.48417],[111.04854,26.46833],[111.04182,26.45557],[111.0338,26.44589],[111.02448,26.43927],[111.01385,26.43573],[111.00375,26.43141],[110.99416,26.4263],[110.9851,26.42042],[110.97656,26.41375],[110.97047,26.40776],[110.96682,26.40245],[110.96563,26.39781],[110.96688,26.39385],[110.96609,26.39021],[110.96328,26.38688],[110.95844,26.38385],[110.95156,26.38115],[110.94641,26.37635],[110.94297,26.36948],[110.94125,26.36052],[110.94125,26.34948],[110.94005,26.34057],[110.93766,26.3338],[110.93406,26.32917],[110.92927,26.32667],[110.92646,26.32286],[110.92563,26.31776],[110.92677,26.31135],[110.9299,26.30365],[110.93161,26.29583],[110.93193,26.28792],[110.93083,26.2799],[110.92833,26.27177],[110.92411,26.26396],[110.91818,26.25646],[110.91052,26.24927],[110.90114,26.2424],[110.89375,26.23552],[110.88833,26.22865],[110.8849,26.22177],[110.88344,26.2149],[110.88109,26.20922],[110.87786,26.20474],[110.87375,26.20146],[110.86875,26.19938],[110.86562,26.19688],[110.86438,26.19396],[110.865,26.19063],[110.8675,26.18688],[110.86769,26.18232],[110.86558,26.17696],[110.86116,26.1708],[110.85443,26.16383],[110.8477,26.15686],[110.84097,26.14989],[110.83425,26.14292],[110.82752,26.13595],[110.82017,26.12832],[110.81218,26.12003],[110.80355,26.11109],[110.7943,26.10149],[110.78637,26.09173],[110.77976,26.08183],[110.77448,26.07177],[110.77052,26.06156],[110.76578,26.05224],[110.76026,26.0438],[110.75396,26.03625],[110.74687,26.02958],[110.74255,26.02193],[110.74099,26.01328],[110.74219,26.00365],[110.74615,25.99302],[110.74823,25.98401],[110.74844,25.97661],[110.74677,25.97083],[110.74323,25.96667],[110.73943,25.96349],[110.73536,25.9613],[110.73104,25.9601],[110.72646,25.9599],[110.72266,25.95714],[110.71963,25.95182],[110.7174,25.94396],[110.71594,25.93354],[110.71344,25.92505],[110.7099,25.91849],[110.70531,25.91385],[110.69969,25.91115],[110.69271,25.90604],[110.68437,25.89854],[110.67468,25.88865],[110.66364,25.87636],[110.65484,25.86537],[110.64828,25.85568],[110.64396,25.84729],[110.64187,25.84021],[110.63917,25.83432],[110.63583,25.82964],[110.63187,25.82615],[110.62729,25.82385],[110.62078,25.82344],[110.61235,25.8249],[110.60198,25.82823],[110.58969,25.83344],[110.57932,25.83651],[110.57089,25.83745],[110.56437,25.83625],[110.55979,25.83292],[110.55484,25.83068],[110.54953,25.82953],[110.54385,25.82948],[110.53781,25.83052],[110.53276,25.83281],[110.5287,25.83635],[110.52563,25.84115],[110.52354,25.84719],[110.52031,25.8525],[110.51594,25.85708],[110.51042,25.86094],[110.50375,25.86406],[110.49714,25.86854],[110.49057,25.87438],[110.48406,25.88156],[110.47761,25.8901],[110.47245,25.89734],[110.46859,25.90328],[110.46604,25.90792],[110.46479,25.91125],[110.46505,25.9138],[110.46682,25.91557],[110.4701,25.91656]]]]}},{"type":"Feature","properties":{"basin_id":"basins_heihe"},"geometry":{"type":"MultiPolygon","coordinates":[[[[97.68514,38.98302],[97.68514,38.99198],[97.6804,39.00103],[97.67091,39.01016],[97.65668,39.01938],[97.6377,39.02869],[97.61871,39.038],[97.59972,39.0473],[97.58073,39.05659],[97.56173,39.06589],[97.54272,39.07518],[97.52371,39.08447],[97.5047,39.09375],[97.48568,39.10304],[97.46665,39.11231],[97.44762,39.12159],[97.42858,39.13086],[97.40954,39.14013],[97.39456,39.15178],[97.38363,39.1658],[97.37676,39.18221],[97.37395,39.20099],[97.37114,39.21978],[97.36833,39.23856],[97.36551,39.25735],[97.3627,39.27613],[97.36661,39.29144],[97.37724,39.30326],[97.39461,39.31161],[97.41871,39.31647],[97.44205,39.31885],[97.46462,39.31874],[97.48643,39.31615],[97.50747,39.31108],[97.52778,39.31108],[97.54735,39.31615],[97.5662,39.32629],[97.58433,39.3415],[97.60573,39.3556],[97.6304,39.3686],[97.65836,39.38049],[97.68959,39.39127],[97.71692,39.4007],[97.74036,39.40878],[97.75989,39.4155],[97.77552,39.42088],[97.79115,39.42625],[97.80679,39.43163],[97.82242,39.437],[97.83806,39.44237],[97.84612,39.44934],[97.84658,39.45793],[97.83945,39.46813],[97.82473,39.47993],[97.8156,39.49302],[97.81205,39.5074],[97.81409,39.52306],[97.82173,39.54],[97.8224,39.55613],[97.81609,39.57145],[97.80279,39.58594],[97.78252,39.59962],[97.76623,39.61487],[97.75393,39.63167],[97.74563,39.65004],[97.74132,39.66997],[97.7406,39.68855],[97.74345,39.70579],[97.74989,39.72169],[97.75992,39.73624],[97.76995,39.75079],[97.77998,39.76534],[97.79002,39.77988],[97.80007,39.79443],[97.81239,39.80684],[97.827,39.8171],[97.84388,39.82521],[97.86305,39.83119],[97.87907,39.83922],[97.89196,39.84933],[97.9017,39.86149],[97.90829,39.87573],[97.91813,39.88927],[97.93122,39.90212],[97.94756,39.91428],[97.96714,39.92574],[97.98649,39.93146],[98.0056,39.93144],[98.02447,39.92569],[98.0431,39.9142],[98.06172,39.90271],[98.08033,39.89122],[98.09893,39.87973],[98.11753,39.86823],[98.13504,39.86116],[98.15147,39.85854],[98.16681,39.86036],[98.18108,39.86661],[98.19534,39.87286],[98.20961,39.87911],[98.22389,39.88536],[98.23816,39.89161],[98.25091,39.90166],[98.26212,39.91553],[98.2718,39.93322],[98.27995,39.95471],[98.2881,39.9762],[98.29626,39.9977],[98.30443,40.01919],[98.3126,40.04068],[98.32306,40.0592],[98.33583,40.07474],[98.35089,40.0873],[98.36825,40.09688],[98.38283,40.10758],[98.39462,40.11939],[98.40363,40.13233],[98.40985,40.14638],[98.41607,40.16043],[98.4223,40.17448],[98.42853,40.18853],[98.43476,40.20257],[98.44137,40.21747],[98.44836,40.23323],[98.45574,40.24983],[98.4635,40.26729],[98.47126,40.28049],[98.47903,40.28942],[98.48681,40.2941],[98.49458,40.29451],[98.50035,40.29854],[98.5041,40.30618],[98.50583,40.31743],[98.50556,40.33229],[98.50169,40.34505],[98.49422,40.35571],[98.48316,40.36427],[98.46851,40.37073],[98.46026,40.38014],[98.45841,40.3925],[98.46298,40.40781],[98.47395,40.42608],[98.48005,40.44276],[98.48127,40.45787],[98.47761,40.47139],[98.46907,40.48333],[98.46637,40.49634],[98.46952,40.5104],[98.47853,40.52552],[98.49339,40.5417],[98.49963,40.56021],[98.49725,40.58105],[98.48624,40.60421],[98.46659,40.62969],[98.44575,40.65178],[98.42372,40.67047],[98.40051,40.68575],[98.37612,40.69764],[98.35172,40.70952],[98.32731,40.72139],[98.30289,40.73326],[98.27846,40.74513],[98.25807,40.75139],[98.24171,40.75204],[98.2294,40.74708],[98.22114,40.73653],[98.21017,40.72969],[98.19649,40.72657],[98.18011,40.72716],[98.16101,40.73146],[98.14392,40.73209],[98.12885,40.72903],[98.11579,40.72229],[98.10475,40.71188],[98.09039,40.70649],[98.07272,40.70613],[98.05172,40.71081],[98.02739,40.7205],[98.00306,40.7302],[97.97872,40.73988],[97.95437,40.74957],[97.93002,40.75924],[97.91074,40.76905],[97.89655,40.77899],[97.88743,40.78906],[97.88341,40.79927],[97.87622,40.80669],[97.86587,40.81131],[97.85236,40.81314],[97.83569,40.81217],[97.81902,40.8112],[97.80236,40.81023],[97.78569,40.80925],[97.76903,40.80828],[97.751,40.80905],[97.73162,40.81157],[97.71087,40.81584],[97.68876,40.82185],[97.66665,40.82786],[97.64453,40.83387],[97.62241,40.83987],[97.60028,40.84587],[97.57644,40.84933],[97.55089,40.85025],[97.52364,40.84862],[97.49468,40.84446],[97.46821,40.84463],[97.44423,40.84914],[97.42272,40.85799],[97.40369,40.87119],[97.3882,40.88727],[97.37624,40.90626],[97.36781,40.92814],[97.36292,40.95291],[97.35802,40.97769],[97.35312,41.00246],[97.34822,41.02724],[97.34331,41.05201],[97.33902,41.07369],[97.33534,41.09227],[97.33226,41.10775],[97.32981,41.12014],[97.32735,41.13253],[97.32489,41.14491],[97.32242,41.1573],[97.31996,41.16969],[97.31688,41.18517],[97.31319,41.20375],[97.30887,41.22543],[97.30394,41.2502],[97.29744,41.27179],[97.28939,41.29018],[97.27978,41.30539],[97.2686,41.3174],[97.25743,41.32942],[97.24625,41.34143],[97.23506,41.35344],[97.22387,41.36546],[97.2182,41.37973],[97.21805,41.39625],[97.22342,41.41504],[97.23433,41.43608],[97.23741,41.45391],[97.23266,41.46853],[97.22008,41.47994],[97.19966,41.48813],[97.18468,41.49716],[97.17512,41.50702],[97.17101,41.51771],[97.17233,41.52924],[97.16836,41.54413],[97.1591,41.5624],[97.14454,41.58403],[97.12468,41.60903],[97.10923,41.633],[97.0982,41.65593],[97.09159,41.67783],[97.0894,41.6987],[97.08722,41.71957],[97.08503,41.74043],[97.08284,41.7613],[97.08065,41.78217],[97.08361,41.80243],[97.09174,41.82209],[97.10503,41.84114],[97.12348,41.85958],[97.14103,41.87709],[97.15767,41.89369],[97.17339,41.90937],[97.18819,41.92412],[97.20146,41.9348],[97.21317,41.94142],[97.22333,41.94396],[97.23195,41.94243],[97.23953,41.94349],[97.24609,41.94714],[97.25163,41.95337],[97.25614,41.96219],[97.26398,41.97048],[97.27514,41.97825],[97.28962,41.98548],[97.30742,41.99219],[97.32523,41.99889],[97.34304,42.00559],[97.36086,42.01229],[97.37868,42.01899],[97.39354,42.02861],[97.40546,42.04116],[97.41441,42.05663],[97.42041,42.07504],[97.42641,42.09344],[97.43242,42.11184],[97.43843,42.13024],[97.44445,42.14865],[97.45546,42.16471],[97.47149,42.17843],[97.49252,42.1898],[97.51856,42.19883],[97.54409,42.20411],[97.5691,42.20563],[97.59358,42.20341],[97.61754,42.19744],[97.63707,42.19547],[97.65217,42.19752],[97.66284,42.20358],[97.66909,42.21365],[97.67752,42.21828],[97.68811,42.21749],[97.70088,42.21125],[97.71581,42.19959],[97.73346,42.19211],[97.75384,42.18881],[97.77694,42.1897],[97.80277,42.19477],[97.82322,42.201],[97.83829,42.20839],[97.84798,42.21694],[97.85229,42.22667],[97.86078,42.23576],[97.87347,42.24422],[97.89034,42.25205],[97.91141,42.25924],[97.93248,42.26644],[97.95356,42.27362],[97.97464,42.28081],[97.99572,42.28799],[98.01219,42.29625],[98.02404,42.3056],[98.03126,42.31604],[98.03387,42.32757],[98.03647,42.3391],[98.03907,42.35062],[98.04168,42.36215],[98.04428,42.37368],[98.0499,42.38315],[98.05854,42.39057],[98.07018,42.39594],[98.08484,42.39925],[98.09951,42.40256],[98.11417,42.40586],[98.12884,42.40917],[98.1435,42.41247],[98.15817,42.41577],[98.17284,42.41907],[98.18752,42.42236],[98.20219,42.42566],[98.21686,42.42895],[98.23154,42.43224],[98.24622,42.43553],[98.2609,42.43882],[98.27428,42.4436],[98.28637,42.44986],[98.29717,42.45761],[98.30668,42.46685],[98.31619,42.47608],[98.32571,42.48532],[98.33522,42.49455],[98.34474,42.50379],[98.3498,42.51221],[98.3504,42.51981],[98.34653,42.5266],[98.3382,42.53257],[98.33313,42.54028],[98.33132,42.54972],[98.33277,42.5609],[98.3375,42.57382],[98.3469,42.5886],[98.36099,42.60523],[98.37976,42.62372],[98.40324,42.64407],[98.429,42.65875],[98.45704,42.66777],[98.48737,42.67113],[98.51996,42.66881],[98.54848,42.66678],[98.57292,42.66503],[98.59329,42.66357],[98.60958,42.6624],[98.62588,42.66122],[98.64217,42.66005],[98.65846,42.65887],[98.67475,42.65769],[98.69512,42.65621],[98.71955,42.65443],[98.74806,42.65235],[98.78063,42.64997],[98.80913,42.64787],[98.83356,42.64607],[98.85392,42.64457],[98.8702,42.64336],[98.88649,42.64215],[98.90277,42.64094],[98.91905,42.63973],[98.93533,42.63851],[98.95568,42.63699],[98.9801,42.63516],[99.00859,42.63302],[99.04115,42.63056],[99.06963,42.6284],[99.09405,42.62655],[99.11439,42.625],[99.13067,42.62376],[99.14694,42.62251],[99.16321,42.62127],[99.17949,42.62002],[99.19576,42.61877],[99.21203,42.61752],[99.2283,42.61626],[99.24457,42.615],[99.26084,42.61374],[99.27711,42.61248],[99.29338,42.61122],[99.30964,42.60995],[99.32591,42.60869],[99.34218,42.60741],[99.35844,42.60614],[99.37471,42.60487],[99.39097,42.60359],[99.40724,42.60231],[99.4235,42.60103],[99.43976,42.59975],[99.45602,42.59846],[99.47611,42.59889],[99.50003,42.60104],[99.52779,42.6049],[99.55937,42.61047],[99.59096,42.61604],[99.62256,42.62159],[99.65416,42.62714],[99.68577,42.63268],[99.71423,42.63341],[99.73952,42.62934],[99.76165,42.62046],[99.78061,42.60678],[99.80091,42.59633],[99.82257,42.58911],[99.84559,42.58511],[99.86997,42.58435],[99.89203,42.58784],[99.91178,42.59558],[99.92922,42.60757],[99.94436,42.62382],[99.96289,42.63521],[99.98481,42.64175],[100.01011,42.64342],[100.03879,42.64022],[100.06781,42.63934],[100.09718,42.64076],[100.1269,42.64449],[100.15697,42.65053],[100.18318,42.65699],[100.20554,42.66386],[100.22405,42.67115],[100.23869,42.67887],[100.25334,42.68658],[100.26799,42.69428],[100.28265,42.70199],[100.29731,42.7097],[100.31251,42.71537],[100.32825,42.71901],[100.34452,42.72063],[100.36133,42.72021],[100.37814,42.71979],[100.39494,42.71936],[100.41175,42.71894],[100.42856,42.71851],[100.44537,42.71808],[100.46218,42.71765],[100.47898,42.71721],[100.49579,42.71678],[100.5126,42.71634],[100.5294,42.71589],[100.54621,42.71545],[100.56302,42.715],[100.58402,42.71444],[100.60923,42.71376],[100.63864,42.71296],[100.67225,42.71204],[100.70586,42.71111],[100.73947,42.71017],[100.77307,42.70922],[100.80668,42.70826],[100.83769,42.70624],[100.8661,42.70316],[100.89192,42.69903],[100.91514,42.69384],[100.93836,42.68865],[100.96157,42.68345],[100.98478,42.67825],[101.00798,42.67304],[101.03119,42.66783],[101.05438,42.66261],[101.07758,42.65739],[101.10077,42.65217],[101.12396,42.64694],[101.14714,42.6417],[101.17032,42.63646],[101.1935,42.63122],[101.21667,42.62597],[101.23984,42.62072],[101.263,42.61547],[101.28616,42.6102],[101.30932,42.60494],[101.33247,42.59967],[101.35562,42.5944],[101.37877,42.58912],[101.40191,42.58383],[101.42505,42.57855],[101.44819,42.57326],[101.47132,42.56796],[101.49444,42.56266],[101.51757,42.55735],[101.54069,42.55204],[101.5638,42.54673],[101.58783,42.54276],[101.61276,42.54012],[101.6386,42.53883],[101.66535,42.53888],[101.69164,42.53892],[101.71748,42.53895],[101.74285,42.53898],[101.76777,42.539],[101.78748,42.53683],[101.80198,42.53246],[101.81129,42.5259],[101.81538,42.51715],[101.82042,42.51097],[101.82639,42.50736],[101.8333,42.50632],[101.84115,42.50785],[101.85072,42.50528],[101.86201,42.49861],[101.87502,42.48783],[101.88975,42.47296],[101.90408,42.45848],[101.91801,42.4444],[101.93154,42.43072],[101.94467,42.41743],[101.9578,42.40413],[101.97092,42.39084],[101.98404,42.37755],[101.99715,42.36425],[102.0053,42.3506],[102.0085,42.33659],[102.00674,42.32222],[102.00003,42.3075],[101.99333,42.29278],[101.98663,42.27806],[101.97993,42.26334],[101.97323,42.24861],[101.96415,42.23533],[101.95267,42.22349],[101.93881,42.21309],[101.92256,42.20414],[101.91376,42.19389],[101.91242,42.18236],[101.91852,42.16955],[101.93206,42.15545],[101.93978,42.14335],[101.94168,42.13325],[101.93777,42.12514],[101.92805,42.11903],[101.92178,42.10925],[101.91896,42.09582],[101.91958,42.07872],[101.92365,42.05795],[101.92771,42.03719],[101.93177,42.01642],[101.93583,41.99566],[101.93989,41.9749],[101.93944,41.95722],[101.93449,41.94264],[101.92503,41.93115],[101.91107,41.92275],[101.90491,41.91266],[101.90655,41.90089],[101.91599,41.88744],[101.93321,41.8723],[101.94341,41.85827],[101.9466,41.84535],[101.94277,41.83354],[101.93194,41.82285],[101.92673,41.81306],[101.92715,41.80417],[101.9332,41.79618],[101.94487,41.7891],[101.95177,41.7799],[101.95392,41.76858],[101.95131,41.75514],[101.94395,41.73958],[101.93259,41.72393],[101.91724,41.70817],[101.8979,41.6923],[101.87456,41.67633],[101.85849,41.66185],[101.84968,41.64886],[101.84813,41.63736],[101.85382,41.62736],[101.85349,41.61809],[101.84713,41.60955],[101.83475,41.60174],[101.81635,41.59466],[101.80408,41.58705],[101.79793,41.57893],[101.79792,41.57028],[101.80403,41.56111],[101.80493,41.55177],[101.80062,41.54226],[101.7911,41.53257],[101.77638,41.52271],[101.76645,41.51221],[101.76132,41.50106],[101.76098,41.48927],[101.76542,41.47684],[101.76377,41.46498],[101.75602,41.4537],[101.74218,41.44299],[101.72225,41.43285],[101.70484,41.42591],[101.68995,41.42216],[101.67757,41.4216],[101.66771,41.42424],[101.6564,41.42151],[101.64365,41.41342],[101.62946,41.39997],[101.61384,41.38115],[101.60195,41.36439],[101.5938,41.34971],[101.58937,41.33708],[101.58868,41.32653],[101.59059,41.31856],[101.5951,41.31318],[101.60222,41.31038],[101.61194,41.31018],[101.62255,41.30533],[101.63404,41.29586],[101.64641,41.28174],[101.65965,41.263],[101.67289,41.24425],[101.68612,41.2255],[101.69934,41.20675],[101.71255,41.18799],[101.71983,41.17075],[101.72119,41.15502],[101.71661,41.1408],[101.70612,41.1281],[101.69563,41.11539],[101.68514,41.10268],[101.67466,41.08997],[101.66418,41.07726],[101.65902,41.06346],[101.65917,41.04856],[101.66463,41.03257],[101.67539,41.01549],[101.68053,40.99925],[101.68003,40.98387],[101.67391,40.96934],[101.66218,40.95566],[101.65352,40.94167],[101.64793,40.92736],[101.64542,40.91274],[101.64597,40.89781],[101.64229,40.88427],[101.63437,40.87212],[101.62221,40.86136],[101.60582,40.85198],[101.59453,40.84316],[101.58831,40.8349],[101.58719,40.82719],[101.59115,40.82003],[101.58974,40.81007],[101.58296,40.79729],[101.57082,40.78171],[101.55332,40.7633],[101.54242,40.74879],[101.53812,40.73816],[101.54042,40.73142],[101.54931,40.72858],[101.55565,40.72415],[101.55944,40.71814],[101.56069,40.71056],[101.5594,40.70139],[101.55783,40.6903],[101.55599,40.67728],[101.55387,40.66233],[101.55149,40.64545],[101.54567,40.62759],[101.53642,40.60874],[101.52373,40.58889],[101.50762,40.56806],[101.4881,40.55037],[101.46518,40.53581],[101.43885,40.52439],[101.40912,40.51611],[101.3831,40.50886],[101.36081,40.50263],[101.34224,40.49745],[101.32738,40.49329],[101.31252,40.48914],[101.29767,40.48498],[101.28282,40.48082],[101.26797,40.47666],[101.24892,40.47358],[101.22568,40.47159],[101.19825,40.47067],[101.16662,40.47082],[101.13498,40.47097],[101.10335,40.47111],[101.07172,40.47124],[101.04009,40.47136],[101.01268,40.47322],[100.98951,40.47682],[100.97056,40.48216],[100.95584,40.48924],[100.93882,40.49301],[100.9195,40.49347],[100.8979,40.49061],[100.874,40.48444],[100.8501,40.47827],[100.82622,40.47209],[100.80233,40.4659],[100.77845,40.45971],[100.7573,40.45616],[100.73887,40.45525],[100.72316,40.45698],[100.71018,40.46136],[100.69565,40.46382],[100.67959,40.46438],[100.66199,40.46304],[100.64285,40.45978],[100.62372,40.45652],[100.60459,40.45325],[100.58546,40.44999],[100.56633,40.44672],[100.55035,40.44161],[100.53752,40.43466],[100.52784,40.42587],[100.52132,40.41524],[100.51007,40.40825],[100.4941,40.40489],[100.47341,40.40515],[100.44799,40.40904],[100.42332,40.41054],[100.39939,40.40966],[100.3762,40.4064],[100.35377,40.40075],[100.33408,40.39578],[100.31714,40.39151],[100.30294,40.38793],[100.29148,40.38503],[100.28199,40.38415],[100.27446,40.38527],[100.26889,40.3884],[100.26528,40.39354],[100.25823,40.3932],[100.24773,40.38736],[100.2338,40.37605],[100.21644,40.35924],[100.19949,40.34583],[100.18295,40.33581],[100.16682,40.32919],[100.15108,40.32597],[100.13535,40.32274],[100.11962,40.31951],[100.1039,40.31628],[100.08817,40.31305],[100.07351,40.30884],[100.05991,40.30364],[100.04738,40.29747],[100.03592,40.29032],[100.02446,40.28317],[100.013,40.27602],[100.00155,40.26886],[99.99009,40.26171],[99.9797,40.25707],[99.97036,40.25495],[99.96208,40.25535],[99.95486,40.25826],[99.94896,40.25865],[99.94437,40.25649],[99.94111,40.25181],[99.93917,40.24458],[99.93083,40.23661],[99.91611,40.22789],[99.89501,40.21842],[99.86753,40.20819],[99.84006,40.19795],[99.81259,40.18771],[99.78513,40.17746],[99.75769,40.1672],[99.73481,40.1557],[99.7165,40.14297],[99.70277,40.12899],[99.6936,40.11379],[99.68263,40.1007],[99.66985,40.08973],[99.65527,40.08087],[99.63888,40.07414],[99.62515,40.07014],[99.61408,40.06889],[99.60566,40.07038],[99.5999,40.07462],[99.59576,40.07592],[99.59326,40.07429],[99.5924,40.06972],[99.59316,40.06222],[99.59125,40.05677],[99.58667,40.05337],[99.57941,40.05202],[99.56948,40.05271],[99.55882,40.04997],[99.54742,40.04379],[99.5353,40.03417],[99.52246,40.02111],[99.51117,40.00585],[99.50145,39.98839],[99.49329,39.96872],[99.48669,39.94684],[99.48267,39.92733],[99.48121,39.91017],[99.48233,39.89538],[99.48601,39.88295],[99.49666,39.86921],[99.51428,39.85414],[99.53885,39.83776],[99.57038,39.82005],[99.5986,39.80621],[99.62352,39.79624],[99.64514,39.79014],[99.66347,39.78792],[99.68113,39.78394],[99.69809,39.77819],[99.71438,39.77069],[99.72998,39.76142],[99.74557,39.75215],[99.76116,39.74288],[99.77675,39.73361],[99.79233,39.72433],[99.81079,39.71609],[99.83213,39.70887],[99.85634,39.70269],[99.88343,39.69753],[99.91052,39.69236],[99.9376,39.68719],[99.96468,39.68201],[99.99176,39.67682],[100.01904,39.66977],[100.04653,39.66087],[100.07423,39.6501],[100.10214,39.63748],[100.13003,39.62485],[100.15791,39.61221],[100.18578,39.59956],[100.21364,39.58691],[100.23488,39.57549],[100.2495,39.5653],[100.2575,39.55635],[100.25889,39.54865],[100.26555,39.54415],[100.27749,39.54288],[100.29471,39.54481],[100.3172,39.54996],[100.3397,39.5551],[100.3622,39.56024],[100.3847,39.56538],[100.40721,39.57051],[100.4279,39.57152],[100.44676,39.5684],[100.46381,39.56117],[100.47903,39.54982],[100.49424,39.53847],[100.50945,39.52712],[100.52465,39.51576],[100.53985,39.5044],[100.55538,39.49578],[100.57124,39.48989],[100.58743,39.48674],[100.60396,39.48632],[100.61831,39.48251],[100.63049,39.47531],[100.64048,39.46471],[100.6483,39.45072],[100.65612,39.43672],[100.66393,39.42273],[100.67174,39.40874],[100.67955,39.39474],[100.6853,39.37825],[100.68899,39.35925],[100.69062,39.33776],[100.69021,39.31377],[100.68984,39.29278],[100.68953,39.27478],[100.68927,39.25979],[100.68906,39.24779],[100.68885,39.23579],[100.68864,39.22379],[100.68844,39.2118],[100.68823,39.1998],[100.6901,39.1881],[100.69404,39.1767],[100.70005,39.16559],[100.70814,39.15478],[100.71623,39.14396],[100.72431,39.13315],[100.73239,39.12234],[100.74047,39.11152],[100.75056,39.098],[100.76267,39.08178],[100.77679,39.06285],[100.79291,39.04121],[100.80951,39.02208],[100.82659,39.00544],[100.84414,38.99132],[100.86218,38.97969],[100.8802,38.96806],[100.89822,38.95643],[100.91624,38.94479],[100.93425,38.93316],[100.95262,38.92321],[100.97134,38.91497],[100.99043,38.90842],[101.00988,38.90356],[101.02933,38.89871],[101.04877,38.89385],[101.06821,38.88898],[101.08765,38.88411],[101.10821,38.8768],[101.12988,38.86704],[101.15266,38.85484],[101.17655,38.84018],[101.19855,38.82791],[101.21866,38.81802],[101.23689,38.81051],[101.25324,38.80539],[101.26959,38.80026],[101.28594,38.79513],[101.30228,38.79],[101.31862,38.78486],[101.33905,38.77844],[101.36355,38.77073],[101.39213,38.76173],[101.42479,38.75144],[101.45399,38.74339],[101.47973,38.7376],[101.50203,38.73406],[101.52089,38.73278],[101.53975,38.7315],[101.5586,38.73022],[101.57745,38.72893],[101.59631,38.72764],[101.61296,38.72363],[101.62743,38.71691],[101.63969,38.70747],[101.64976,38.69531],[101.66598,38.68343],[101.68835,38.6718],[101.71686,38.66044],[101.75151,38.64933],[101.7761,38.63683],[101.79062,38.62295],[101.79507,38.60769],[101.78948,38.59106],[101.78389,38.57443],[101.77829,38.5578],[101.77271,38.54117],[101.76712,38.52453],[101.76629,38.51036],[101.7702,38.49864],[101.77886,38.48938],[101.79226,38.48257],[101.80143,38.47476],[101.80635,38.46594],[101.80705,38.45611],[101.8035,38.44528],[101.79698,38.43535],[101.78746,38.42632],[101.77496,38.4182],[101.75947,38.41098],[101.74056,38.40761],[101.71821,38.40811],[101.69243,38.41247],[101.66321,38.42068],[101.63763,38.42785],[101.61571,38.434],[101.59743,38.43912],[101.58281,38.44321],[101.56819,38.44731],[101.55356,38.4514],[101.53894,38.45548],[101.52431,38.45957],[101.51151,38.45758],[101.50054,38.44952],[101.49142,38.43538],[101.48412,38.41518],[101.47489,38.4009],[101.46371,38.39257],[101.45059,38.39018],[101.43552,38.39372],[101.42019,38.39515],[101.4046,38.39448],[101.38874,38.3917],[101.37262,38.3868],[101.35651,38.38191],[101.3404,38.37701],[101.32429,38.37212],[101.30818,38.36722],[101.29585,38.36045],[101.28728,38.35183],[101.28249,38.34135],[101.28146,38.329],[101.28043,38.31666],[101.27941,38.30432],[101.27838,38.29197],[101.27736,38.27963],[101.27608,38.2642],[101.27454,38.24569],[101.27275,38.22408],[101.2707,38.19939],[101.26627,38.17846],[101.25944,38.16127],[101.25023,38.14784],[101.23862,38.13815],[101.22702,38.12846],[101.21543,38.11878],[101.20383,38.10909],[101.19224,38.0994],[101.18461,38.09026],[101.18094,38.08166],[101.18122,38.07361],[101.18545,38.06611],[101.18442,38.05625],[101.17813,38.04403],[101.16658,38.02945],[101.14978,38.01251],[101.13819,37.99605],[101.13183,37.9801],[101.13069,37.96464],[101.13475,37.94967],[101.13882,37.93471],[101.14288,37.91974],[101.14694,37.90478],[101.151,37.88981],[101.15093,37.87649],[101.14674,37.8648],[101.13843,37.85476],[101.126,37.84636],[101.11675,37.83712],[101.11068,37.82705],[101.10778,37.81615],[101.10806,37.80441],[101.10493,37.7957],[101.0984,37.79],[101.08847,37.78733],[101.07514,37.78768],[101.06446,37.79071],[101.05644,37.79644],[101.05108,37.80486],[101.04837,37.81597],[101.03976,37.82575],[101.02525,37.83419],[101.00483,37.8413],[100.97852,37.84706],[100.95724,37.84673],[100.94102,37.8403],[100.92986,37.82778],[100.92374,37.80917],[100.9127,37.79136],[100.89672,37.77435],[100.87581,37.75814],[100.84998,37.74272],[100.82423,37.73406],[100.79855,37.73215],[100.77293,37.73699],[100.74738,37.74859],[100.72636,37.76101],[100.70988,37.77425],[100.69795,37.78832],[100.69056,37.80322],[100.68317,37.81811],[100.67577,37.83301],[100.66837,37.8479],[100.66097,37.8628],[100.64775,37.87529],[100.6287,37.88538],[100.60383,37.89307],[100.57313,37.89835],[100.54426,37.90573],[100.51722,37.9152],[100.492,37.92678],[100.46859,37.94046],[100.44677,37.95062],[100.42652,37.95725],[100.40785,37.96035],[100.39076,37.95994],[100.37384,37.96161],[100.35706,37.96539],[100.34044,37.97126],[100.32397,37.97923],[100.30749,37.98719],[100.29102,37.99515],[100.27453,38.00311],[100.25805,38.01107],[100.24156,38.01902],[100.22507,38.02697],[100.20857,38.03492],[100.19207,38.04287],[100.17557,38.05081],[100.15906,38.05875],[100.14255,38.06669],[100.12603,38.07463],[100.10689,38.07994],[100.08512,38.08263],[100.06073,38.08269],[100.03371,38.08012],[100.00898,38.07997],[99.98652,38.08224],[99.96634,38.08694],[99.94843,38.09407],[99.93051,38.10119],[99.9126,38.1083],[99.89468,38.11542],[99.87675,38.12253],[99.85973,38.12717],[99.84361,38.12934],[99.8284,38.12903],[99.8141,38.12625],[99.79776,38.12685],[99.77938,38.13081],[99.75897,38.13815],[99.73652,38.14885],[99.71406,38.15955],[99.6916,38.17024],[99.66913,38.18093],[99.64665,38.19162],[99.62406,38.1997],[99.60135,38.20518],[99.57854,38.20806],[99.55563,38.20834],[99.53703,38.21117],[99.52276,38.21655],[99.51282,38.22448],[99.50719,38.23497],[99.49612,38.24342],[99.47959,38.24984],[99.45761,38.25422],[99.43019,38.25656],[99.40276,38.25889],[99.37533,38.26122],[99.34789,38.26354],[99.32046,38.26585],[99.29763,38.2714],[99.2794,38.28019],[99.26577,38.29222],[99.25674,38.3075],[99.24556,38.31668],[99.23221,38.31976],[99.21671,38.31673],[99.19907,38.30761],[99.18142,38.29848],[99.16378,38.28935],[99.14615,38.28021],[99.12852,38.27107],[99.10563,38.26499],[99.07748,38.26196],[99.04407,38.26197],[99.00539,38.26502],[98.97386,38.26858],[98.94948,38.27263],[98.93226,38.27719],[98.92219,38.28226],[98.91731,38.28901],[98.91762,38.29745],[98.92312,38.30757],[98.93381,38.31938],[98.93915,38.32934],[98.93911,38.33747],[98.93372,38.34375],[98.92295,38.3482],[98.91979,38.35405],[98.92423,38.36131],[98.93627,38.36997],[98.95593,38.38004],[98.96782,38.39108],[98.97196,38.40309],[98.96834,38.41608],[98.95695,38.43004],[98.9429,38.44125],[98.92618,38.44971],[98.9068,38.45542],[98.88475,38.45838],[98.86271,38.46134],[98.84066,38.46429],[98.81861,38.46723],[98.79655,38.47018],[98.777,38.4752],[98.75993,38.48229],[98.74535,38.49146],[98.73327,38.50271],[98.71678,38.51174],[98.69587,38.51855],[98.67056,38.52314],[98.64084,38.5255],[98.61584,38.52998],[98.59556,38.53657],[98.58001,38.54528],[98.56917,38.55611],[98.55574,38.56527],[98.5397,38.57274],[98.52105,38.57853],[98.49981,38.58263],[98.47856,38.58673],[98.45731,38.59083],[98.43606,38.59492],[98.4148,38.59901],[98.39315,38.60548],[98.37111,38.61433],[98.34866,38.62556],[98.32582,38.63918],[98.30723,38.6483],[98.29292,38.65295],[98.28288,38.65313],[98.27712,38.64882],[98.26734,38.64709],[98.25356,38.64792],[98.23577,38.65133],[98.21397,38.6573],[98.19607,38.66459],[98.18207,38.6732],[98.17199,38.68313],[98.16581,38.69438],[98.15963,38.70563],[98.15345,38.71688],[98.14727,38.72813],[98.14109,38.73938],[98.13273,38.75104],[98.1222,38.76311],[98.10949,38.77558],[98.0946,38.78847],[98.07971,38.80135],[98.06482,38.81423],[98.04992,38.82711],[98.03501,38.83999],[98.01902,38.85128],[98.00195,38.86097],[97.9838,38.86907],[97.96457,38.87557],[97.94534,38.88207],[97.9261,38.88857],[97.90686,38.89507],[97.88762,38.90156],[97.86776,38.90825],[97.8473,38.91514],[97.82622,38.92224],[97.80453,38.92953],[97.78283,38.93682],[97.76113,38.94411],[97.73942,38.95139],[97.71771,38.95867],[97.70143,38.96637],[97.69057,38.97448],[97.68514,38.98302]]]]}},{"type":"Feature","properties":{"basin_id":"basins_hetianhe"},"geometry":{"type":"MultiPolygon","coordinates":[[[[78.6649,36.01302],[78.67677,36.01031],[78.68641,36.00636],[78.6938,36.00115],[78.69896,35.99469],[78.70188,35.98698],[78.7048,35.97927],[78.70771,35.97156],[78.71063,35.96385],[78.71354,35.95615],[78.71474,35.9488],[78.71422,35.94182],[78.71198,35.93521],[78.70802,35.92896],[78.7063,35.92156],[78.70682,35.91302],[78.70959,35.90333],[78.71459,35.8925],[78.71787,35.88313],[78.71943,35.87521],[78.71927,35.86875],[78.7174,35.86375],[78.71349,35.85979],[78.70755,35.85688],[78.69958,35.855],[78.68958,35.85417],[78.68088,35.85156],[78.67349,35.84719],[78.66739,35.84104],[78.6626,35.83313],[78.65458,35.82599],[78.64333,35.81964],[78.62885,35.81407],[78.61114,35.80928],[78.59635,35.80446],[78.58448,35.79961],[78.57552,35.79474],[78.56947,35.78985],[78.56343,35.78495],[78.55739,35.78005],[78.55135,35.77516],[78.54531,35.77026],[78.53625,35.76664],[78.52417,35.7643],[78.50906,35.76323],[78.49094,35.76344],[78.47589,35.76469],[78.46391,35.76698],[78.455,35.77031],[78.44917,35.77469],[78.44339,35.77703],[78.43766,35.77734],[78.43198,35.77563],[78.42635,35.77188],[78.42151,35.76682],[78.41745,35.76047],[78.41417,35.75281],[78.41167,35.74385],[78.40573,35.73646],[78.39635,35.73063],[78.38354,35.72636],[78.36729,35.72365],[78.35219,35.72191],[78.33823,35.72112],[78.32542,35.72131],[78.31375,35.72246],[78.30209,35.7236],[78.29042,35.72475],[78.27875,35.72589],[78.26708,35.72704],[78.25651,35.72482],[78.24703,35.71925],[78.23864,35.71031],[78.23135,35.69802],[78.22349,35.68807],[78.21505,35.68047],[78.20604,35.67521],[78.19646,35.67229],[78.19021,35.66828],[78.18729,35.66318],[78.18771,35.65698],[78.19146,35.64969],[78.19276,35.64286],[78.19161,35.63651],[78.18802,35.63063],[78.18198,35.62521],[78.17797,35.6201],[78.17599,35.61531],[78.17604,35.61083],[78.17813,35.60667],[78.17844,35.60302],[78.17698,35.5999],[78.17375,35.59729],[78.16875,35.59521],[78.16484,35.59125],[78.16203,35.58542],[78.16031,35.57771],[78.15969,35.56813],[78.15776,35.56],[78.15453,35.55333],[78.15,35.54813],[78.14417,35.54438],[78.14114,35.54122],[78.14092,35.53866],[78.14351,35.5367],[78.1489,35.53534],[78.15529,35.53372],[78.16269,35.53184],[78.17109,35.52971],[78.18049,35.52733],[78.18832,35.52335],[78.19458,35.51778],[78.19927,35.51063],[78.2024,35.50188],[78.20604,35.49594],[78.21021,35.49281],[78.2149,35.4925],[78.2201,35.495],[78.22615,35.49505],[78.23302,35.49266],[78.24073,35.48781],[78.24927,35.48052],[78.25547,35.47333],[78.25932,35.46625],[78.26083,35.45927],[78.26,35.4524],[78.26214,35.44625],[78.26724,35.44083],[78.27531,35.43615],[78.28636,35.43219],[78.29599,35.43042],[78.30422,35.43083],[78.31104,35.43344],[78.31646,35.43823],[78.32333,35.44109],[78.33167,35.44203],[78.34146,35.44104],[78.35271,35.43813],[78.36068,35.43458],[78.36536,35.43042],[78.36677,35.42563],[78.3649,35.42021],[78.36578,35.41438],[78.36943,35.40813],[78.37584,35.40146],[78.385,35.39438],[78.395,35.3912],[78.40583,35.39193],[78.41749,35.39657],[78.42999,35.40511],[78.44,35.4111],[78.4475,35.41453],[78.4525,35.41542],[78.455,35.41375],[78.45703,35.4112],[78.45859,35.40776],[78.45969,35.40344],[78.46031,35.39823],[78.45859,35.39104],[78.45453,35.38188],[78.44812,35.37073],[78.43937,35.35761],[78.42994,35.34755],[78.41984,35.34057],[78.40906,35.33667],[78.3976,35.33584],[78.39062,35.33386],[78.38813,35.33073],[78.39011,35.32646],[78.39656,35.32104],[78.3999,35.31524],[78.4001,35.30904],[78.39718,35.30245],[78.39114,35.29547],[78.3851,35.28849],[78.37905,35.28151],[78.37301,35.27453],[78.36697,35.26755],[78.36349,35.26065],[78.36255,35.25383],[78.36417,35.24708],[78.36833,35.24042],[78.37016,35.23557],[78.36964,35.23255],[78.36677,35.23135],[78.36156,35.23198],[78.35474,35.2299],[78.3463,35.22511],[78.33624,35.21761],[78.32458,35.2074],[78.31687,35.19797],[78.31312,35.18932],[78.31333,35.18146],[78.3175,35.17438],[78.32219,35.16948],[78.3274,35.16677],[78.33312,35.16625],[78.33937,35.16792],[78.34542,35.16813],[78.35125,35.16688],[78.35688,35.16417],[78.36229,35.16],[78.36813,35.1575],[78.37437,35.15667],[78.38104,35.1575],[78.38812,35.16],[78.39411,35.16026],[78.39901,35.15828],[78.40281,35.15406],[78.40552,35.1476],[78.41011,35.14206],[78.41656,35.13742],[78.4249,35.1337],[78.43511,35.13089],[78.44532,35.12808],[78.45553,35.12527],[78.46573,35.12245],[78.47594,35.11964],[78.48576,35.11633],[78.49519,35.11253],[78.50422,35.10823],[78.51287,35.10344],[78.52152,35.09865],[78.53016,35.09386],[78.53881,35.08907],[78.54745,35.08427],[78.55263,35.07875],[78.55435,35.0725],[78.5526,35.06552],[78.54739,35.05781],[78.5425,35.05255],[78.53792,35.04974],[78.53365,35.04938],[78.52969,35.05146],[78.52479,35.05198],[78.51896,35.05094],[78.51219,35.04833],[78.50448,35.04417],[78.49906,35.03932],[78.49594,35.0338],[78.49511,35.0276],[78.49656,35.02073],[78.49802,35.01385],[78.49948,35.00698],[78.50094,35.0001],[78.5024,34.99323],[78.50036,34.98703],[78.49484,34.98151],[78.48583,34.97667],[78.47333,34.9725],[78.46229,34.97021],[78.45271,34.96979],[78.44458,34.97125],[78.43792,34.97458],[78.43172,34.97552],[78.42599,34.97406],[78.42073,34.97021],[78.41594,34.96396],[78.41414,34.95781],[78.41534,34.95177],[78.41954,34.94584],[78.42673,34.94],[78.43391,34.93417],[78.4411,34.92834],[78.44829,34.9225],[78.45547,34.91667],[78.46019,34.91063],[78.46242,34.90438],[78.46219,34.89792],[78.45948,34.89125],[78.45901,34.88646],[78.46078,34.88354],[78.46479,34.8825],[78.47104,34.88333],[78.47776,34.88188],[78.48495,34.87813],[78.49261,34.87208],[78.50073,34.86375],[78.50907,34.85698],[78.51761,34.85177],[78.52636,34.84813],[78.53531,34.84604],[78.54344,34.845],[78.55073,34.845],[78.55719,34.84604],[78.56281,34.84813],[78.56646,34.85078],[78.56813,34.85401],[78.56781,34.85781],[78.56552,34.86219],[78.56547,34.8674],[78.56765,34.87344],[78.57208,34.88031],[78.57875,34.88802],[78.58614,34.89219],[78.59427,34.89281],[78.60313,34.8899],[78.61271,34.88344],[78.62464,34.87927],[78.63891,34.8774],[78.65552,34.87782],[78.67448,34.88053],[78.69005,34.88407],[78.70224,34.88844],[78.71104,34.89365],[78.71646,34.89969],[78.72208,34.9038],[78.72792,34.90599],[78.73396,34.90625],[78.74021,34.90458],[78.74552,34.90401],[78.7499,34.90453],[78.75333,34.90615],[78.75583,34.90885],[78.75656,34.91182],[78.75552,34.91505],[78.75271,34.91854],[78.74813,34.92229],[78.74355,34.92604],[78.73896,34.92979],[78.73438,34.93354],[78.72979,34.93729],[78.72693,34.94094],[78.72578,34.94448],[78.72635,34.94792],[78.72865,34.95125],[78.73292,34.95357],[78.73917,34.95487],[78.7474,34.95516],[78.75761,34.95443],[78.76781,34.9537],[78.77802,34.95298],[78.78823,34.95225],[78.79844,34.95151],[78.80839,34.95164],[78.81807,34.95263],[78.8275,34.95448],[78.83666,34.95719],[78.84583,34.9599],[78.855,34.96261],[78.86416,34.96532],[78.87333,34.96802],[78.87818,34.97287],[78.8787,34.97985],[78.8749,34.98896],[78.86678,35.00021],[78.86328,35.00974],[78.86443,35.01755],[78.87021,35.02365],[78.88062,35.02802],[78.88906,35.03339],[78.89552,35.03974],[78.9,35.04708],[78.9025,35.05542],[78.9059,35.06178],[78.91021,35.06617],[78.91541,35.06858],[78.92152,35.06902],[78.9289,35.06956],[78.93755,35.07018],[78.94746,35.0709],[78.95864,35.07171],[78.96661,35.07403],[78.97137,35.07787],[78.97292,35.08323],[78.97125,35.0901],[78.97385,35.09714],[78.98073,35.10433],[78.99187,35.11167],[79.00729,35.11917],[79.0201,35.12683],[79.03031,35.13464],[79.03791,35.1426],[79.04291,35.15073],[79.04516,35.15818],[79.04464,35.16495],[79.04136,35.17104],[79.03531,35.17646],[79.03089,35.18396],[79.02807,35.19354],[79.02687,35.20521],[79.02729,35.21896],[79.02979,35.22854],[79.03438,35.23396],[79.04104,35.23521],[79.04979,35.23229],[79.05818,35.23083],[79.0662,35.23083],[79.07385,35.23229],[79.08114,35.23521],[79.08427,35.23964],[79.08323,35.24557],[79.07802,35.25302],[79.06865,35.26198],[79.0624,35.26943],[79.05927,35.27537],[79.05927,35.27979],[79.0624,35.28271],[79.06411,35.28661],[79.06443,35.29151],[79.06333,35.2974],[79.06083,35.30427],[79.05708,35.31089],[79.05209,35.31724],[79.04584,35.32333],[79.03834,35.32917],[79.03146,35.33281],[79.02521,35.33427],[79.01958,35.33354],[79.01458,35.33063],[79.00849,35.3288],[79.0013,35.32807],[78.99302,35.32844],[78.98365,35.3299],[78.97568,35.33333],[78.96912,35.33875],[78.96396,35.34615],[78.96021,35.35552],[78.95464,35.36409],[78.94724,35.37185],[78.93803,35.37881],[78.92699,35.38496],[78.91595,35.3911],[78.90491,35.39725],[78.89387,35.40339],[78.88282,35.40954],[78.87542,35.41581],[78.87167,35.42221],[78.87156,35.42875],[78.8751,35.43542],[78.87664,35.44221],[78.87617,35.44914],[78.8737,35.4562],[78.86922,35.46339],[78.86475,35.47057],[78.86027,35.47776],[78.85579,35.48495],[78.85131,35.49214],[78.84956,35.49891],[78.85055,35.50526],[78.85427,35.5112],[78.86072,35.51672],[78.86718,35.52224],[78.87364,35.52776],[78.8801,35.53328],[78.88656,35.5388],[78.88995,35.54524],[78.89026,35.55258],[78.8875,35.56083],[78.88167,35.57],[78.87474,35.57526],[78.86672,35.57662],[78.8576,35.57406],[78.84739,35.56761],[78.83786,35.56344],[78.82901,35.56156],[78.82083,35.56198],[78.81333,35.56469],[78.80813,35.56781],[78.80521,35.57135],[78.80458,35.57531],[78.80625,35.57969],[78.80901,35.58276],[78.81286,35.58453],[78.81781,35.585],[78.82385,35.58417],[78.82839,35.58552],[78.83141,35.58906],[78.83292,35.59479],[78.83292,35.60271],[78.83185,35.61073],[78.82972,35.61885],[78.82651,35.62708],[78.82225,35.63542],[78.81798,35.64375],[78.81371,35.65208],[78.80943,35.66042],[78.80516,35.66875],[78.80524,35.67537],[78.80966,35.68026],[78.81844,35.68344],[78.83156,35.68491],[78.84468,35.68637],[78.85781,35.68782],[78.87093,35.68928],[78.88406,35.69074],[78.89479,35.69047],[78.90313,35.68849],[78.90906,35.68479],[78.91261,35.67938],[78.91771,35.6751],[78.92438,35.67198],[78.9326,35.67],[78.9424,35.66917],[78.94964,35.66703],[78.95432,35.66359],[78.95646,35.65885],[78.95604,35.65281],[78.95684,35.64703],[78.95885,35.6415],[78.96206,35.63623],[78.9665,35.63122],[78.97147,35.62558],[78.97699,35.61933],[78.98306,35.61247],[78.98967,35.60498],[78.99556,35.59963],[79.00074,35.5964],[79.00521,35.59531],[79.00896,35.59635],[79.01331,35.59581],[79.01826,35.59367],[79.02381,35.58995],[79.02995,35.58464],[79.0361,35.57933],[79.04225,35.57401],[79.04839,35.5687],[79.05454,35.56339],[79.06034,35.55945],[79.06581,35.5569],[79.07094,35.55573],[79.07573,35.55594],[79.08078,35.55656],[79.08609,35.5576],[79.09167,35.55906],[79.0975,35.56094],[79.10229,35.56365],[79.10604,35.56719],[79.10875,35.57156],[79.11042,35.57677],[79.11024,35.58326],[79.10821,35.59102],[79.10433,35.60005],[79.0986,35.61037],[79.09288,35.62068],[79.08715,35.63099],[79.08142,35.6413],[79.07568,35.65162],[79.07399,35.6594],[79.07633,35.66466],[79.08271,35.6674],[79.09312,35.66761],[79.10328,35.66656],[79.11318,35.66427],[79.12281,35.66073],[79.13219,35.65594],[79.14052,35.65438],[79.14781,35.65604],[79.15406,35.66094],[79.15927,35.66906],[79.16187,35.67609],[79.16188,35.68203],[79.15927,35.68688],[79.15406,35.69063],[79.15255,35.69521],[79.15474,35.70063],[79.16062,35.70688],[79.17021,35.71396],[79.17916,35.71922],[79.1875,35.72266],[79.19521,35.72427],[79.20229,35.72406],[79.20805,35.72619],[79.21248,35.73064],[79.21558,35.73742],[79.21736,35.74654],[79.21908,35.75536],[79.22075,35.76391],[79.22236,35.77216],[79.22392,35.78013],[79.22831,35.78501],[79.23555,35.78681],[79.24563,35.78552],[79.25854,35.78115],[79.26932,35.7786],[79.27797,35.77787],[79.28448,35.77896],[79.28885,35.78188],[79.29458,35.78359],[79.30167,35.78412],[79.31011,35.78344],[79.3199,35.78156],[79.32979,35.78276],[79.33979,35.78703],[79.34989,35.79438],[79.3601,35.80479],[79.36968,35.81245],[79.37864,35.81734],[79.38698,35.81948],[79.39469,35.81886],[79.40396,35.8163],[79.4148,35.81183],[79.42719,35.80542],[79.44115,35.79709],[79.4527,35.78896],[79.46185,35.78105],[79.46859,35.77335],[79.47293,35.76587],[79.47739,35.75817],[79.48197,35.75025],[79.48668,35.74212],[79.49151,35.73377],[79.4969,35.72933],[79.50285,35.72881],[79.50937,35.73219],[79.51646,35.73948],[79.52515,35.74568],[79.53547,35.75078],[79.54739,35.75479],[79.56094,35.75771],[79.57286,35.76141],[79.58318,35.76589],[79.59187,35.77115],[79.59896,35.77719],[79.60604,35.78125],[79.61312,35.78333],[79.62021,35.78344],[79.62729,35.78156],[79.63234,35.77781],[79.63536,35.77219],[79.63635,35.76469],[79.63531,35.75531],[79.6374,35.74563],[79.64261,35.73563],[79.65094,35.72531],[79.6624,35.71469],[79.67099,35.70495],[79.67672,35.69609],[79.67958,35.68813],[79.67958,35.68104],[79.68115,35.67375],[79.68427,35.66625],[79.68896,35.65854],[79.69521,35.65063],[79.70344,35.64433],[79.71365,35.63964],[79.72584,35.63657],[79.74,35.63512],[79.75417,35.63366],[79.76834,35.6322],[79.7825,35.63074],[79.79667,35.62928],[79.80907,35.62495],[79.81969,35.61776],[79.82855,35.60771],[79.83563,35.59479],[79.8424,35.58651],[79.84885,35.58287],[79.855,35.58385],[79.86083,35.58948],[79.86854,35.59406],[79.87812,35.59761],[79.88958,35.60011],[79.90292,35.60157],[79.91515,35.60453],[79.9263,35.60901],[79.93635,35.615],[79.94531,35.6225],[79.95182,35.62698],[79.95588,35.62844],[79.9575,35.62688],[79.95667,35.62229],[79.95755,35.61766],[79.96016,35.61297],[79.96448,35.60823],[79.97052,35.60344],[79.9738,35.59802],[79.97432,35.59198],[79.97208,35.58531],[79.96708,35.57802],[79.96485,35.57029],[79.96537,35.56211],[79.96866,35.55349],[79.97471,35.54443],[79.98076,35.53537],[79.98681,35.52631],[79.99285,35.51725],[79.9989,35.50819],[80.00494,35.49913],[80.01098,35.49006],[80.01702,35.481],[80.02306,35.47194],[80.0291,35.46287],[80.03513,35.45381],[80.04117,35.44475],[80.0472,35.43568],[80.05376,35.42956],[80.06084,35.42638],[80.06844,35.42615],[80.07656,35.42886],[80.08245,35.43344],[80.08609,35.4399],[80.0875,35.44823],[80.08667,35.45844],[80.08807,35.46599],[80.09172,35.47089],[80.0976,35.47313],[80.10573,35.47271],[80.11338,35.47412],[80.12057,35.47734],[80.12729,35.4824],[80.13354,35.48927],[80.14099,35.49505],[80.14963,35.49974],[80.15948,35.50334],[80.17052,35.50584],[80.17788,35.50989],[80.18156,35.5155],[80.18156,35.52267],[80.17788,35.5314],[80.1742,35.54012],[80.17052,35.54885],[80.16684,35.55757],[80.16316,35.5663],[80.15927,35.57551],[80.15517,35.58521],[80.15086,35.5954],[80.14635,35.60607],[80.14521,35.61434],[80.14743,35.6202],[80.15302,35.62365],[80.16198,35.62469],[80.17024,35.62323],[80.17779,35.61927],[80.18464,35.61281],[80.19079,35.60386],[80.19694,35.5949],[80.20308,35.58594],[80.20923,35.57698],[80.21537,35.56802],[80.22237,35.56219],[80.23023,35.55948],[80.23896,35.5599],[80.24854,35.56344],[80.25667,35.56511],[80.26333,35.5649],[80.26854,35.56281],[80.27229,35.55885],[80.27635,35.55609],[80.28073,35.55453],[80.28542,35.55417],[80.29042,35.555],[80.29468,35.5547],[80.29821,35.55326],[80.30099,35.55068],[80.30305,35.54697],[80.30516,35.54314],[80.30735,35.53918],[80.30961,35.5351],[80.31193,35.53089],[80.31456,35.52836],[80.31749,35.52751],[80.32073,35.52833],[80.32427,35.53083],[80.32854,35.53089],[80.33354,35.52849],[80.33927,35.52365],[80.34573,35.51635],[80.35354,35.51047],[80.36271,35.50599],[80.37323,35.50292],[80.38511,35.50125],[80.39486,35.49878],[80.40249,35.4955],[80.40801,35.49142],[80.4114,35.48653],[80.41533,35.48086],[80.41981,35.4744],[80.42484,35.46715],[80.4304,35.45913],[80.43598,35.45425],[80.44158,35.45253],[80.44719,35.45396],[80.45281,35.45854],[80.46052,35.46151],[80.47031,35.46287],[80.48219,35.46261],[80.49615,35.46073],[80.50787,35.45792],[80.51735,35.45417],[80.52459,35.44948],[80.52959,35.44386],[80.53459,35.43823],[80.53959,35.43261],[80.54459,35.42698],[80.54959,35.42136],[80.55641,35.41719],[80.56505,35.41448],[80.57552,35.41323],[80.58781,35.41344],[80.59792,35.4124],[80.60583,35.4101],[80.61156,35.40656],[80.6151,35.40177],[80.61969,35.3987],[80.62531,35.39734],[80.63198,35.39771],[80.63969,35.39979],[80.64552,35.39948],[80.64948,35.39677],[80.65156,35.39167],[80.65177,35.38417],[80.65391,35.37797],[80.65797,35.37307],[80.66396,35.36948],[80.67188,35.36719],[80.67787,35.36391],[80.68193,35.35964],[80.68406,35.35438],[80.68427,35.34813],[80.68714,35.34333],[80.69266,35.34],[80.70083,35.33813],[80.71167,35.33771],[80.72057,35.3361],[80.72755,35.33328],[80.7326,35.32927],[80.73573,35.32406],[80.74063,35.32113],[80.74729,35.32047],[80.75573,35.32208],[80.76595,35.32597],[80.77585,35.32974],[80.78543,35.33338],[80.7947,35.33691],[80.80365,35.34031],[80.81318,35.3426],[80.82328,35.34379],[80.83396,35.34386],[80.84521,35.34281],[80.855,35.34083],[80.86333,35.33792],[80.87021,35.33406],[80.87563,35.32927],[80.88419,35.32618],[80.89591,35.32477],[80.91078,35.32507],[80.9288,35.32705],[80.94682,35.32903],[80.96484,35.33101],[80.98286,35.33299],[81.00088,35.33496],[81.01445,35.33899],[81.02357,35.34508],[81.02823,35.35323],[81.02844,35.36344],[81.02984,35.37271],[81.03245,35.38104],[81.03625,35.38844],[81.04125,35.3949],[81.04812,35.39984],[81.05687,35.40328],[81.0675,35.40521],[81.08,35.40563],[81.08911,35.40458],[81.09484,35.40208],[81.09719,35.39813],[81.09615,35.39271],[81.09703,35.3888],[81.09984,35.38641],[81.10458,35.38552],[81.11125,35.38615],[81.11802,35.3851],[81.1249,35.3824],[81.13188,35.37802],[81.13896,35.37198],[81.14688,35.36766],[81.15563,35.36505],[81.16521,35.36417],[81.17562,35.365],[81.18432,35.36402],[81.19129,35.36123],[81.19654,35.35663],[81.20006,35.35021],[81.20328,35.34435],[81.2062,35.33903],[81.20881,35.33427],[81.21112,35.33006],[81.21457,35.32764],[81.21916,35.32699],[81.22489,35.32813],[81.23177,35.33104],[81.23802,35.3326],[81.24365,35.33281],[81.24865,35.33167],[81.25302,35.32917],[81.25677,35.32849],[81.2599,35.32964],[81.2624,35.3326],[81.26427,35.3374],[81.26724,35.34141],[81.2713,35.34464],[81.27646,35.34708],[81.28271,35.34875],[81.28859,35.34917],[81.29411,35.34833],[81.29927,35.34625],[81.30406,35.34292],[81.30901,35.34135],[81.31411,35.34156],[81.31937,35.34354],[81.32479,35.34729],[81.33096,35.34971],[81.33789,35.35081],[81.34557,35.35058],[81.35401,35.34901],[81.36245,35.34745],[81.37089,35.34589],[81.37933,35.34433],[81.38776,35.34276],[81.39602,35.343],[81.40409,35.34503],[81.41198,35.34886],[81.41969,35.35448],[81.42749,35.35611],[81.4354,35.35375],[81.4434,35.34739],[81.45149,35.33704],[81.45908,35.32733],[81.46616,35.31827],[81.47274,35.30985],[81.47881,35.30208],[81.48555,35.29771],[81.49296,35.29674],[81.50104,35.29917],[81.50979,35.305],[81.51698,35.31143],[81.5226,35.31846],[81.52666,35.32609],[81.52916,35.33432],[81.53166,35.34255],[81.53416,35.35078],[81.53666,35.35901],[81.53916,35.36724],[81.54317,35.37523],[81.5487,35.383],[81.55573,35.39052],[81.56427,35.39781],[81.57109,35.40609],[81.5762,35.41537],[81.57958,35.42563],[81.58125,35.43688],[81.58542,35.44505],[81.59208,35.45016],[81.60125,35.45219],[81.61292,35.45115],[81.62427,35.45214],[81.63531,35.45516],[81.64604,35.46021],[81.65645,35.46729],[81.66484,35.47412],[81.6712,35.48068],[81.67552,35.48698],[81.67781,35.49302],[81.67849,35.50089],[81.67755,35.51057],[81.675,35.52208],[81.67084,35.53542],[81.66865,35.54693],[81.66844,35.55661],[81.67021,35.56448],[81.67396,35.57052],[81.67562,35.57599],[81.67521,35.58089],[81.67271,35.58521],[81.66813,35.58896],[81.66138,35.59206],[81.65248,35.59451],[81.64141,35.59631],[81.62818,35.59746],[81.61495,35.59861],[81.60172,35.59975],[81.58849,35.6009],[81.57526,35.60204],[81.56534,35.60467],[81.55872,35.60878],[81.55542,35.61438],[81.55542,35.62146],[81.55211,35.62745],[81.5455,35.63235],[81.53558,35.63615],[81.52235,35.63886],[81.50912,35.64157],[81.49589,35.64428],[81.48266,35.64699],[81.46943,35.64969],[81.45784,35.65375],[81.44789,35.65917],[81.43959,35.66594],[81.43292,35.67406],[81.42651,35.67922],[81.42036,35.68141],[81.41448,35.68063],[81.40885,35.67688],[81.40068,35.67474],[81.38995,35.67422],[81.37667,35.67532],[81.36084,35.67804],[81.34501,35.68075],[81.32918,35.68345],[81.31334,35.68616],[81.29751,35.68886],[81.28599,35.69287],[81.2788,35.69818],[81.27594,35.70479],[81.2774,35.71271],[81.27667,35.72021],[81.27375,35.72729],[81.26865,35.73396],[81.26136,35.74021],[81.25276,35.74474],[81.24287,35.74755],[81.23167,35.74865],[81.21917,35.74802],[81.21068,35.74979],[81.2062,35.75396],[81.20573,35.76052],[81.20927,35.76948],[81.21047,35.77917],[81.20932,35.78958],[81.20584,35.80073],[81.2,35.8126],[81.19625,35.82271],[81.19458,35.83104],[81.195,35.8376],[81.1975,35.8424],[81.19739,35.84764],[81.19467,35.85332],[81.18934,35.85946],[81.18139,35.86605],[81.17385,35.8723],[81.16671,35.87821],[81.15997,35.8838],[81.15363,35.88905],[81.14729,35.8943],[81.14095,35.89955],[81.13461,35.9048],[81.12827,35.91004],[81.11903,35.91424],[81.1069,35.91739],[81.09188,35.91948],[81.07396,35.92053],[81.05674,35.92071],[81.04023,35.92003],[81.02442,35.9185],[81.00932,35.91611],[80.99421,35.91371],[80.97911,35.91132],[80.964,35.90892],[80.9489,35.90652],[80.93544,35.9054],[80.92362,35.90555],[80.91344,35.90698],[80.9049,35.90969],[80.89636,35.9124],[80.88782,35.91511],[80.87927,35.91782],[80.87073,35.92052],[80.86177,35.9224],[80.8524,35.92344],[80.8426,35.92365],[80.8324,35.92302],[80.82375,35.92344],[80.81667,35.9249],[80.81115,35.9274],[80.80719,35.93094],[80.80172,35.93292],[80.79474,35.93333],[80.78625,35.93219],[80.77625,35.92948],[80.76354,35.92865],[80.74813,35.92969],[80.73,35.93261],[80.70917,35.9374],[80.69154,35.94211],[80.67711,35.94675],[80.66589,35.9513],[80.65787,35.95579],[80.64985,35.96026],[80.64183,35.96474],[80.63381,35.96922],[80.62579,35.9737],[80.61571,35.97633],[80.60357,35.97711],[80.58937,35.97605],[80.57312,35.97313],[80.55818,35.97214],[80.54453,35.97308],[80.53219,35.97594],[80.52115,35.98073],[80.50944,35.98451],[80.49707,35.98728],[80.48404,35.98903],[80.47034,35.98977],[80.45665,35.9905],[80.44295,35.99124],[80.42925,35.99197],[80.41555,35.99271],[80.40186,35.99344],[80.38816,35.99417],[80.37446,35.99489],[80.36076,35.99562],[80.34706,35.99634],[80.33336,35.99707],[80.31967,35.99779],[80.30597,35.99851],[80.29455,36.00082],[80.28541,36.00472],[80.27854,36.01021],[80.27396,36.01729],[80.26677,36.02422],[80.25698,36.03099],[80.24459,36.03761],[80.22959,36.04407],[80.21531,36.04776],[80.20177,36.0487],[80.18896,36.04688],[80.17687,36.04229],[80.16536,36.03953],[80.15443,36.0386],[80.14406,36.03948],[80.13427,36.04219],[80.12641,36.04526],[80.12047,36.0487],[80.11646,36.0525],[80.11438,36.05667],[80.11364,36.06344],[80.11427,36.07281],[80.11624,36.08479],[80.11957,36.09938],[80.12291,36.11396],[80.12624,36.12854],[80.12957,36.14313],[80.13291,36.15771],[80.13468,36.17078],[80.1349,36.18234],[80.13354,36.1924],[80.13063,36.20094],[80.13216,36.21024],[80.13814,36.22029],[80.14857,36.2311],[80.16346,36.24267],[80.17835,36.25423],[80.19325,36.2658],[80.20815,36.27736],[80.22305,36.28892],[80.23561,36.30001],[80.24582,36.31063],[80.25369,36.32078],[80.25921,36.33047],[80.26473,36.34016],[80.27025,36.34985],[80.27577,36.35953],[80.2813,36.36922],[80.28705,36.37716],[80.29304,36.38336],[80.29927,36.38781],[80.30573,36.39052],[80.30969,36.39672],[80.31115,36.40641],[80.31011,36.41958],[80.30657,36.43625],[80.30479,36.44927],[80.30479,36.45865],[80.30656,36.46438],[80.3101,36.46646],[80.3125,36.46979],[80.31375,36.47438],[80.31385,36.48021],[80.31281,36.48729],[80.31057,36.49479],[80.30714,36.50271],[80.3025,36.51104],[80.29667,36.51979],[80.29037,36.52552],[80.28359,36.52823],[80.27635,36.52792],[80.26864,36.52458],[80.26167,36.5226],[80.25542,36.52198],[80.2499,36.52271],[80.2451,36.52479],[80.24109,36.53],[80.23787,36.53833],[80.23542,36.54979],[80.23375,36.56438],[80.2305,36.57736],[80.22566,36.58874],[80.21924,36.59852],[80.21123,36.6067],[80.20321,36.61488],[80.1952,36.62306],[80.18718,36.63124],[80.17917,36.63942],[80.17115,36.6476],[80.16313,36.65577],[80.1551,36.66395],[80.14708,36.67213],[80.13905,36.6803],[80.13103,36.68848],[80.123,36.69665],[80.11497,36.70482],[80.10863,36.71257],[80.10399,36.71988],[80.10104,36.72677],[80.09979,36.73323],[80.10083,36.73844],[80.10417,36.7424],[80.10979,36.74511],[80.11771,36.74656],[80.12344,36.74859],[80.12698,36.7512],[80.12833,36.75438],[80.1275,36.75813],[80.1256,36.76247],[80.12263,36.76742],[80.1186,36.77297],[80.1135,36.77912],[80.10839,36.78526],[80.10329,36.79141],[80.09818,36.79755],[80.09308,36.8037],[80.08571,36.8093],[80.07607,36.81435],[80.06417,36.81886],[80.05,36.82282],[80.03793,36.82818],[80.02796,36.83495],[80.02009,36.84313],[80.01432,36.85271],[80.00855,36.8623],[80.00277,36.87188],[79.99699,36.88147],[79.99122,36.89105],[79.98544,36.90063],[79.97966,36.91022],[79.97387,36.9198],[79.96809,36.92938],[79.9623,36.93897],[79.95652,36.94855],[79.95073,36.95813],[79.94494,36.96771],[79.94343,36.97727],[79.94621,36.9868],[79.95327,36.99631],[79.96462,37.00579],[79.97597,37.01527],[79.98732,37.02475],[79.99868,37.03423],[80.01004,37.0437],[80.02192,37.05206],[80.03432,37.0593],[80.04723,37.06542],[80.06067,37.07043],[80.0741,37.07543],[80.08754,37.08043],[80.10098,37.08543],[80.11442,37.09042],[80.12627,37.09696],[80.13653,37.10503],[80.1452,37.11464],[80.15228,37.12578],[80.15936,37.13693],[80.16644,37.14808],[80.17353,37.15922],[80.18062,37.17037],[80.18536,37.18018],[80.18776,37.18867],[80.18781,37.19583],[80.18552,37.20167],[80.18661,37.20677],[80.19109,37.21115],[80.19896,37.21479],[80.21021,37.21771],[80.2213,37.2225],[80.23224,37.22917],[80.24302,37.23771],[80.25364,37.24813],[80.26119,37.25698],[80.26568,37.26427],[80.26708,37.27],[80.26542,37.27417],[80.26526,37.27844],[80.26661,37.28281],[80.26948,37.28729],[80.27385,37.29188],[80.27865,37.29526],[80.28385,37.29745],[80.28948,37.29844],[80.29552,37.29823],[80.3002,37.29922],[80.30351,37.30141],[80.30546,37.3048],[80.30605,37.30939],[80.30665,37.31413],[80.30728,37.31903],[80.30792,37.32408],[80.30859,37.32928],[80.31158,37.33542],[80.31691,37.3425],[80.32458,37.35052],[80.33458,37.35948],[80.34208,37.36761],[80.34708,37.3749],[80.34958,37.38135],[80.34958,37.38698],[80.35276,37.3912],[80.35911,37.39401],[80.36865,37.39542],[80.38135,37.39542],[80.39132,37.39447],[80.39855,37.39257],[80.40305,37.38972],[80.4048,37.38593],[80.40661,37.382],[80.40849,37.37794],[80.41042,37.37374],[80.41242,37.36941],[80.41385,37.36732],[80.4147,37.36745],[80.41498,37.36983],[80.4147,37.37444],[80.4144,37.37924],[80.41408,37.38424],[80.41376,37.38944],[80.41342,37.39483],[80.41577,37.4007],[80.42081,37.40704],[80.42854,37.41386],[80.43895,37.42115],[80.44729,37.42969],[80.45354,37.43948],[80.45771,37.45052],[80.45979,37.46281],[80.46385,37.47432],[80.46989,37.48505],[80.47791,37.495],[80.48791,37.50417],[80.49539,37.51326],[80.50034,37.52227],[80.50276,37.5312],[80.50266,37.54005],[80.50255,37.54891],[80.50245,37.55776],[80.50234,37.56661],[80.50224,37.57547],[80.50315,37.58383],[80.50508,37.59169],[80.50802,37.59906],[80.51197,37.60594],[80.51593,37.61281],[80.51989,37.61969],[80.52385,37.62656],[80.52781,37.63344],[80.53057,37.64078],[80.53213,37.64859],[80.5325,37.65687],[80.53167,37.66562],[80.5326,37.67391],[80.53531,37.68172],[80.53979,37.68906],[80.54603,37.69594],[80.55228,37.70281],[80.55853,37.70969],[80.56478,37.71656],[80.57104,37.72344],[80.57739,37.73287],[80.58385,37.74484],[80.59041,37.75938],[80.59708,37.77646],[80.60161,37.79167],[80.60401,37.805],[80.60427,37.81646],[80.6024,37.82604],[80.60162,37.83395],[80.60194,37.84018],[80.60336,37.84473],[80.60587,37.84761],[80.60859,37.85071],[80.61151,37.85405],[80.61462,37.85761],[80.61794,37.8614],[80.61939,37.86487],[80.61896,37.86801],[80.61667,37.87083],[80.6125,37.87333],[80.61022,37.87801],[80.60981,37.88487],[80.61129,37.8939],[80.61465,37.90511],[80.61784,37.91577],[80.62087,37.92586],[80.62373,37.9354],[80.62642,37.94437],[80.62912,37.95335],[80.63181,37.96233],[80.63451,37.97131],[80.6372,37.98028],[80.63798,37.98785],[80.63683,37.99401],[80.63375,37.99875],[80.62875,38.00208],[80.6262,38.00729],[80.62609,38.01438],[80.62843,38.02333],[80.63323,38.03417],[80.63703,38.04401],[80.63984,38.05286],[80.64167,38.06073],[80.6425,38.0676],[80.64198,38.07333],[80.6401,38.07792],[80.63688,38.08135],[80.63229,38.08365],[80.62927,38.08719],[80.62781,38.09198],[80.62792,38.09802],[80.62958,38.10531],[80.63125,38.1126],[80.63291,38.1199],[80.63458,38.12719],[80.63625,38.13448],[80.63622,38.14052],[80.63451,38.14531],[80.6311,38.14886],[80.62599,38.15115],[80.62089,38.15344],[80.61578,38.15573],[80.61068,38.15802],[80.60557,38.16031],[80.60176,38.16234],[80.59925,38.16411],[80.59803,38.16561],[80.5981,38.16684],[80.59819,38.16835],[80.59829,38.17012],[80.59841,38.17216],[80.59855,38.17446],[80.59827,38.17569],[80.59759,38.17586],[80.59649,38.17495],[80.59499,38.17297],[80.59349,38.17099],[80.59198,38.16902],[80.59048,38.16704],[80.58898,38.16506],[80.5871,38.16259],[80.58484,38.15962],[80.58221,38.15616],[80.57921,38.1522],[80.57557,38.14741],[80.5713,38.14179],[80.56639,38.13533],[80.56085,38.12804],[80.55532,38.12074],[80.54978,38.11345],[80.54425,38.10615],[80.53871,38.09886],[80.53118,38.09141],[80.52164,38.0838],[80.5101,38.07604],[80.49656,38.06813],[80.48557,38.06318],[80.47713,38.0612],[80.47125,38.06219],[80.46792,38.06615],[80.46465,38.06814],[80.46144,38.06816],[80.45829,38.06621],[80.45521,38.06229],[80.45174,38.05789],[80.44788,38.05299],[80.44364,38.04761],[80.43902,38.04173],[80.43321,38.03628],[80.4262,38.03126],[80.41802,38.02667],[80.40864,38.0225],[80.39926,38.01834],[80.38989,38.01417],[80.38051,38.01],[80.37114,38.00584],[80.36562,38.00068],[80.36396,37.99453],[80.36615,37.9874],[80.37219,37.97927],[80.37505,37.97151],[80.37474,37.96412],[80.37125,37.95708],[80.36458,37.95042],[80.35844,37.94495],[80.35281,37.94068],[80.34771,37.9376],[80.34312,37.93573],[80.33849,37.935],[80.3338,37.93542],[80.32906,37.93698],[80.32427,37.93969],[80.31755,37.94031],[80.3089,37.93886],[80.29833,37.93531],[80.28583,37.92969],[80.27547,37.92302],[80.26724,37.91531],[80.26114,37.90656],[80.25719,37.89677],[80.25174,37.88766],[80.24481,37.87922],[80.2364,37.87146],[80.2265,37.86438],[80.2166,37.8573],[80.2067,37.85021],[80.19681,37.84313],[80.18692,37.83605],[80.17773,37.8287],[80.16924,37.8211],[80.16145,37.81323],[80.15436,37.80511],[80.14728,37.79698],[80.1402,37.78886],[80.13311,37.78073],[80.12603,37.77261],[80.11964,37.76448],[80.11394,37.75636],[80.10892,37.74823],[80.10459,37.74011],[80.10027,37.73198],[80.09594,37.72386],[80.09161,37.71573],[80.08729,37.70761],[80.08188,37.69745],[80.0754,37.68526],[80.06784,37.67105],[80.0592,37.65479],[80.0497,37.64063],[80.03934,37.62854],[80.02812,37.61854],[80.01604,37.61063],[80.0062,37.60542],[79.99859,37.60292],[79.99323,37.60313],[79.9901,37.60604],[79.98625,37.6075],[79.98167,37.6075],[79.97635,37.60604],[79.97031,37.60313],[79.96323,37.59865],[79.9551,37.59261],[79.94593,37.585],[79.93572,37.57583],[79.92843,37.56755],[79.92406,37.56016],[79.9226,37.55365],[79.92406,37.54802],[79.92349,37.54328],[79.92088,37.53943],[79.91625,37.53646],[79.90958,37.53438],[79.90474,37.53182],[79.90172,37.5288],[79.90052,37.52531],[79.90115,37.52135],[79.89963,37.51714],[79.89599,37.51266],[79.89021,37.50792],[79.88229,37.50292],[79.87544,37.49706],[79.86966,37.49034],[79.86494,37.48276],[79.8613,37.47432],[79.85765,37.46589],[79.854,37.45745],[79.85036,37.44901],[79.84671,37.44057],[79.83961,37.43253],[79.82903,37.42487],[79.81499,37.41761],[79.79749,37.41073],[79.78414,37.40219],[79.77492,37.39198],[79.76984,37.3801],[79.7689,37.36656],[79.76797,37.35302],[79.76703,37.33948],[79.76609,37.32594],[79.76515,37.3124],[79.76216,37.30063],[79.75711,37.29063],[79.75,37.2824],[79.74083,37.27594],[79.73599,37.26995],[79.73547,37.26443],[79.73927,37.25938],[79.7474,37.25479],[79.7512,37.24964],[79.75068,37.24391],[79.74583,37.23761],[79.73666,37.23073],[79.72961,37.22287],[79.72466,37.21401],[79.72182,37.20417],[79.72109,37.19333],[79.72036,37.1825],[79.71963,37.17167],[79.7189,37.16083],[79.71818,37.15],[79.71627,37.13984],[79.7132,37.13036],[79.70896,37.12156],[79.70354,37.11344],[79.69984,37.10359],[79.69786,37.09203],[79.69761,37.07875],[79.69906,37.06375],[79.7025,37.04964],[79.70792,37.03641],[79.71532,37.02406],[79.72469,37.01261],[79.73011,37.00261],[79.73156,36.99406],[79.72906,36.98698],[79.7226,36.98135],[79.71299,36.97714],[79.70023,36.97433],[79.68432,36.97293],[79.66526,36.97294],[79.6462,36.97294],[79.62714,36.97294],[79.60807,36.97294],[79.58901,36.97293],[79.57115,36.97418],[79.55448,36.97667],[79.53902,36.98042],[79.52475,36.98543],[79.51048,36.99043],[79.49621,36.99543],[79.48194,37.00043],[79.46767,37.00542],[79.4537,37.00863],[79.44005,37.01003],[79.42672,37.00964],[79.41369,37.00746],[79.40067,37.00527],[79.38765,37.00308],[79.37463,37.0009],[79.36161,36.9987],[79.34664,36.99785],[79.32972,36.99832],[79.31084,37.00012],[79.29001,37.00325],[79.27178,37.00599],[79.25616,37.00834],[79.24314,37.01029],[79.23272,37.01185],[79.2223,37.01341],[79.21188,37.01497],[79.20147,37.01653],[79.19105,37.01808],[79.18172,37.01727],[79.17349,37.01409],[79.16635,37.00854],[79.16031,37.00063],[79.15609,36.99286],[79.1537,36.98526],[79.15313,36.97781],[79.15438,36.97052],[79.15292,36.965],[79.14875,36.96125],[79.14187,36.95927],[79.13229,36.95906],[79.12302,36.95755],[79.11406,36.95474],[79.10541,36.95063],[79.09708,36.94521],[79.09172,36.9399],[79.08932,36.93469],[79.0899,36.92958],[79.09344,36.92458],[79.09453,36.91917],[79.09318,36.91333],[79.08937,36.90708],[79.08312,36.90042],[79.07838,36.89365],[79.07516,36.88677],[79.07344,36.87979],[79.07323,36.87271],[79.07443,36.86542],[79.07703,36.85792],[79.08104,36.85021],[79.08646,36.84229],[79.09016,36.83474],[79.09214,36.82755],[79.0924,36.82073],[79.09094,36.81427],[79.08651,36.81089],[79.07912,36.81057],[79.06875,36.81334],[79.05542,36.81917],[79.04412,36.82104],[79.03484,36.81896],[79.0276,36.81292],[79.02239,36.80292],[79.01588,36.79599],[79.00807,36.79214],[78.99896,36.79136],[78.98854,36.79365],[78.97865,36.79443],[78.96927,36.7937],[78.96042,36.79146],[78.95208,36.78771],[78.9426,36.78516],[78.93198,36.7838],[78.92021,36.78365],[78.90729,36.78469],[78.89563,36.78662],[78.88521,36.78943],[78.87604,36.79313],[78.86813,36.79771],[78.85844,36.79927],[78.84698,36.79782],[78.83374,36.79334],[78.81874,36.78584],[78.80744,36.77709],[78.79984,36.76708],[78.79594,36.75583],[78.79573,36.74333],[78.79359,36.73479],[78.78953,36.73021],[78.78354,36.72958],[78.77563,36.73292],[78.7663,36.73266],[78.75557,36.7288],[78.74343,36.72136],[78.72989,36.71032],[78.71697,36.7019],[78.70468,36.69612],[78.69302,36.69297],[78.68198,36.69245],[78.67094,36.69194],[78.65989,36.69141],[78.64885,36.69089],[78.63781,36.69037],[78.62818,36.69128],[78.61995,36.69362],[78.61313,36.6974],[78.60771,36.7026],[78.60005,36.70662],[78.59016,36.70943],[78.57802,36.71104],[78.56365,36.71146],[78.5519,36.71283],[78.54277,36.71514],[78.53627,36.7184],[78.53239,36.72261],[78.52863,36.7267],[78.52498,36.73065],[78.52145,36.73449],[78.51804,36.73819],[78.51428,36.74029],[78.51018,36.74079],[78.50573,36.73969],[78.50094,36.73698],[78.49745,36.73328],[78.49526,36.72859],[78.49438,36.72292],[78.49479,36.71625],[78.49289,36.70992],[78.48867,36.70393],[78.48213,36.69828],[78.47327,36.69297],[78.46442,36.68766],[78.45556,36.68235],[78.44671,36.67704],[78.43786,36.67172],[78.42695,36.66852],[78.41398,36.66743],[78.39896,36.66844],[78.38188,36.67157],[78.36708,36.67292],[78.35458,36.6725],[78.34437,36.67032],[78.33645,36.66636],[78.32854,36.6624],[78.32062,36.65844],[78.3127,36.65448],[78.30479,36.65052],[78.2949,36.64959],[78.28302,36.65167],[78.26917,36.65677],[78.25334,36.6649],[78.23844,36.67078],[78.22448,36.67443],[78.21146,36.67584],[78.19937,36.675],[78.1887,36.67526],[78.17943,36.67662],[78.17156,36.67906],[78.16511,36.6826],[78.15875,36.68375],[78.1525,36.6825],[78.14635,36.67885],[78.14031,36.67281],[78.13312,36.66771],[78.12479,36.66354],[78.11531,36.66031],[78.10469,36.65802],[78.09594,36.65865],[78.08906,36.66219],[78.08406,36.66865],[78.08094,36.67802],[78.07516,36.68547],[78.06672,36.69099],[78.05563,36.69459],[78.04188,36.69625],[78.03136,36.6986],[78.02406,36.70162],[78.02,36.70531],[78.01917,36.70969],[78.01716,36.71265],[78.01399,36.7142],[78.00965,36.71434],[78.00415,36.71306],[77.99864,36.71179],[77.99313,36.71051],[77.98762,36.70924],[77.98212,36.70796],[77.97647,36.70665],[77.97068,36.70531],[77.96475,36.70394],[77.95869,36.70253],[77.95184,36.70429],[77.94423,36.70921],[77.93584,36.71729],[77.92667,36.72854],[77.91782,36.73708],[77.90927,36.74292],[77.90104,36.74604],[77.89313,36.74646],[77.88719,36.74813],[77.88323,36.75104],[77.88125,36.75521],[77.88125,36.76063],[77.88,36.76453],[77.8775,36.76693],[77.87375,36.76781],[77.86875,36.76719],[77.86349,36.76813],[77.85797,36.77063],[77.85219,36.77469],[77.84615,36.78031],[77.84141,36.78255],[77.83797,36.78141],[77.83583,36.77688],[77.835,36.76896],[77.83146,36.76227],[77.82521,36.7568],[77.81625,36.75256],[77.80458,36.74954],[77.79291,36.74652],[77.78124,36.7435],[77.76958,36.74048],[77.75791,36.73745],[77.74755,36.73352],[77.73849,36.72867],[77.73072,36.72292],[77.72426,36.71625],[77.7178,36.70959],[77.71135,36.70292],[77.70489,36.69625],[77.69843,36.68959],[77.69083,36.68464],[77.68208,36.68141],[77.67219,36.6799],[77.66115,36.68011],[77.65146,36.67792],[77.64312,36.67333],[77.63614,36.66635],[77.63052,36.65698],[77.62344,36.64922],[77.61489,36.64307],[77.60489,36.63854],[77.59344,36.63563],[77.5851,36.63214],[77.5799,36.62807],[77.57781,36.62344],[77.57885,36.61823],[77.57656,36.61443],[77.57094,36.61203],[77.56198,36.61104],[77.54969,36.61146],[77.53919,36.60995],[77.53049,36.60651],[77.52359,36.60115],[77.51848,36.59386],[77.51338,36.58656],[77.50827,36.57927],[77.50317,36.57198],[77.49807,36.56469],[77.48898,36.55896],[77.47591,36.5548],[77.45885,36.55219],[77.43781,36.55115],[77.42167,36.54792],[77.41042,36.5425],[77.40406,36.5349],[77.4026,36.5251],[77.4026,36.51677],[77.40406,36.5099],[77.40698,36.50448],[77.41136,36.50052],[77.41865,36.49755],[77.42885,36.49558],[77.44198,36.49459],[77.45802,36.49459],[77.47289,36.49334],[77.48659,36.49084],[77.49912,36.48709],[77.51048,36.48209],[77.52183,36.47709],[77.53319,36.47209],[77.54454,36.46709],[77.55589,36.46209],[77.56467,36.45672],[77.57086,36.45099],[77.57448,36.4449],[77.57552,36.43844],[77.57776,36.43227],[77.5812,36.42638],[77.58584,36.42078],[77.59167,36.41547],[77.59751,36.41016],[77.60334,36.40485],[77.60917,36.39953],[77.615,36.39422],[77.61839,36.38852],[77.61932,36.38242],[77.61781,36.37594],[77.61385,36.36906],[77.61354,36.36188],[77.61688,36.35438],[77.62386,36.34656],[77.63448,36.33844],[77.64456,36.33104],[77.65409,36.32438],[77.66308,36.31844],[77.67152,36.31323],[77.67996,36.30803],[77.68839,36.30282],[77.69683,36.29761],[77.70527,36.2924],[77.71331,36.28844],[77.72096,36.28573],[77.72823,36.28427],[77.7351,36.28406],[77.74167,36.28505],[77.74792,36.28724],[77.75385,36.29063],[77.75948,36.29521],[77.76625,36.29828],[77.77417,36.29985],[77.78323,36.2999],[77.79344,36.29844],[77.80271,36.29565],[77.81105,36.29154],[77.81845,36.2861],[77.82491,36.27933],[77.83138,36.27256],[77.83784,36.26579],[77.8443,36.25902],[77.85076,36.25225],[77.85722,36.24548],[77.86368,36.23871],[77.87014,36.23194],[77.87659,36.22517],[77.88305,36.21839],[77.8895,36.21162],[77.89596,36.20485],[77.90241,36.19808],[77.9093,36.19172],[77.91665,36.18578],[77.92443,36.18026],[77.93266,36.17516],[77.94089,36.17006],[77.94912,36.16495],[77.95735,36.15985],[77.96558,36.15474],[77.97628,36.15315],[77.98945,36.15508],[78.0051,36.16053],[78.02322,36.16948],[78.03942,36.17579],[78.0537,36.17943],[78.06604,36.18042],[78.07646,36.17875],[78.08688,36.17604],[78.09729,36.17229],[78.10771,36.1675],[78.11813,36.16167],[78.12672,36.15526],[78.13349,36.14828],[78.13844,36.14073],[78.14156,36.1326],[78.14604,36.12544],[78.15188,36.11925],[78.15907,36.11401],[78.16761,36.10974],[78.17615,36.10547],[78.18469,36.1012],[78.19324,36.09693],[78.20178,36.09266],[78.21162,36.0905],[78.22276,36.09045],[78.23521,36.0925],[78.24896,36.09667],[78.26073,36.09865],[78.27052,36.09844],[78.27833,36.09604],[78.28417,36.09146],[78.29047,36.0887],[78.29724,36.08776],[78.30448,36.08865],[78.31219,36.09136],[78.31948,36.09266],[78.32635,36.09255],[78.33281,36.09104],[78.33886,36.08813],[78.34714,36.08729],[78.35765,36.08854],[78.37041,36.09188],[78.38541,36.0973],[78.39911,36.09959],[78.41151,36.09875],[78.42261,36.0948],[78.43241,36.08771],[78.4422,36.08063],[78.45199,36.07355],[78.46178,36.06646],[78.47157,36.05938],[78.47875,36.05297],[78.48334,36.04724],[78.48531,36.04219],[78.48469,36.03781],[78.48547,36.0338],[78.48766,36.03016],[78.49125,36.02688],[78.49625,36.02396],[78.50167,36.02151],[78.5075,36.01953],[78.51375,36.01802],[78.52042,36.01699],[78.52709,36.01595],[78.53375,36.01491],[78.54042,36.01386],[78.54709,36.01282],[78.55542,36.01152],[78.56542,36.00996],[78.57709,36.00814],[78.59042,36.00605],[78.60271,36.00537],[78.61396,36.0061],[78.62417,36.00823],[78.63333,36.01177],[78.64318,36.01375],[78.6537,36.01417],[78.6649,36.01302]]]]}},{"type":"Feature","properties":{"basin_id":"basins_huai_main"},"geometry":{"type":"MultiPolygon","coordinates":[[[[113.3653,32.30403],[113.37334,32.30125],[113.38282,32.29521],[113.39372,32.28591],[113.40605,32.27334],[113.4198,32.2575],[113.43297,32.24576],[113.44558,32.2381],[113.4576,32.23454],[113.46906,32.23506],[113.48052,32.23558],[113.49198,32.2361],[113.50344,32.23662],[113.5149,32.23714],[113.52396,32.23263],[113.53063,32.2231],[113.5349,32.20854],[113.53677,32.18896],[113.5411,32.17135],[113.54787,32.15573],[113.55709,32.14209],[113.56876,32.13042],[113.58047,32.12203],[113.59224,32.11693],[113.60406,32.11511],[113.61593,32.11657],[113.62781,32.11803],[113.63968,32.11949],[113.65156,32.12095],[113.66344,32.1224],[113.67544,32.12107],[113.68759,32.11696],[113.69986,32.11006],[113.71226,32.10037],[113.72311,32.0919],[113.7324,32.08463],[113.74015,32.07858],[113.74635,32.07373],[113.75254,32.06889],[113.75874,32.06404],[113.76493,32.0592],[113.77113,32.05435],[113.774,32.04801],[113.77355,32.04017],[113.76979,32.03083],[113.76271,32.02],[113.7576,32.00875],[113.75448,31.99708],[113.75333,31.985],[113.75417,31.9725],[113.75318,31.96313],[113.75036,31.95688],[113.74573,31.95375],[113.73927,31.95375],[113.73307,31.95125],[113.72713,31.94625],[113.72146,31.93875],[113.71604,31.92875],[113.71451,31.91912],[113.71685,31.90985],[113.72308,31.90094],[113.73319,31.8924],[113.7433,31.88386],[113.7534,31.87532],[113.7635,31.86678],[113.7736,31.85823],[113.78118,31.8499],[113.78623,31.84177],[113.78875,31.83385],[113.78875,31.82615],[113.79193,31.82078],[113.79828,31.81776],[113.80781,31.81709],[113.82052,31.81875],[113.83315,31.81716],[113.84571,31.81232],[113.85819,31.80423],[113.87059,31.79287],[113.88299,31.78152],[113.89539,31.77017],[113.90778,31.75881],[113.92017,31.74745],[113.93071,31.73914],[113.9394,31.73388],[113.94625,31.73167],[113.95125,31.7325],[113.95812,31.73557],[113.96687,31.74089],[113.97749,31.74844],[113.98999,31.75823],[114.00203,31.76552],[114.01359,31.77031],[114.02469,31.77261],[114.03531,31.7724],[114.04536,31.7749],[114.05484,31.78011],[114.06375,31.78802],[114.07208,31.79865],[114.07963,31.80625],[114.08641,31.81083],[114.0924,31.8124],[114.0976,31.81094],[114.10196,31.81093],[114.10547,31.81238],[114.10813,31.81528],[114.10995,31.81963],[114.11176,31.82398],[114.11357,31.82833],[114.11538,31.83268],[114.11719,31.83703],[114.11947,31.84249],[114.12221,31.84907],[114.12541,31.85675],[114.12908,31.86555],[114.13594,31.87424],[114.14601,31.8828],[114.15927,31.89125],[114.17572,31.89959],[114.18911,31.90364],[114.19943,31.9034],[114.20668,31.89888],[114.21085,31.89008],[114.21502,31.88128],[114.21919,31.87248],[114.22336,31.86368],[114.22753,31.85488],[114.23169,31.84607],[114.23586,31.83727],[114.24003,31.82847],[114.24419,31.81967],[114.24835,31.81086],[114.25252,31.80206],[114.25668,31.79326],[114.26084,31.78446],[114.26792,31.77702],[114.27792,31.77095],[114.29084,31.76625],[114.30667,31.76292],[114.31823,31.75714],[114.32552,31.74891],[114.32854,31.73823],[114.32729,31.7251],[114.32479,31.71464],[114.32104,31.70682],[114.31604,31.70167],[114.30979,31.69917],[114.30516,31.69255],[114.30214,31.68182],[114.30073,31.66698],[114.30094,31.64802],[114.30412,31.63245],[114.31026,31.62026],[114.31938,31.61146],[114.33147,31.60605],[114.34355,31.60063],[114.35564,31.59522],[114.36772,31.5898],[114.3798,31.58438],[114.39079,31.57771],[114.40068,31.56979],[114.40948,31.56063],[114.41719,31.55021],[114.42486,31.54404],[114.43249,31.54213],[114.44008,31.54447],[114.44763,31.55106],[114.45589,31.55827],[114.46484,31.56608],[114.47451,31.5745],[114.48487,31.58353],[114.49561,31.58963],[114.50673,31.5928],[114.51823,31.59302],[114.53011,31.59031],[114.53985,31.58651],[114.54745,31.58162],[114.55292,31.57563],[114.55625,31.56854],[114.56156,31.56391],[114.56885,31.56172],[114.57812,31.56198],[114.58937,31.56469],[114.60026,31.57047],[114.61078,31.57932],[114.62093,31.59125],[114.63072,31.60625],[114.64083,31.61849],[114.65125,31.62797],[114.66198,31.63469],[114.67302,31.63865],[114.68307,31.63943],[114.69214,31.63703],[114.70021,31.63146],[114.70729,31.62271],[114.71432,31.6174],[114.7213,31.61552],[114.72823,31.61708],[114.7351,31.62208],[114.74365,31.62537],[114.75385,31.62693],[114.76573,31.62677],[114.77927,31.6249],[114.79123,31.6211],[114.80159,31.61537],[114.81037,31.60771],[114.81756,31.59813],[114.82475,31.58855],[114.83194,31.57896],[114.83913,31.56938],[114.84631,31.55979],[114.85168,31.55116],[114.85523,31.54349],[114.85696,31.53677],[114.85688,31.53101],[114.85679,31.52438],[114.85669,31.51688],[114.85657,31.50851],[114.85644,31.49927],[114.85765,31.49328],[114.86019,31.49054],[114.86406,31.49104],[114.86927,31.49479],[114.87464,31.49667],[114.88016,31.49667],[114.88583,31.49479],[114.89167,31.49104],[114.8995,31.48917],[114.90935,31.48917],[114.92119,31.49105],[114.93504,31.4948],[114.9489,31.49855],[114.96275,31.5023],[114.97661,31.50605],[114.99046,31.5098],[115.0032,31.51558],[115.01481,31.52339],[115.02531,31.53323],[115.03468,31.54511],[115.04549,31.55534],[115.05773,31.56394],[115.0714,31.57089],[115.0865,31.57621],[115.1016,31.58153],[115.1167,31.58684],[115.13181,31.59215],[115.14692,31.59746],[115.15929,31.59894],[115.16893,31.59659],[115.17584,31.59042],[115.18,31.58042],[115.18594,31.57245],[115.19365,31.56651],[115.20313,31.56261],[115.21438,31.56073],[115.22233,31.55574],[115.227,31.54762],[115.22837,31.53639],[115.22644,31.52203],[115.2247,31.50897],[115.22312,31.49721],[115.22172,31.48674],[115.2205,31.47756],[115.21927,31.46838],[115.21804,31.4592],[115.21682,31.45003],[115.21559,31.44085],[115.21681,31.43371],[115.22046,31.4286],[115.22656,31.42552],[115.2351,31.42448],[115.24182,31.42146],[115.24672,31.41646],[115.24979,31.40948],[115.25104,31.40052],[115.25462,31.39425],[115.26052,31.39067],[115.26875,31.38979],[115.27931,31.39159],[115.29193,31.39374],[115.30662,31.39624],[115.32337,31.39909],[115.34219,31.40229],[115.35734,31.40375],[115.36884,31.40347],[115.37667,31.40146],[115.38083,31.39771],[115.38266,31.39229],[115.38213,31.38521],[115.37927,31.37646],[115.37406,31.36604],[115.37284,31.35811],[115.37561,31.35265],[115.38237,31.34968],[115.39311,31.34919],[115.40301,31.34873],[115.41207,31.34831],[115.4203,31.34794],[115.42768,31.3476],[115.43405,31.34328],[115.43941,31.33498],[115.44375,31.32271],[115.44709,31.30646],[115.45188,31.29344],[115.45813,31.28365],[115.46584,31.27709],[115.475,31.27375],[115.48417,31.27042],[115.49334,31.26709],[115.5025,31.26375],[115.51167,31.26042],[115.51886,31.25432],[115.52406,31.24547],[115.52729,31.23385],[115.52854,31.21948],[115.53102,31.20703],[115.53472,31.19651],[115.53964,31.18792],[115.54579,31.18125],[115.55193,31.17459],[115.55808,31.16792],[115.56422,31.16125],[115.57037,31.15458],[115.57688,31.15164],[115.58375,31.15242],[115.59098,31.15693],[115.59858,31.16516],[115.60619,31.17339],[115.61379,31.18162],[115.6214,31.18985],[115.629,31.19808],[115.63664,31.20435],[115.6443,31.20867],[115.65198,31.21104],[115.65969,31.21146],[115.66781,31.21094],[115.67636,31.20948],[115.68531,31.20708],[115.69469,31.20375],[115.70365,31.19833],[115.71219,31.19084],[115.72032,31.18125],[115.72803,31.16959],[115.73574,31.15792],[115.74345,31.14625],[115.75116,31.13459],[115.75886,31.12292],[115.76784,31.11563],[115.7781,31.11271],[115.78963,31.11417],[115.80244,31.12001],[115.81525,31.12584],[115.82806,31.13168],[115.84087,31.13751],[115.85369,31.14334],[115.86408,31.14485],[115.87206,31.14203],[115.87761,31.1349],[115.88073,31.12344],[115.88657,31.1125],[115.89511,31.10209],[115.90636,31.09219],[115.92032,31.08282],[115.93058,31.07401],[115.93714,31.06578],[115.94,31.05813],[115.93917,31.05104],[115.94114,31.04517],[115.94592,31.0405],[115.95351,31.03703],[115.96391,31.03478],[115.9763,31.03209],[115.99067,31.02896],[116.00704,31.02541],[116.02539,31.02141],[116.04041,31.01461],[116.05208,31.00501],[116.06042,30.9926],[116.06542,30.9774],[116.07123,30.96737],[116.07784,30.96253],[116.08526,30.96287],[116.09348,30.96839],[116.10171,30.97391],[116.10994,30.97943],[116.11817,30.98495],[116.1264,30.99047],[116.1368,30.99381],[116.14935,30.99496],[116.16407,30.99392],[116.18095,30.99069],[116.19782,30.98747],[116.2147,30.98424],[116.23157,30.98101],[116.24844,30.97777],[116.26354,30.97701],[116.27687,30.97873],[116.28843,30.98292],[116.29823,30.98958],[116.30583,30.99297],[116.31125,30.99307],[116.31448,30.9899],[116.31552,30.98344],[116.3187,30.97844],[116.32401,30.9749],[116.33146,30.97281],[116.34104,30.97219],[116.35125,30.97443],[116.36208,30.97954],[116.37353,30.98751],[116.38561,30.99834],[116.39618,31.00782],[116.40524,31.01595],[116.41279,31.02272],[116.41883,31.02813],[116.42488,31.03355],[116.43092,31.03897],[116.43697,31.04438],[116.44301,31.0498],[116.44841,31.05584],[116.45315,31.0625],[116.45724,31.06979],[116.46067,31.07771],[116.46411,31.08563],[116.46755,31.09354],[116.47099,31.10146],[116.47442,31.10938],[116.47581,31.11745],[116.47513,31.12568],[116.4724,31.13406],[116.46761,31.1426],[116.46573,31.1512],[116.46677,31.15984],[116.47073,31.16854],[116.4776,31.17729],[116.48083,31.18641],[116.48042,31.19589],[116.47636,31.20573],[116.46865,31.21594],[116.46443,31.22599],[116.4637,31.23589],[116.46646,31.24563],[116.47271,31.25521],[116.47682,31.265],[116.4788,31.275],[116.47865,31.28521],[116.47636,31.29563],[116.47771,31.30594],[116.48271,31.31615],[116.49135,31.32625],[116.50364,31.33625],[116.51218,31.34724],[116.51698,31.35922],[116.51802,31.37219],[116.51531,31.38615],[116.51484,31.39885],[116.51661,31.41031],[116.52062,31.42052],[116.52687,31.42948],[116.52849,31.43766],[116.52547,31.44505],[116.51782,31.45167],[116.50552,31.4575],[116.49498,31.46396],[116.48618,31.47104],[116.47912,31.47875],[116.47381,31.48709],[116.4685,31.49542],[116.46318,31.50375],[116.45787,31.51209],[116.45256,31.52042],[116.45063,31.52841],[116.45208,31.53607],[116.45692,31.54339],[116.46515,31.55037],[116.47338,31.55735],[116.4816,31.56433],[116.48983,31.57131],[116.49807,31.57828],[116.50515,31.58703],[116.51109,31.59755],[116.51588,31.60984],[116.51952,31.62391],[116.52317,31.63797],[116.52681,31.65203],[116.53046,31.6661],[116.53411,31.68016],[116.54135,31.69071],[116.55219,31.69774],[116.56661,31.70126],[116.58464,31.70127],[116.60266,31.70127],[116.62068,31.70127],[116.6387,31.70127],[116.65672,31.70126],[116.67216,31.70287],[116.68502,31.7061],[116.69531,31.71094],[116.70302,31.7174],[116.7105,31.72081],[116.71774,31.72118],[116.72476,31.71851],[116.73154,31.7128],[116.73758,31.7077],[116.74289,31.70322],[116.74747,31.69936],[116.75132,31.69611],[116.75441,31.69488],[116.75675,31.69565],[116.75833,31.69844],[116.75917,31.70323],[116.76146,31.70604],[116.76521,31.70688],[116.77042,31.70573],[116.77708,31.7026],[116.78604,31.70224],[116.79729,31.70464],[116.81083,31.7098],[116.82666,31.71771],[116.83797,31.72599],[116.84474,31.73464],[116.84698,31.74365],[116.84469,31.75302],[116.84438,31.76172],[116.84604,31.76974],[116.84969,31.77708],[116.85531,31.78375],[116.86307,31.78677],[116.87297,31.78615],[116.885,31.78188],[116.89917,31.77396],[116.91032,31.77029],[116.91846,31.77086],[116.92358,31.77567],[116.9257,31.78473],[116.92821,31.79551],[116.93113,31.80801],[116.93444,31.82223],[116.93817,31.83817],[116.94424,31.85091],[116.95266,31.86045],[116.96343,31.86678],[116.97656,31.86991],[116.98968,31.87303],[117.00281,31.87616],[117.01593,31.87928],[117.02906,31.8824],[117.03875,31.88852],[117.045,31.89763],[117.04781,31.90974],[117.04719,31.92484],[117.04656,31.93995],[117.04594,31.95505],[117.04531,31.97016],[117.04469,31.98526],[117.04752,31.99873],[117.05382,32.01055],[117.06358,32.02074],[117.07681,32.02928],[117.09003,32.03782],[117.10326,32.04637],[117.11649,32.05491],[117.12973,32.06344],[117.14205,32.06896],[117.15346,32.07146],[117.16396,32.07094],[117.17355,32.0674],[117.18313,32.06386],[117.19271,32.06032],[117.2023,32.05678],[117.21188,32.05323],[117.22122,32.05187],[117.23033,32.05267],[117.23921,32.05566],[117.24785,32.06082],[117.25649,32.06598],[117.26513,32.07114],[117.27377,32.07629],[117.28242,32.08145],[117.29322,32.0879],[117.30619,32.09563],[117.32133,32.10465],[117.33863,32.11496],[117.35442,32.12186],[117.3687,32.12534],[117.38146,32.12542],[117.39271,32.12209],[117.40396,32.11876],[117.41521,32.11542],[117.42646,32.11209],[117.43771,32.10876],[117.45063,32.10756],[117.46521,32.10849],[117.48145,32.11157],[117.49937,32.11678],[117.51411,32.1224],[117.52567,32.12844],[117.53406,32.1349],[117.53927,32.14177],[117.54635,32.14636],[117.55531,32.14865],[117.56615,32.14865],[117.57886,32.14636],[117.58844,32.14656],[117.5949,32.14927],[117.59823,32.15448],[117.59844,32.16219],[117.60094,32.16896],[117.60573,32.17479],[117.61281,32.17969],[117.62219,32.18365],[117.63232,32.18604],[117.6432,32.18688],[117.65485,32.18615],[117.66724,32.18386],[117.67964,32.18157],[117.69204,32.17928],[117.70443,32.17699],[117.71683,32.17469],[117.72839,32.17487],[117.73911,32.17753],[117.749,32.18266],[117.75806,32.19027],[117.76712,32.19787],[117.77619,32.20547],[117.78525,32.21308],[117.79432,32.22068],[117.80442,32.22649],[117.81557,32.2305],[117.82776,32.23272],[117.84099,32.23313],[117.85422,32.23355],[117.86745,32.23397],[117.88068,32.23438],[117.89391,32.2348],[117.90526,32.23797],[117.91474,32.24391],[117.92234,32.25261],[117.92806,32.26406],[117.93379,32.27552],[117.93952,32.28698],[117.94525,32.29844],[117.95098,32.3099],[117.95778,32.31865],[117.96565,32.32469],[117.97458,32.32802],[117.98458,32.32865],[117.992,32.33142],[117.99683,32.33635],[117.99907,32.34343],[117.99873,32.35266],[117.9984,32.36149],[117.99809,32.36993],[117.99779,32.37797],[117.99751,32.38561],[117.99896,32.39171],[118.00215,32.39627],[118.00708,32.39927],[118.01375,32.40073],[118.01963,32.40615],[118.02474,32.41552],[118.02906,32.42885],[118.0326,32.44615],[118.03719,32.45917],[118.04281,32.46792],[118.04948,32.4724],[118.05719,32.47261],[118.06422,32.47474],[118.07057,32.4788],[118.07625,32.48479],[118.08125,32.49271],[118.08963,32.49922],[118.1014,32.50433],[118.11656,32.50803],[118.1351,32.51032],[118.15104,32.51407],[118.16437,32.51927],[118.1751,32.52594],[118.18323,32.53406],[118.18937,32.54339],[118.19354,32.55391],[118.19573,32.56563],[118.19594,32.57854],[118.19854,32.59005],[118.20354,32.60016],[118.21093,32.60886],[118.22073,32.61615],[118.22687,32.62386],[118.22938,32.63198],[118.22823,32.64052],[118.22344,32.64948],[118.2238,32.65597],[118.22932,32.65998],[118.24,32.66152],[118.25584,32.66059],[118.27167,32.65965],[118.2875,32.65871],[118.30334,32.65777],[118.31917,32.65683],[118.33245,32.66024],[118.34317,32.668],[118.35135,32.6801],[118.35698,32.69656],[118.36442,32.70865],[118.3737,32.71636],[118.38479,32.71969],[118.39771,32.71865],[118.40865,32.71901],[118.4176,32.72078],[118.42458,32.72396],[118.42958,32.72854],[118.43383,32.73453],[118.43732,32.74193],[118.44005,32.75073],[118.44203,32.76094],[118.44401,32.77115],[118.44599,32.78135],[118.44797,32.79156],[118.44995,32.80177],[118.45508,32.80901],[118.46336,32.81328],[118.47479,32.81458],[118.48937,32.81291],[118.50302,32.81134],[118.51572,32.80989],[118.5275,32.80853],[118.53833,32.80729],[118.54693,32.80776],[118.55328,32.80995],[118.5574,32.81385],[118.55927,32.81948],[118.56385,32.82453],[118.57114,32.82901],[118.58114,32.83292],[118.59385,32.83625],[118.60359,32.84083],[118.61036,32.84667],[118.61417,32.85375],[118.615,32.86208],[118.62026,32.8686],[118.62995,32.87328],[118.64406,32.87615],[118.6626,32.87719],[118.67807,32.88123],[118.69046,32.88826],[118.69978,32.89828],[118.70603,32.9113],[118.71228,32.92433],[118.71853,32.93735],[118.72478,32.95037],[118.73103,32.96339],[118.7351,32.9768],[118.73698,32.9906],[118.73667,33.00479],[118.73417,33.01938],[118.73422,33.03214],[118.73682,33.04307],[118.74198,33.05219],[118.74969,33.05948],[118.75786,33.06479],[118.76651,33.06813],[118.77563,33.06948],[118.78521,33.06886],[118.79479,33.06823],[118.80438,33.06761],[118.81396,33.06698],[118.82354,33.06636],[118.83401,33.0637],[118.84537,33.05901],[118.85761,33.05229],[118.87073,33.04354],[118.88354,33.03834],[118.89604,33.03667],[118.90823,33.03854],[118.9201,33.04396],[118.92635,33.0488],[118.92698,33.05307],[118.92198,33.05677],[118.91136,33.0599],[118.90089,33.06542],[118.89058,33.07333],[118.88042,33.08365],[118.87042,33.09636],[118.85943,33.10552],[118.84745,33.11115],[118.83448,33.11323],[118.82052,33.11177],[118.81021,33.11375],[118.80354,33.11917],[118.80052,33.12802],[118.80114,33.14031],[118.80177,33.1526],[118.80239,33.1649],[118.80302,33.17719],[118.80364,33.18948],[118.80521,33.19854],[118.80771,33.20438],[118.81115,33.20698],[118.81552,33.20635],[118.81807,33.20688],[118.8188,33.20854],[118.81771,33.21135],[118.81479,33.21531],[118.81448,33.22143],[118.81677,33.22971],[118.82166,33.24016],[118.82915,33.25276],[118.83665,33.26537],[118.84415,33.27797],[118.85165,33.29058],[118.85916,33.30318],[118.8676,33.31399],[118.87697,33.323],[118.88728,33.33021],[118.89853,33.33563],[118.90978,33.34105],[118.92103,33.34647],[118.93228,33.35188],[118.94353,33.3573],[118.95052,33.36422],[118.95323,33.37266],[118.95167,33.3826],[118.94584,33.39406],[118.94479,33.40417],[118.94854,33.41292],[118.95708,33.42032],[118.97041,33.42636],[118.97979,33.43266],[118.98521,33.43922],[118.98667,33.44604],[118.98417,33.45313],[118.98422,33.45906],[118.98682,33.46385],[118.99198,33.4675],[118.99969,33.47],[119.00339,33.47422],[119.00307,33.48016],[118.99875,33.48781],[118.99042,33.49719],[118.985,33.50544],[118.98248,33.51257],[118.98288,33.51858],[118.98619,33.52347],[118.98935,33.52814],[118.99237,33.53259],[118.99523,33.53682],[118.99795,33.54084],[119.00067,33.54485],[119.00339,33.54887],[119.00611,33.55288],[119.00883,33.55689],[119.0095,33.55985],[119.0081,33.56176],[119.00465,33.5626],[118.99914,33.56239],[118.99233,33.56213],[118.9842,33.56182],[118.97477,33.56145],[118.96403,33.56104],[118.95769,33.56247],[118.95576,33.56576],[118.95822,33.57089],[118.9651,33.57787],[118.97197,33.58485],[118.97885,33.59183],[118.98572,33.5988],[118.9926,33.60578],[118.99812,33.61518],[119.00229,33.62701],[119.0051,33.64125],[119.00656,33.65792],[119.0101,33.66984],[119.01573,33.67703],[119.02344,33.67948],[119.03323,33.67719],[119.04385,33.67672],[119.05531,33.67808],[119.0676,33.68125],[119.08073,33.68625],[119.08453,33.69131],[119.07901,33.69641],[119.06417,33.70157],[119.04001,33.70678],[119.0199,33.70865],[119.00385,33.70719],[118.99187,33.7024],[118.98396,33.69427],[118.97838,33.68651],[118.97516,33.67911],[118.97427,33.67208],[118.97573,33.66542],[118.97349,33.65807],[118.96755,33.65005],[118.95791,33.64136],[118.94458,33.63198],[118.93431,33.62737],[118.9271,33.62753],[118.92295,33.63245],[118.92185,33.64214],[118.92076,33.65182],[118.91967,33.66151],[118.91857,33.6712],[118.91748,33.68089],[118.91639,33.69057],[118.91529,33.70026],[118.9142,33.70995],[118.91311,33.71964],[118.91201,33.72932],[118.91092,33.73901],[118.90982,33.7487],[118.90873,33.75839],[118.90468,33.76477],[118.89767,33.76784],[118.88771,33.76761],[118.87479,33.76406],[118.86484,33.7599],[118.85786,33.7551],[118.85385,33.74969],[118.85281,33.74365],[118.85078,33.74047],[118.84776,33.74016],[118.84375,33.74271],[118.83875,33.74813],[118.83052,33.75177],[118.81906,33.75365],[118.80437,33.75375],[118.78646,33.75209],[118.77224,33.75209],[118.76172,33.75375],[118.7549,33.75708],[118.75177,33.76208],[118.74691,33.76488],[118.74032,33.76547],[118.73199,33.76386],[118.72192,33.76004],[118.71126,33.756],[118.70001,33.75173],[118.68817,33.74723],[118.67573,33.7425],[118.66276,33.7399],[118.64926,33.73941],[118.63521,33.74104],[118.62063,33.74479],[118.60841,33.74972],[118.59857,33.75581],[118.5911,33.76307],[118.586,33.77151],[118.58089,33.77995],[118.57579,33.78839],[118.57068,33.79682],[118.56558,33.80526],[118.55904,33.81185],[118.55107,33.81659],[118.54167,33.81948],[118.53083,33.82052],[118.52198,33.82271],[118.5151,33.82604],[118.51021,33.83052],[118.50729,33.83615],[118.50381,33.83996],[118.49976,33.84196],[118.49514,33.84216],[118.48996,33.84054],[118.48404,33.83869],[118.47737,33.8366],[118.46996,33.83429],[118.46181,33.83174],[118.45434,33.83144],[118.44756,33.8334],[118.44146,33.8376],[118.43604,33.84406],[118.42849,33.84865],[118.4188,33.85136],[118.40698,33.85219],[118.39302,33.85115],[118.37953,33.85276],[118.36651,33.85703],[118.35396,33.86396],[118.34188,33.87354],[118.33375,33.88287],[118.32958,33.89193],[118.32937,33.90073],[118.33312,33.90927],[118.33406,33.91573],[118.33219,33.9201],[118.3275,33.9224],[118.32,33.92261],[118.31453,33.92469],[118.31109,33.92865],[118.30969,33.93448],[118.31031,33.94219],[118.31094,33.9499],[118.31156,33.9576],[118.31219,33.96531],[118.31281,33.97302],[118.31557,33.97901],[118.32047,33.98328],[118.3275,33.98583],[118.33667,33.98667],[118.34646,33.98537],[118.35688,33.98193],[118.36792,33.97636],[118.37959,33.96865],[118.38781,33.96537],[118.39261,33.96651],[118.39396,33.97208],[118.39188,33.98208],[118.39294,33.99077],[118.39715,33.99814],[118.4045,34.0042],[118.415,34.00895],[118.42532,34.01361],[118.43544,34.01818],[118.44538,34.02267],[118.45512,34.02707],[118.46487,34.03146],[118.47462,34.03586],[118.48437,34.04026],[118.49412,34.04466],[118.49961,34.04905],[118.50084,34.05343],[118.49781,34.05781],[118.49052,34.06219],[118.48578,34.06714],[118.48359,34.07266],[118.48396,34.07875],[118.48687,34.08542],[118.4862,34.08938],[118.48193,34.09063],[118.47406,34.08917],[118.4626,34.085],[118.45161,34.08263],[118.4411,34.08206],[118.43104,34.08328],[118.42146,34.08631],[118.41188,34.08933],[118.4023,34.09235],[118.39271,34.09537],[118.38313,34.09839],[118.37318,34.09992],[118.36286,34.09998],[118.35219,34.09854],[118.34114,34.09563],[118.3319,34.08935],[118.32445,34.07971],[118.3188,34.06672],[118.31494,34.05037],[118.31156,34.03606],[118.30867,34.02379],[118.30626,34.01357],[118.30434,34.00539],[118.30265,33.99824],[118.30121,33.9921],[118.30001,33.98699],[118.29904,33.9829],[118.29808,33.97882],[118.29712,33.97473],[118.29616,33.97064],[118.29519,33.96655],[118.29067,33.96427],[118.28259,33.96379],[118.27094,33.96511],[118.25574,33.96824],[118.24053,33.97137],[118.22532,33.97449],[118.21011,33.97762],[118.1949,33.98074],[118.18124,33.98428],[118.16914,33.98825],[118.15858,33.99263],[118.14958,33.99744],[118.1405,34.00229],[118.13133,34.00719],[118.12208,34.01213],[118.11275,34.01711],[118.10596,34.01684],[118.10171,34.01131],[118.1,34.00052],[118.10083,33.98448],[118.09885,33.97401],[118.09406,33.96912],[118.08646,33.96979],[118.07604,33.97604],[118.0651,33.97839],[118.05364,33.97683],[118.04166,33.97136],[118.02916,33.96198],[118.01791,33.95698],[118.00792,33.95636],[117.99917,33.9601],[117.99167,33.96823],[117.98443,33.9726],[117.97745,33.97323],[117.97073,33.9701],[117.96427,33.96323],[117.95716,33.95899],[117.9494,33.95737],[117.94099,33.95839],[117.93193,33.96204],[117.92287,33.96568],[117.91381,33.96933],[117.90474,33.97297],[117.89568,33.97662],[117.88284,33.9793],[117.86622,33.98102],[117.84583,33.98178],[117.82167,33.98157],[117.80219,33.98365],[117.7874,33.98802],[117.77729,33.99469],[117.77188,34.00365],[117.7636,34.01193],[117.75246,34.01954],[117.73845,34.02647],[117.72158,34.03272],[117.70471,34.03898],[117.68783,34.04523],[117.67095,34.05147],[117.65407,34.05772],[117.63907,34.061],[117.62594,34.06131],[117.61469,34.05865],[117.60531,34.05302],[117.59633,34.05099],[117.58774,34.05255],[117.57954,34.05771],[117.57173,34.06646],[117.56392,34.07521],[117.55611,34.08396],[117.54829,34.09271],[117.54048,34.10146],[117.53133,34.10818],[117.52086,34.11287],[117.50906,34.11552],[117.49594,34.11615],[117.48391,34.11516],[117.47297,34.11255],[117.46312,34.10833],[117.45437,34.1025],[117.44698,34.09958],[117.44094,34.09958],[117.43625,34.1025],[117.43292,34.10833],[117.42823,34.11047],[117.42219,34.10891],[117.41479,34.10365],[117.40604,34.09469],[117.39995,34.09068],[117.39651,34.09161],[117.39573,34.0975],[117.3976,34.10833],[117.39728,34.11779],[117.39476,34.12586],[117.39004,34.13256],[117.38311,34.13787],[117.37619,34.14319],[117.36927,34.1485],[117.36234,34.15381],[117.35542,34.15913],[117.34676,34.16577],[117.33637,34.17374],[117.32424,34.18303],[117.31038,34.19365],[117.30014,34.20344],[117.29352,34.2124],[117.29052,34.22052],[117.29115,34.22781],[117.28849,34.2312],[117.28255,34.23068],[117.27333,34.22625],[117.26083,34.21792],[117.25008,34.2136],[117.24107,34.21328],[117.23381,34.21698],[117.22829,34.22469],[117.22277,34.2324],[117.21725,34.24011],[117.21173,34.24781],[117.2062,34.25552],[117.1994,34.26162],[117.19133,34.2661],[117.18198,34.26896],[117.17135,34.27021],[117.16083,34.26972],[117.15041,34.26748],[117.1401,34.26349],[117.12989,34.25777],[117.11968,34.25204],[117.10947,34.24631],[117.09926,34.24058],[117.08906,34.23485],[117.08119,34.23261],[117.07568,34.23385],[117.0725,34.23859],[117.07167,34.24682],[117.07083,34.25505],[117.07,34.26328],[117.06917,34.27151],[117.06833,34.27974],[117.06399,34.28643],[117.05612,34.29159],[117.04474,34.29522],[117.02985,34.2973],[117.01495,34.29939],[117.00006,34.30147],[116.98516,34.30355],[116.97026,34.30563],[116.95709,34.3087],[116.94563,34.31276],[116.93589,34.31781],[116.92787,34.32386],[116.91985,34.3299],[116.91183,34.33594],[116.90381,34.34198],[116.89579,34.34802],[116.88461,34.35412],[116.87029,34.36027],[116.85282,34.36646],[116.83219,34.37271],[116.81657,34.37896],[116.80594,34.38521],[116.80031,34.39146],[116.79969,34.39771],[116.79682,34.40422],[116.79172,34.41099],[116.78438,34.41802],[116.7748,34.42532],[116.76522,34.43261],[116.75564,34.4399],[116.74605,34.44719],[116.73647,34.45448],[116.72472,34.46047],[116.71081,34.46516],[116.69474,34.46855],[116.67652,34.47064],[116.65829,34.47273],[116.64006,34.47481],[116.62183,34.47689],[116.6036,34.47897],[116.58685,34.47977],[116.57159,34.4793],[116.55781,34.47756],[116.54551,34.47454],[116.53322,34.47152],[116.52093,34.4685],[116.50864,34.46548],[116.49635,34.46245],[116.48388,34.46162],[116.47123,34.46297],[116.45839,34.46652],[116.44538,34.47225],[116.43236,34.47798],[116.41934,34.48371],[116.40631,34.48944],[116.39329,34.49516],[116.38063,34.49935],[116.36833,34.50201],[116.35641,34.50313],[116.34484,34.50272],[116.33328,34.5023],[116.32172,34.50188],[116.31016,34.50147],[116.29859,34.50105],[116.28773,34.50266],[116.27758,34.5063],[116.26813,34.51198],[116.25938,34.51969],[116.25021,34.52531],[116.24063,34.52886],[116.23062,34.53031],[116.22021,34.52969],[116.21078,34.53129],[116.20235,34.53512],[116.19491,34.54118],[116.18846,34.54946],[116.18211,34.55761],[116.17586,34.56563],[116.16971,34.57352],[116.16366,34.58128],[116.15756,34.58647],[116.15141,34.5891],[116.14521,34.58917],[116.13896,34.58667],[116.13229,34.58667],[116.12521,34.58917],[116.11771,34.59417],[116.10979,34.60167],[116.10089,34.60768],[116.09099,34.61222],[116.08011,34.61527],[116.06823,34.61683],[116.05636,34.61839],[116.04448,34.61996],[116.03261,34.62152],[116.02073,34.62308],[116.00896,34.62346],[115.99729,34.62265],[115.98572,34.62066],[115.97426,34.61749],[115.96279,34.61432],[115.95133,34.61115],[115.93987,34.60797],[115.92841,34.6048],[115.91409,34.60083],[115.8969,34.59606],[115.87685,34.5905],[115.85394,34.58413],[115.83463,34.58058],[115.81891,34.57985],[115.80678,34.58193],[115.79824,34.58683],[115.7897,34.59172],[115.78115,34.59662],[115.77261,34.60151],[115.76407,34.60641],[115.75563,34.6093],[115.74729,34.61018],[115.73906,34.60906],[115.73094,34.60594],[115.72557,34.60167],[115.72297,34.59625],[115.72313,34.58969],[115.72604,34.58198],[115.7262,34.57661],[115.72359,34.57359],[115.71823,34.57292],[115.7101,34.57458],[115.70443,34.57453],[115.7012,34.57276],[115.70042,34.56927],[115.70208,34.56406],[115.69828,34.55979],[115.68901,34.55646],[115.67427,34.55407],[115.65406,34.55261],[115.63526,34.55193],[115.61787,34.55204],[115.60188,34.55292],[115.5873,34.55459],[115.57271,34.55626],[115.55813,34.55793],[115.54355,34.55959],[115.52896,34.56126],[115.51578,34.56353],[115.504,34.5664],[115.49362,34.56989],[115.48465,34.57398],[115.47548,34.57816],[115.4661,34.58243],[115.45653,34.58679],[115.44675,34.59124],[115.43864,34.59244],[115.43218,34.5904],[115.42739,34.5851],[115.42427,34.57656],[115.41964,34.57271],[115.41349,34.57354],[115.40584,34.57906],[115.39667,34.58927],[115.38828,34.59662],[115.38068,34.60109],[115.37385,34.60271],[115.36781,34.60146],[115.36078,34.60432],[115.35276,34.6113],[115.34376,34.6224],[115.33376,34.63761],[115.32209,34.64917],[115.30875,34.65709],[115.29375,34.66136],[115.27708,34.66198],[115.26213,34.66063],[115.2489,34.65729],[115.23739,34.65198],[115.2276,34.64469],[115.21969,34.64037],[115.21365,34.63901],[115.20948,34.64063],[115.20719,34.64521],[115.20297,34.64854],[115.19682,34.65063],[115.18875,34.65146],[115.17875,34.65104],[115.17078,34.64844],[115.16484,34.64365],[115.16094,34.63667],[115.15906,34.6275],[115.15718,34.61833],[115.15531,34.60917],[115.15343,34.6],[115.15156,34.59083],[115.14802,34.58302],[115.14281,34.57656],[115.13594,34.57146],[115.12739,34.56771],[115.12042,34.56745],[115.115,34.57068],[115.11115,34.5774],[115.10886,34.5876],[115.10841,34.59737],[115.10982,34.60669],[115.11307,34.61557],[115.11817,34.62401],[115.12327,34.63245],[115.12838,34.64089],[115.13348,34.64932],[115.13859,34.65776],[115.13815,34.66414],[115.13216,34.66847],[115.12063,34.67073],[115.10354,34.67094],[115.08735,34.67417],[115.07204,34.68042],[115.05761,34.68969],[115.04407,34.70198],[115.03172,34.71063],[115.02057,34.71563],[115.01062,34.71698],[115.00187,34.71469],[114.99378,34.71578],[114.98633,34.72026],[114.97954,34.72813],[114.9734,34.73938],[114.96725,34.75063],[114.96111,34.76188],[114.95496,34.77313],[114.94881,34.78438],[114.94576,34.79521],[114.94581,34.80563],[114.94896,34.81563],[114.95521,34.82521],[114.95531,34.83177],[114.94927,34.83532],[114.93708,34.83584],[114.91875,34.83334],[114.90219,34.83284],[114.8874,34.83435],[114.87438,34.83787],[114.86313,34.84339],[114.85189,34.84891],[114.84064,34.85443],[114.82938,34.85995],[114.81813,34.86547],[114.80511,34.87003],[114.79032,34.87362],[114.77375,34.87625],[114.75542,34.87792],[114.73672,34.87766],[114.71765,34.87547],[114.69822,34.87136],[114.67843,34.86532],[114.66049,34.86211],[114.6444,34.86175],[114.63016,34.86422],[114.61777,34.86954],[114.60538,34.87485],[114.59298,34.88017],[114.58058,34.88548],[114.56818,34.89079],[114.55545,34.89258],[114.54237,34.89086],[114.52895,34.88563],[114.5152,34.87688],[114.49859,34.8719],[114.4791,34.87068],[114.45675,34.87324],[114.43152,34.87955],[114.40724,34.88563],[114.3839,34.89146],[114.36152,34.89705],[114.34008,34.9024],[114.32243,34.90386],[114.30859,34.90143],[114.29854,34.8951],[114.29229,34.8849],[114.28573,34.87849],[114.27885,34.87589],[114.27167,34.87708],[114.26417,34.88208],[114.25411,34.88417],[114.24151,34.88334],[114.22635,34.87959],[114.20864,34.87292],[114.1914,34.86948],[114.17464,34.86927],[114.15834,34.8723],[114.1425,34.87855],[114.12865,34.88266],[114.11677,34.88464],[114.10687,34.88448],[114.09896,34.88219],[114.09266,34.88266],[114.08797,34.88589],[114.0849,34.89187],[114.08344,34.90062],[114.07974,34.9087],[114.0738,34.91609],[114.06563,34.92281],[114.05521,34.92886],[114.04401,34.93115],[114.03202,34.92969],[114.01926,34.92449],[114.00571,34.91553],[113.99386,34.90769],[113.9837,34.90097],[113.97524,34.89538],[113.96847,34.8909],[113.9617,34.88642],[113.95493,34.88193],[113.94817,34.87745],[113.9414,34.87297],[113.93336,34.87071],[113.92404,34.87065],[113.91344,34.87281],[113.90156,34.87719],[113.88875,34.8799],[113.875,34.88094],[113.86031,34.88032],[113.84469,34.87802],[113.83281,34.87479],[113.82469,34.87063],[113.82031,34.86552],[113.81969,34.85948],[113.81828,34.85651],[113.81609,34.85661],[113.81313,34.85979],[113.80938,34.86604],[113.80281,34.87115],[113.79344,34.87511],[113.78125,34.87792],[113.76625,34.87959],[113.75547,34.88214],[113.74891,34.88557],[113.74656,34.8899],[113.74844,34.8951],[113.74705,34.89909],[113.74239,34.90184],[113.73446,34.90337],[113.72327,34.90368],[113.70991,34.90404],[113.69439,34.90446],[113.6767,34.90493],[113.65686,34.90546],[113.63837,34.90754],[113.62124,34.91115],[113.60547,34.91632],[113.59107,34.92303],[113.57782,34.9292],[113.56573,34.93482],[113.55481,34.9399],[113.54506,34.94444],[113.53643,34.94691],[113.52895,34.9473],[113.5226,34.94563],[113.51739,34.94188],[113.51229,34.94016],[113.50729,34.94047],[113.5024,34.94281],[113.49761,34.94719],[113.4912,34.94964],[113.48318,34.95016],[113.47354,34.94875],[113.46229,34.94542],[113.45,34.94386],[113.43667,34.94407],[113.42229,34.94605],[113.40688,34.9498],[113.39161,34.94995],[113.37651,34.94651],[113.36156,34.93948],[113.34676,34.92886],[113.33283,34.92034],[113.31976,34.91394],[113.30755,34.90964],[113.29619,34.90745],[113.28484,34.90527],[113.27349,34.90308],[113.26213,34.90089],[113.25078,34.8987],[113.24117,34.89508],[113.23331,34.89003],[113.22719,34.88354],[113.22281,34.87563],[113.22219,34.86787],[113.22531,34.86026],[113.23219,34.85281],[113.24282,34.84552],[113.25042,34.83818],[113.255,34.83078],[113.25656,34.82333],[113.2551,34.81583],[113.25688,34.80802],[113.26188,34.7999],[113.27011,34.79146],[113.28157,34.78271],[113.29131,34.77297],[113.29933,34.76224],[113.30563,34.75052],[113.31021,34.73781],[113.31094,34.72432],[113.30781,34.71005],[113.30083,34.695],[113.28999,34.67917],[113.2825,34.66438],[113.27833,34.65063],[113.2775,34.63792],[113.28,34.62625],[113.27826,34.61735],[113.27227,34.6112],[113.26203,34.60782],[113.24755,34.6072],[113.23307,34.60658],[113.21859,34.60595],[113.20411,34.60532],[113.18963,34.6047],[113.17492,34.60178],[113.15997,34.59657],[113.14479,34.58907],[113.12937,34.57927],[113.11474,34.57219],[113.10088,34.56782],[113.08781,34.56615],[113.07552,34.5672],[113.06323,34.56824],[113.05094,34.56928],[113.03865,34.57032],[113.02636,34.57136],[113.01463,34.57079],[113.00349,34.5686],[112.99291,34.5648],[112.98291,34.55938],[112.97291,34.55396],[112.96291,34.54855],[112.95291,34.54313],[112.94291,34.53771],[112.9338,34.5299],[112.92557,34.51969],[112.91822,34.50708],[112.91177,34.49208],[112.90432,34.48112],[112.89588,34.4742],[112.88646,34.47131],[112.87604,34.47245],[112.86563,34.4736],[112.85521,34.47475],[112.84479,34.47589],[112.83438,34.47704],[112.82764,34.47576],[112.82459,34.47208],[112.82522,34.46598],[112.82953,34.45747],[112.83377,34.4491],[112.83794,34.44087],[112.84203,34.43278],[112.84605,34.42483],[112.84761,34.41638],[112.8467,34.4074],[112.84333,34.39792],[112.8375,34.38792],[112.82863,34.37954],[112.81672,34.37278],[112.80178,34.36763],[112.7838,34.36411],[112.76583,34.36058],[112.74785,34.35704],[112.72988,34.35351],[112.71191,34.34997],[112.69394,34.34644],[112.67597,34.34289],[112.658,34.33935],[112.64004,34.3358],[112.62207,34.33225],[112.60411,34.3287],[112.58615,34.32515],[112.56819,34.32159],[112.55123,34.31736],[112.53527,34.31246],[112.52031,34.30688],[112.50635,34.30063],[112.49489,34.29396],[112.48593,34.28688],[112.47948,34.27938],[112.47552,34.27146],[112.47156,34.26354],[112.4676,34.25563],[112.46364,34.24771],[112.45968,34.23979],[112.45354,34.23357],[112.44521,34.22904],[112.43469,34.2262],[112.42198,34.22506],[112.40927,34.22392],[112.39656,34.22277],[112.38385,34.22162],[112.37114,34.22047],[112.36075,34.21701],[112.35268,34.21123],[112.34692,34.20313],[112.34348,34.19271],[112.34005,34.18229],[112.33661,34.17188],[112.33317,34.16146],[112.32974,34.15104],[112.32388,34.14287],[112.3156,34.13693],[112.3049,34.13323],[112.29177,34.13177],[112.28068,34.1287],[112.27161,34.12401],[112.26458,34.11771],[112.25958,34.10979],[112.25344,34.10354],[112.24614,34.09896],[112.23771,34.09604],[112.22812,34.09479],[112.21963,34.09167],[112.21224,34.08667],[112.20594,34.07979],[112.20073,34.07104],[112.19331,34.06247],[112.18368,34.05406],[112.17185,34.04584],[112.1578,34.03778],[112.14499,34.03043],[112.1334,34.02378],[112.12305,34.01783],[112.11392,34.01259],[112.1048,34.00735],[112.09567,34.0021],[112.08655,33.99686],[112.07743,33.99162],[112.07101,33.98664],[112.06728,33.98194],[112.06625,33.9775],[112.06792,33.97333],[112.06667,33.96912],[112.0625,33.96485],[112.05541,33.96052],[112.04541,33.95615],[112.03541,33.95178],[112.02541,33.9474],[112.01541,33.94303],[112.00541,33.93865],[111.99739,33.93396],[111.99135,33.92896],[111.98729,33.92365],[111.98521,33.91802],[111.98667,33.91188],[111.99167,33.90521],[112.00021,33.89802],[112.0123,33.89031],[112.0213,33.88297],[112.02724,33.87599],[112.0301,33.86937],[112.0299,33.86312],[112.02609,33.85662],[112.01869,33.84985],[112.0077,33.84282],[111.99312,33.83552],[111.98123,33.82658],[111.97205,33.81597],[111.96555,33.80371],[111.96176,33.78979],[111.9583,33.77711],[111.95517,33.76565],[111.95238,33.75542],[111.94993,33.74642],[111.95069,33.73982],[111.95468,33.73564],[111.96187,33.73386],[111.97229,33.73448],[111.98073,33.73302],[111.98719,33.72948],[111.99167,33.72385],[111.99417,33.71615],[112.00125,33.70959],[112.01292,33.70417],[112.02917,33.6999],[112.05,33.69678],[112.06771,33.69709],[112.08229,33.70084],[112.09375,33.70802],[112.10208,33.71865],[112.11242,33.72617],[112.12477,33.73061],[112.13912,33.73194],[112.15547,33.73017],[112.17183,33.7284],[112.18818,33.72663],[112.20454,33.72486],[112.22089,33.72308],[112.23657,33.71985],[112.25157,33.71516],[112.2659,33.70902],[112.27955,33.70142],[112.2932,33.69381],[112.30684,33.68621],[112.32048,33.6786],[112.33413,33.671],[112.3479,33.66665],[112.3618,33.66555],[112.37583,33.66771],[112.39,33.67313],[112.40318,33.67474],[112.41537,33.67255],[112.42657,33.66656],[112.43678,33.65677],[112.44662,33.64938],[112.4561,33.64438],[112.46521,33.64177],[112.47396,33.64156],[112.48164,33.63977],[112.48826,33.63638],[112.49381,33.63141],[112.49829,33.62484],[112.50277,33.61828],[112.50724,33.61172],[112.51172,33.60516],[112.5162,33.59859],[112.52188,33.59461],[112.52875,33.59321],[112.53682,33.59438],[112.54609,33.59813],[112.55536,33.60188],[112.56463,33.60563],[112.5739,33.60938],[112.58317,33.61313],[112.59112,33.61474],[112.59773,33.61422],[112.60302,33.61156],[112.60698,33.60677],[112.61245,33.6037],[112.61943,33.60234],[112.62792,33.60271],[112.63792,33.60479],[112.64938,33.60516],[112.6623,33.60381],[112.67668,33.60074],[112.69251,33.59595],[112.70835,33.59116],[112.72418,33.58637],[112.74001,33.58158],[112.75584,33.57678],[112.76777,33.57115],[112.77578,33.56469],[112.7799,33.5574],[112.7801,33.54927],[112.78156,33.54401],[112.78427,33.54161],[112.78823,33.54208],[112.79344,33.54542],[112.79927,33.54646],[112.80573,33.54521],[112.81281,33.54167],[112.82052,33.53583],[112.82516,33.52839],[112.82672,33.51932],[112.82521,33.50865],[112.82062,33.49635],[112.82156,33.48557],[112.82802,33.47631],[112.84,33.46855],[112.8575,33.4623],[112.86948,33.45479],[112.87594,33.44604],[112.87687,33.43604],[112.87229,33.42479],[112.87146,33.41594],[112.87438,33.40948],[112.88104,33.40542],[112.89146,33.40375],[112.90187,33.40401],[112.91229,33.4062],[112.92271,33.41031],[112.93312,33.41636],[112.94297,33.41896],[112.95224,33.41813],[112.96094,33.41386],[112.96907,33.40615],[112.97818,33.40005],[112.98828,33.39557],[112.99938,33.39271],[113.01146,33.39146],[113.01906,33.38599],[113.02219,33.3763],[113.02083,33.3624],[113.015,33.34427],[113.01138,33.32742],[113.00998,33.31185],[113.01079,33.29755],[113.01381,33.28453],[113.01683,33.27151],[113.01985,33.25849],[113.02287,33.24547],[113.02589,33.23245],[113.03295,33.2218],[113.04404,33.21352],[113.05917,33.20761],[113.07834,33.20407],[113.09693,33.19881],[113.11495,33.19183],[113.1324,33.18313],[113.14928,33.17271],[113.16271,33.16309],[113.17271,33.15427],[113.17927,33.14625],[113.1824,33.13902],[113.18553,33.1318],[113.18865,33.12457],[113.19178,33.11735],[113.1949,33.11012],[113.19818,33.10254],[113.20162,33.09459],[113.20521,33.08627],[113.20896,33.0776],[113.21417,33.07239],[113.22083,33.07066],[113.22896,33.0724],[113.23854,33.07761],[113.24924,33.08086],[113.26107,33.08217],[113.27401,33.08152],[113.28808,33.07892],[113.30214,33.07631],[113.3162,33.07371],[113.33027,33.0711],[113.34433,33.0685],[113.3519,33.06415],[113.35299,33.05805],[113.3476,33.05021],[113.33572,33.04063],[113.33042,33.02995],[113.33167,33.01818],[113.33949,33.00532],[113.35386,32.99136],[113.36454,32.97896],[113.37151,32.96813],[113.37479,32.95885],[113.37437,32.95115],[113.37547,32.94531],[113.37807,32.94135],[113.38219,32.93927],[113.38781,32.93906],[113.39016,32.93719],[113.38922,32.93365],[113.385,32.92844],[113.3775,32.92156],[113.37187,32.91396],[113.36812,32.90563],[113.36625,32.89656],[113.36625,32.88677],[113.36813,32.87859],[113.37188,32.87203],[113.3775,32.86708],[113.385,32.86375],[113.38927,32.85776],[113.39031,32.84912],[113.38812,32.83781],[113.38271,32.82385],[113.38234,32.81578],[113.38703,32.8136],[113.39676,32.81729],[113.41156,32.82688],[113.42297,32.83198],[113.43099,32.83261],[113.43563,32.82875],[113.43688,32.82042],[113.43979,32.8137],[113.44438,32.80859],[113.45063,32.80511],[113.45854,32.80323],[113.46604,32.80448],[113.47312,32.80886],[113.47978,32.81636],[113.48603,32.82698],[113.49228,32.83761],[113.49853,32.84823],[113.50478,32.85886],[113.51103,32.86948],[113.51979,32.87834],[113.53104,32.88542],[113.54479,32.89073],[113.56104,32.89427],[113.57698,32.89558],[113.59261,32.89464],[113.60792,32.89146],[113.62292,32.88605],[113.63347,32.87899],[113.63956,32.87029],[113.64119,32.85995],[113.63838,32.84797],[113.63557,32.83599],[113.63275,32.82401],[113.62994,32.81203],[113.62713,32.80005],[113.62633,32.78654],[113.62753,32.77148],[113.63073,32.7549],[113.63594,32.73677],[113.63703,32.72323],[113.63401,32.71427],[113.62688,32.7099],[113.61563,32.71011],[113.6074,32.70771],[113.60219,32.70271],[113.6,32.6951],[113.60083,32.6849],[113.5994,32.67635],[113.5957,32.66948],[113.58974,32.66427],[113.58151,32.66073],[113.57328,32.65719],[113.56505,32.65365],[113.55682,32.65011],[113.54859,32.64657],[113.54156,32.64175],[113.53573,32.63565],[113.53109,32.62828],[113.52765,32.61964],[113.52421,32.61099],[113.52078,32.60234],[113.51734,32.5937],[113.5139,32.58505],[113.50768,32.57992],[113.49868,32.57831],[113.48688,32.58022],[113.4723,32.58564],[113.45772,32.59106],[113.44314,32.59647],[113.42855,32.60189],[113.41397,32.6073],[113.40188,32.60836],[113.39229,32.60508],[113.3852,32.59745],[113.38062,32.58547],[113.37603,32.57349],[113.37145,32.56151],[113.36687,32.54953],[113.36229,32.53755],[113.35515,32.52649],[113.34546,32.51633],[113.33322,32.50709],[113.31843,32.49875],[113.30648,32.48935],[113.29737,32.47888],[113.29109,32.46734],[113.28765,32.45474],[113.28421,32.44214],[113.28077,32.42953],[113.27734,32.41693],[113.2739,32.40432],[113.27307,32.39365],[113.27485,32.3849],[113.27922,32.37807],[113.2862,32.37318],[113.29318,32.36828],[113.30016,32.36339],[113.30714,32.35849],[113.31412,32.3536],[113.31862,32.34841],[113.32065,32.34294],[113.32021,32.33719],[113.31729,32.33115],[113.31762,32.32575],[113.3212,32.32099],[113.32803,32.31688],[113.33811,32.3134],[113.34768,32.3101],[113.35674,32.30698],[113.3653,32.30403]]]]}},{"type":"Feature","properties":{"basin_id":"basins_jialingjiang"},"geometry":{"type":"MultiPolygon","coordinates":[[[[103.20392,33.44016],[103.2074,33.43053],[103.21087,33.42089],[103.21435,33.41126],[103.21782,33.40162],[103.22129,33.39198],[103.22563,33.37994],[103.23084,33.36549],[103.23691,33.34862],[103.24384,33.32935],[103.24991,33.31249],[103.25511,33.29803],[103.25944,33.28599],[103.2629,33.27635],[103.26636,33.26671],[103.26982,33.25708],[103.27329,33.24744],[103.27675,33.2378],[103.28021,33.22817],[103.28366,33.21853],[103.28712,33.20889],[103.29058,33.19926],[103.29404,33.18962],[103.29749,33.17998],[103.30095,33.17034],[103.3044,33.16071],[103.31004,33.15374],[103.31786,33.14944],[103.32786,33.14782],[103.34005,33.14886],[103.35224,33.1499],[103.36442,33.15095],[103.37661,33.15199],[103.3888,33.15303],[103.39758,33.15164],[103.40294,33.14784],[103.40489,33.14161],[103.40344,33.13297],[103.40198,33.12432],[103.40052,33.11568],[103.39906,33.10703],[103.3976,33.09839],[103.40028,33.09279],[103.4071,33.09024],[103.41806,33.09075],[103.43316,33.0943],[103.44826,33.09785],[103.46336,33.1014],[103.47846,33.10495],[103.49356,33.10849],[103.50866,33.11204],[103.52376,33.11558],[103.53887,33.11912],[103.55398,33.12266],[103.56908,33.12619],[103.58419,33.12973],[103.5993,33.13326],[103.61441,33.13679],[103.62764,33.13789],[103.63898,33.13656],[103.64843,33.1328],[103.656,33.1266],[103.66357,33.12041],[103.67113,33.11422],[103.67869,33.10803],[103.68626,33.10183],[103.69382,33.09564],[103.70138,33.08944],[103.70894,33.08325],[103.7165,33.07705],[103.72405,33.07086],[103.73161,33.06466],[103.73916,33.05847],[103.74672,33.05227],[103.75427,33.04607],[103.76182,33.03987],[103.76937,33.03368],[103.77692,33.02748],[103.78447,33.02128],[103.79202,33.01508],[103.79957,33.00888],[103.80711,33.00268],[103.81466,32.99648],[103.8222,32.99027],[103.82975,32.98407],[103.83729,32.97787],[103.84483,32.97167],[103.85237,32.96546],[103.85991,32.95926],[103.86745,32.95306],[103.87323,32.94583],[103.87726,32.93757],[103.87953,32.92828],[103.88005,32.91797],[103.88057,32.90766],[103.88109,32.89734],[103.88162,32.88703],[103.88214,32.87672],[103.88013,32.86733],[103.87559,32.85887],[103.86853,32.85134],[103.85893,32.84473],[103.84934,32.83811],[103.83976,32.8315],[103.83017,32.82489],[103.82058,32.81828],[103.811,32.81166],[103.80141,32.80505],[103.79183,32.79843],[103.78225,32.79182],[103.77267,32.7852],[103.76309,32.77858],[103.75352,32.77197],[103.74394,32.76535],[103.73883,32.75888],[103.73819,32.75255],[103.74201,32.74638],[103.75029,32.74036],[103.75933,32.73378],[103.76912,32.72665],[103.77968,32.71896],[103.791,32.71072],[103.80193,32.70276],[103.81248,32.69507],[103.82265,32.68765],[103.83244,32.68052],[103.84223,32.67338],[103.85201,32.66624],[103.8618,32.6591],[103.87158,32.65196],[103.87571,32.64458],[103.87419,32.63694],[103.86702,32.62907],[103.8542,32.62095],[103.84299,32.61384],[103.83338,32.60774],[103.82537,32.60267],[103.81897,32.5986],[103.81256,32.59454],[103.80616,32.59048],[103.79976,32.58641],[103.79335,32.58235],[103.78885,32.57759],[103.78623,32.57214],[103.78552,32.566],[103.78669,32.55916],[103.78787,32.55233],[103.78905,32.54549],[103.79022,32.53865],[103.7914,32.53182],[103.79287,32.52327],[103.79463,32.51302],[103.79669,32.50106],[103.79904,32.48739],[103.80139,32.47372],[103.80374,32.46004],[103.80609,32.44637],[103.80844,32.4327],[103.81079,32.41903],[103.81313,32.40536],[103.81548,32.39169],[103.81782,32.37801],[103.82017,32.36434],[103.82251,32.35067],[103.82485,32.337],[103.8272,32.32333],[103.82954,32.30965],[103.83188,32.29598],[103.83422,32.28231],[103.83656,32.26864],[103.8389,32.25497],[103.84124,32.24129],[103.84357,32.22762],[103.84591,32.21395],[103.84825,32.20028],[103.85058,32.1866],[103.85292,32.17293],[103.85525,32.15926],[103.85524,32.14619],[103.85288,32.13373],[103.84818,32.12188],[103.84114,32.11063],[103.8341,32.09938],[103.82707,32.08814],[103.82003,32.07689],[103.81299,32.06564],[103.80596,32.05439],[103.79893,32.04314],[103.7919,32.03189],[103.78487,32.02064],[103.77785,32.00939],[103.77082,31.99813],[103.7638,31.98688],[103.75678,31.97563],[103.75553,31.96599],[103.76004,31.95797],[103.77032,31.95157],[103.78637,31.94678],[103.80241,31.942],[103.81845,31.9372],[103.83449,31.93241],[103.85053,31.92761],[103.86371,31.91985],[103.87402,31.90912],[103.88148,31.89542],[103.88607,31.87875],[103.89066,31.86209],[103.89525,31.84542],[103.89984,31.82876],[103.90443,31.81209],[103.90844,31.79751],[103.91188,31.78501],[103.91474,31.77459],[103.91703,31.76626],[103.91932,31.75792],[103.92161,31.74959],[103.9239,31.74126],[103.92619,31.73292],[103.92848,31.72459],[103.93077,31.71626],[103.93305,31.70792],[103.93534,31.69959],[103.93763,31.69125],[103.93992,31.68292],[103.9422,31.67459],[103.94449,31.66625],[103.94881,31.66061],[103.95516,31.65766],[103.96354,31.6574],[103.97396,31.65984],[103.98419,31.66223],[103.99424,31.66458],[104.00411,31.66688],[104.01379,31.66914],[104.02608,31.672],[104.04097,31.67548],[104.05848,31.67955],[104.07858,31.68423],[104.09492,31.68405],[104.10748,31.67899],[104.11627,31.66907],[104.12128,31.65428],[104.12628,31.63948],[104.13129,31.62469],[104.1363,31.6099],[104.1413,31.59511],[104.1463,31.58032],[104.1513,31.56553],[104.1563,31.55074],[104.1613,31.53594],[104.16629,31.52115],[104.17128,31.50636],[104.17628,31.49157],[104.18127,31.47677],[104.18878,31.46413],[104.1988,31.45364],[104.21135,31.44531],[104.22641,31.43912],[104.24148,31.43293],[104.25654,31.42674],[104.27159,31.42055],[104.28665,31.41435],[104.3017,31.40816],[104.31676,31.40196],[104.33181,31.39576],[104.34685,31.38956],[104.3619,31.38335],[104.37694,31.37715],[104.39199,31.37094],[104.40703,31.36473],[104.41862,31.3579],[104.42676,31.35045],[104.43146,31.34237],[104.43271,31.33367],[104.43396,31.32497],[104.43521,31.31628],[104.43647,31.30758],[104.43772,31.29888],[104.43897,31.29018],[104.44022,31.28149],[104.44147,31.27279],[104.44272,31.26409],[104.44396,31.25539],[104.44521,31.24669],[104.44646,31.238],[104.44771,31.2293],[104.45256,31.21923],[104.461,31.20781],[104.47304,31.19501],[104.48868,31.18085],[104.50235,31.16845],[104.51407,31.15783],[104.52384,31.14897],[104.53165,31.14189],[104.53946,31.1348],[104.54727,31.12772],[104.55507,31.12063],[104.56288,31.11355],[104.56797,31.10502],[104.57036,31.09504],[104.57004,31.08362],[104.56702,31.07076],[104.56399,31.05789],[104.56097,31.04503],[104.55794,31.03217],[104.55492,31.0193],[104.55168,31.00548],[104.54821,30.99071],[104.54452,30.97499],[104.5406,30.95831],[104.53714,30.94354],[104.53412,30.93067],[104.53155,30.91971],[104.52943,30.91066],[104.53197,30.90467],[104.53916,30.90174],[104.551,30.90187],[104.56751,30.90506],[104.58401,30.90825],[104.60052,30.91144],[104.61702,30.91462],[104.63353,30.9178],[104.65004,30.92098],[104.66655,30.92416],[104.68306,30.92733],[104.69958,30.93051],[104.71609,30.93368],[104.73261,30.93684],[104.74912,30.94001],[104.76564,30.94317],[104.77808,30.94195],[104.78644,30.93635],[104.79073,30.92635],[104.79094,30.91198],[104.79115,30.8976],[104.79135,30.88323],[104.79156,30.86885],[104.79177,30.85448],[104.78828,30.84294],[104.78108,30.83423],[104.77019,30.82836],[104.75559,30.82532],[104.74204,30.8225],[104.72954,30.8199],[104.71809,30.81751],[104.70769,30.81534],[104.70279,30.81226],[104.7034,30.80826],[104.70952,30.80335],[104.72114,30.79752],[104.73277,30.79169],[104.74439,30.78586],[104.75601,30.78003],[104.76762,30.7742],[104.77924,30.76837],[104.79085,30.76253],[104.80247,30.7567],[104.81408,30.75086],[104.82569,30.74503],[104.8373,30.73919],[104.8489,30.73335],[104.86051,30.72751],[104.87001,30.71952],[104.8774,30.70939],[104.88269,30.69711],[104.88588,30.68269],[104.88866,30.67006],[104.89105,30.65924],[104.89303,30.65023],[104.89462,30.64301],[104.89621,30.6358],[104.8978,30.62859],[104.89939,30.62137],[104.90098,30.61416],[104.90297,30.60514],[104.90535,30.59432],[104.90813,30.5817],[104.9113,30.56727],[104.91448,30.55284],[104.91765,30.53842],[104.92082,30.52399],[104.92399,30.50956],[104.93049,30.50103],[104.9403,30.4984],[104.95343,30.50167],[104.96989,30.51084],[104.98435,30.51605],[104.9968,30.51729],[105.00725,30.51459],[105.01569,30.50792],[105.02412,30.50125],[105.03256,30.49459],[105.041,30.48792],[105.04943,30.48125],[105.05518,30.47298],[105.05825,30.46311],[105.05864,30.45164],[105.05634,30.43857],[105.05405,30.4255],[105.05175,30.41243],[105.04946,30.39935],[105.04717,30.38628],[105.04488,30.37321],[105.04258,30.36013],[105.04029,30.34706],[105.038,30.33399],[105.03571,30.32092],[105.03342,30.30784],[105.03114,30.29477],[105.02885,30.28169],[105.02997,30.26762],[105.03452,30.25254],[105.04247,30.23646],[105.05383,30.21938],[105.06377,30.20444],[105.07229,30.19162],[105.07938,30.18095],[105.08506,30.1724],[105.09073,30.16386],[105.0964,30.15532],[105.10207,30.14678],[105.10775,30.13823],[105.11588,30.12982],[105.12649,30.12155],[105.13956,30.11341],[105.1551,30.1054],[105.16869,30.09839],[105.18034,30.09238],[105.19004,30.08737],[105.19781,30.08336],[105.20557,30.07936],[105.21334,30.07535],[105.2211,30.07134],[105.22886,30.06733],[105.23856,30.06232],[105.2502,30.0563],[105.26378,30.04928],[105.27929,30.04126],[105.29481,30.03323],[105.31032,30.0252],[105.32583,30.01717],[105.34133,30.00914],[105.35378,30.00058],[105.36317,29.99152],[105.36951,29.98193],[105.3728,29.97183],[105.37608,29.96172],[105.37937,29.95162],[105.38265,29.94152],[105.38593,29.93141],[105.38922,29.92131],[105.3925,29.9112],[105.39578,29.9011],[105.39906,29.89099],[105.40234,29.88089],[105.40561,29.87078],[105.40889,29.86068],[105.41217,29.85057],[105.41695,29.8441],[105.42325,29.84125],[105.43105,29.84203],[105.44036,29.84644],[105.44931,29.85067],[105.4579,29.85474],[105.46613,29.85863],[105.474,29.86235],[105.48205,29.86616],[105.49029,29.87005],[105.4987,29.87403],[105.5073,29.87809],[105.51589,29.88215],[105.52449,29.88621],[105.53309,29.89027],[105.54168,29.89433],[105.55201,29.89578],[105.56405,29.89461],[105.57781,29.89083],[105.59329,29.88443],[105.60877,29.87804],[105.62425,29.87164],[105.63972,29.86524],[105.65519,29.85884],[105.67067,29.85243],[105.68613,29.84603],[105.7016,29.83962],[105.71707,29.83321],[105.73253,29.8268],[105.74799,29.82038],[105.76345,29.81397],[105.7789,29.80755],[105.79083,29.8007],[105.79924,29.79343],[105.80412,29.78573],[105.80548,29.77761],[105.80683,29.76948],[105.80819,29.76136],[105.80955,29.75323],[105.8109,29.74511],[105.8126,29.73495],[105.81463,29.72277],[105.81701,29.70855],[105.81972,29.6923],[105.82243,29.67605],[105.82513,29.6598],[105.82784,29.64355],[105.83055,29.6273],[105.83292,29.61308],[105.83494,29.60089],[105.83663,29.59073],[105.83799,29.58261],[105.83934,29.57448],[105.84069,29.56636],[105.84204,29.55823],[105.84339,29.55011],[105.84237,29.54304],[105.83898,29.53702],[105.83322,29.53206],[105.82509,29.52816],[105.81696,29.52426],[105.80884,29.52035],[105.80071,29.51645],[105.79258,29.51254],[105.78243,29.50766],[105.77024,29.5018],[105.75602,29.49496],[105.73978,29.48715],[105.72636,29.47848],[105.71576,29.46898],[105.70798,29.45862],[105.70303,29.44743],[105.69807,29.43623],[105.69312,29.42503],[105.68817,29.41384],[105.68322,29.40264],[105.67827,29.39144],[105.67332,29.38024],[105.66838,29.36905],[105.66343,29.35785],[105.65849,29.34665],[105.65354,29.33545],[105.6486,29.32425],[105.64366,29.31305],[105.64236,29.30559],[105.6447,29.30187],[105.65068,29.30189],[105.66031,29.30565],[105.66993,29.3094],[105.67955,29.31316],[105.68918,29.31692],[105.6988,29.32067],[105.71071,29.32532],[105.7249,29.33085],[105.74136,29.33726],[105.76011,29.34456],[105.77893,29.35189],[105.79781,29.35923],[105.81676,29.3666],[105.83577,29.37399],[105.85242,29.38046],[105.86668,29.38599],[105.87857,29.39061],[105.88808,29.3943],[105.8976,29.39799],[105.90711,29.40168],[105.91663,29.40537],[105.92614,29.40905],[105.93529,29.4142],[105.94407,29.4208],[105.95249,29.42885],[105.96054,29.43837],[105.96859,29.44788],[105.97664,29.45739],[105.9847,29.46691],[105.99276,29.47642],[106.00082,29.48593],[106.00888,29.49544],[106.01694,29.50495],[106.025,29.51446],[106.03306,29.52396],[106.04113,29.53347],[106.0492,29.54298],[106.05727,29.55249],[106.06534,29.56199],[106.07341,29.5715],[106.08149,29.581],[106.08956,29.5905],[106.09764,29.60001],[106.10572,29.60951],[106.1138,29.61901],[106.12188,29.62851],[106.12997,29.63802],[106.13805,29.64752],[106.14614,29.65702],[106.15423,29.66652],[106.16232,29.67601],[106.17041,29.68551],[106.17851,29.69501],[106.1866,29.70451],[106.19559,29.71126],[106.20548,29.71529],[106.21625,29.71657],[106.22792,29.71511],[106.23959,29.71365],[106.25125,29.7122],[106.26292,29.71074],[106.27459,29.70928],[106.28264,29.70551],[106.28709,29.69944],[106.28794,29.69107],[106.28517,29.68039],[106.28241,29.66972],[106.27965,29.65904],[106.27688,29.64836],[106.27412,29.63769],[106.27136,29.62701],[106.2686,29.61633],[106.26584,29.60566],[106.26308,29.59498],[106.26032,29.5843],[106.25756,29.57362],[106.25481,29.56295],[106.25205,29.55227],[106.25168,29.54155],[106.25369,29.5308],[106.25808,29.52],[106.26485,29.50917],[106.27163,29.49834],[106.2784,29.4875],[106.28517,29.47667],[106.29193,29.46584],[106.30133,29.45945],[106.31335,29.4575],[106.32799,29.46],[106.34527,29.46694],[106.36039,29.47301],[106.37335,29.47822],[106.38415,29.48255],[106.39279,29.48602],[106.40144,29.48949],[106.41008,29.49295],[106.41872,29.49642],[106.42737,29.49988],[106.43817,29.50421],[106.45114,29.50941],[106.46628,29.51547],[106.48357,29.52239],[106.49871,29.52844],[106.51169,29.53363],[106.5225,29.53795],[106.53115,29.54141],[106.5398,29.54487],[106.54846,29.54832],[106.55711,29.55178],[106.56577,29.55524],[106.57174,29.55953],[106.57503,29.56467],[106.57563,29.57065],[106.57355,29.57748],[106.57146,29.5843],[106.56938,29.59112],[106.5673,29.59794],[106.56522,29.60477],[106.56261,29.6133],[106.55949,29.62353],[106.55584,29.63547],[106.55167,29.64912],[106.55139,29.66132],[106.555,29.67208],[106.56251,29.68139],[106.5739,29.68926],[106.5853,29.69713],[106.5967,29.705],[106.6081,29.71287],[106.6195,29.72074],[106.6309,29.7286],[106.64231,29.73647],[106.65372,29.74433],[106.66513,29.75219],[106.67654,29.76005],[106.68795,29.76791],[106.69937,29.77577],[106.71079,29.78363],[106.71912,29.79212],[106.72436,29.80125],[106.72652,29.811],[106.72558,29.8214],[106.72465,29.83179],[106.72371,29.84218],[106.72278,29.85257],[106.72184,29.86296],[106.7209,29.87335],[106.71997,29.88375],[106.71903,29.89414],[106.7181,29.90453],[106.71716,29.91492],[106.71622,29.92531],[106.71529,29.9357],[106.71435,29.94609],[106.71341,29.95648],[106.71247,29.96687],[106.71154,29.97726],[106.7106,29.98765],[106.70966,29.99804],[106.70872,30.00843],[106.70778,30.01882],[106.70684,30.02921],[106.70591,30.0396],[106.70497,30.04999],[106.70403,30.06038],[106.70309,30.07077],[106.70215,30.08116],[106.70121,30.09155],[106.70027,30.10194],[106.69933,30.11233],[106.70001,30.12238],[106.70232,30.13208],[106.70625,30.14145],[106.7118,30.15047],[106.71735,30.15948],[106.72291,30.1685],[106.72847,30.17752],[106.73403,30.18654],[106.73958,30.19556],[106.74515,30.20458],[106.75071,30.21359],[106.75627,30.22261],[106.76183,30.23163],[106.7674,30.24064],[106.77296,30.24966],[106.77853,30.25867],[106.7841,30.26769],[106.78967,30.27671],[106.79524,30.28572],[106.80081,30.29473],[106.80638,30.30375],[106.81195,30.31276],[106.81753,30.32178],[106.8231,30.33079],[106.83007,30.34206],[106.83844,30.35558],[106.8482,30.37135],[106.85937,30.38937],[106.87053,30.40739],[106.8817,30.42541],[106.89288,30.44343],[106.90406,30.46145],[106.91385,30.47722],[106.92224,30.49073],[106.92923,30.50199],[106.93483,30.511],[106.94043,30.52],[106.94603,30.52901],[106.95163,30.53802],[106.95723,30.54702],[106.96283,30.55603],[106.96843,30.56503],[106.97404,30.57404],[106.97964,30.58304],[106.98525,30.59205],[106.99085,30.60105],[106.99646,30.61006],[107.00207,30.61906],[107.00768,30.62806],[107.01329,30.63707],[107.01891,30.64607],[107.02452,30.65507],[107.03014,30.66408],[107.03575,30.67308],[107.04137,30.68208],[107.04699,30.69108],[107.0546,30.6981],[107.0642,30.70312],[107.0758,30.70616],[107.0894,30.70721],[107.10299,30.70826],[107.11658,30.70931],[107.13017,30.71036],[107.14377,30.7114],[107.15736,30.71244],[107.17095,30.71348],[107.18455,30.71452],[107.19814,30.71556],[107.21174,30.7166],[107.22533,30.71764],[107.23893,30.71867],[107.25252,30.7197],[107.26581,30.7185],[107.27879,30.71506],[107.29145,30.70939],[107.30381,30.70148],[107.31617,30.69357],[107.32852,30.68566],[107.34087,30.67774],[107.35322,30.66983],[107.36556,30.66191],[107.3779,30.654],[107.39025,30.64608],[107.40259,30.63816],[107.41492,30.63024],[107.42726,30.62232],[107.43959,30.6144],[107.45192,30.60647],[107.46335,30.60341],[107.47388,30.6052],[107.48352,30.61186],[107.49226,30.62337],[107.50099,30.63488],[107.50974,30.6464],[107.51848,30.65791],[107.52723,30.66942],[107.53597,30.68093],[107.54472,30.69244],[107.55348,30.70395],[107.56223,30.71546],[107.57099,30.72697],[107.57974,30.73848],[107.58851,30.74999],[107.59727,30.76149],[107.60625,30.76946],[107.61545,30.77389],[107.62488,30.77477],[107.63451,30.77212],[107.64415,30.76947],[107.65379,30.76682],[107.66343,30.76416],[107.67306,30.76151],[107.68511,30.75819],[107.69956,30.7542],[107.71642,30.74955],[107.73569,30.74423],[107.75302,30.74217],[107.76843,30.74337],[107.78192,30.74782],[107.79348,30.75553],[107.80504,30.76324],[107.8166,30.77095],[107.82816,30.77865],[107.83973,30.78636],[107.84909,30.795],[107.85626,30.80459],[107.86122,30.81511],[107.86397,30.82656],[107.86673,30.83802],[107.86949,30.84948],[107.87225,30.86094],[107.87501,30.8724],[107.87776,30.88386],[107.88053,30.89532],[107.88329,30.90677],[107.88605,30.91823],[107.88881,30.92969],[107.89157,30.94115],[107.89434,30.95261],[107.8971,30.96406],[107.90149,30.97361],[107.90751,30.98124],[107.91515,30.98696],[107.92441,30.99077],[107.93368,30.99457],[107.94295,30.99838],[107.95222,31.00218],[107.96149,31.00598],[107.97076,31.00979],[107.98003,31.01359],[107.9893,31.01739],[107.99857,31.02119],[108.00785,31.02499],[108.01712,31.02879],[108.02639,31.03259],[108.03567,31.03639],[108.03987,31.04366],[108.03899,31.05442],[108.03303,31.06865],[108.02199,31.08636],[108.01576,31.10258],[108.01435,31.11732],[108.01775,31.13058],[108.02598,31.14235],[108.0342,31.15412],[108.04243,31.16589],[108.05066,31.17766],[108.0589,31.18943],[108.06307,31.19927],[108.06318,31.20719],[108.05922,31.21318],[108.0512,31.21724],[108.04318,31.22131],[108.03516,31.22537],[108.02714,31.22943],[108.01912,31.23349],[108.01577,31.23793],[108.01709,31.24275],[108.02309,31.24795],[108.03375,31.25353],[108.04443,31.25911],[108.0551,31.26469],[108.06577,31.27026],[108.07644,31.27584],[108.08712,31.28141],[108.0978,31.28698],[108.10848,31.29255],[108.11916,31.29813],[108.12984,31.3037],[108.14052,31.30926],[108.1512,31.31483],[108.16189,31.3204],[108.17003,31.32717],[108.17563,31.33513],[108.1787,31.3443],[108.17922,31.35466],[108.17974,31.36503],[108.18026,31.37539],[108.18078,31.38576],[108.1813,31.39612],[108.18182,31.40649],[108.18234,31.41685],[108.18286,31.42721],[108.18338,31.43758],[108.1839,31.44794],[108.18442,31.45831],[108.18495,31.46867],[108.18547,31.47904],[108.18866,31.48725],[108.19452,31.49333],[108.20304,31.49725],[108.21424,31.49903],[108.22543,31.5008],[108.23663,31.50258],[108.24783,31.50435],[108.25902,31.50612],[108.27022,31.5079],[108.28142,31.50967],[108.29262,31.51144],[108.30382,31.51321],[108.31502,31.51497],[108.32621,31.51674],[108.33741,31.51851],[108.34862,31.52027],[108.35956,31.52393],[108.37026,31.52947],[108.38071,31.53691],[108.3909,31.54624],[108.4011,31.55557],[108.4113,31.56489],[108.4215,31.57422],[108.43171,31.58354],[108.44191,31.59287],[108.45212,31.60219],[108.46233,31.61151],[108.47254,31.62083],[108.48276,31.63015],[108.49298,31.63947],[108.50319,31.64879],[108.51342,31.65811],[108.52408,31.66424],[108.53518,31.66718],[108.54673,31.66694],[108.55871,31.66351],[108.5707,31.66008],[108.58268,31.65664],[108.59466,31.65321],[108.60664,31.64977],[108.61862,31.64634],[108.6306,31.6429],[108.64258,31.63946],[108.65456,31.63602],[108.66653,31.63258],[108.67851,31.62914],[108.69048,31.6257],[108.70246,31.62225],[108.71287,31.62178],[108.72172,31.62427],[108.72901,31.62974],[108.73473,31.63818],[108.74046,31.64662],[108.74619,31.65505],[108.75192,31.66349],[108.75765,31.67193],[108.76553,31.67769],[108.77556,31.68076],[108.78774,31.68116],[108.80207,31.67888],[108.8164,31.6766],[108.83072,31.67431],[108.84505,31.67203],[108.85937,31.66974],[108.87462,31.6673],[108.8908,31.66471],[108.9079,31.66197],[108.92593,31.65908],[108.9421,31.65649],[108.95642,31.65419],[108.96889,31.65218],[108.9795,31.65048],[108.98751,31.65211],[108.99292,31.65709],[108.99573,31.66542],[108.99594,31.67708],[108.9939,31.68662],[108.98963,31.69402],[108.98311,31.6993],[108.97436,31.70244],[108.9656,31.70559],[108.95684,31.70873],[108.94808,31.71187],[108.93932,31.71501],[108.92836,31.71893],[108.91522,31.72364],[108.89989,31.72914],[108.88236,31.73541],[108.86483,31.74168],[108.84729,31.74795],[108.82976,31.75422],[108.81222,31.76048],[108.79468,31.76674],[108.77714,31.773],[108.75959,31.77926],[108.74205,31.78552],[108.72669,31.79099],[108.71353,31.79568],[108.70256,31.79958],[108.69378,31.80271],[108.685,31.80583],[108.67622,31.80895],[108.66744,31.81207],[108.65866,31.81519],[108.64769,31.8191],[108.63452,31.82377],[108.61915,31.82923],[108.60158,31.83547],[108.58621,31.84092],[108.57303,31.8456],[108.56205,31.84949],[108.55326,31.8526],[108.54447,31.85572],[108.53569,31.85883],[108.5269,31.86194],[108.51811,31.86505],[108.50712,31.86894],[108.49394,31.87361],[108.47855,31.87905],[108.46097,31.88526],[108.44577,31.89159],[108.43296,31.89802],[108.42254,31.90456],[108.41451,31.9112],[108.40648,31.91785],[108.39844,31.9245],[108.39041,31.93114],[108.38237,31.93779],[108.37434,31.94444],[108.3663,31.95108],[108.35826,31.95772],[108.35022,31.96437],[108.34218,31.97101],[108.33414,31.97765],[108.32609,31.9843],[108.31805,31.99094],[108.31,31.99758],[108.30196,32.00422],[108.29391,32.01086],[108.28586,32.0175],[108.27781,32.02414],[108.26976,32.03078],[108.26171,32.03741],[108.25365,32.04405],[108.2456,32.05069],[108.23754,32.05733],[108.22948,32.06396],[108.22143,32.0706],[108.21337,32.07723],[108.20531,32.08387],[108.19724,32.0905],[108.18918,32.09713],[108.18399,32.10492],[108.18168,32.11386],[108.18224,32.12396],[108.18567,32.13521],[108.18911,32.14646],[108.19255,32.15771],[108.19598,32.16896],[108.19942,32.18021],[108.19831,32.18982],[108.19263,32.19779],[108.1824,32.20412],[108.16761,32.20881],[108.15282,32.2135],[108.13803,32.21819],[108.12324,32.22288],[108.10844,32.22756],[108.09604,32.23446],[108.08601,32.24357],[108.07838,32.2549],[108.07313,32.26844],[108.06787,32.28198],[108.06262,32.29553],[108.05736,32.30907],[108.05211,32.32261],[108.04685,32.33615],[108.04159,32.34969],[108.03632,32.36324],[108.03106,32.37678],[108.0258,32.39032],[108.02053,32.40386],[108.01526,32.4174],[108.00999,32.43094],[108.0038,32.4415],[107.99668,32.44908],[107.98865,32.45368],[107.97969,32.4553],[107.97074,32.45691],[107.96178,32.45853],[107.95282,32.46015],[107.94386,32.46176],[107.93267,32.46378],[107.91923,32.4662],[107.90355,32.46903],[107.88563,32.47225],[107.86967,32.47872],[107.85567,32.48843],[107.84363,32.50139],[107.83355,32.51759],[107.82472,32.53177],[107.81716,32.54392],[107.81085,32.55404],[107.8058,32.56214],[107.80076,32.57024],[107.79571,32.57834],[107.79066,32.58644],[107.78561,32.59454],[107.78056,32.60264],[107.7755,32.61074],[107.77045,32.61884],[107.7654,32.62694],[107.76034,32.63504],[107.75529,32.64314],[107.75023,32.65123],[107.74517,32.65933],[107.74012,32.66743],[107.73506,32.67553],[107.73,32.68362],[107.72493,32.69172],[107.71987,32.69982],[107.71481,32.70791],[107.70975,32.71601],[107.70468,32.72411],[107.698,32.72765],[107.6897,32.72665],[107.67979,32.7211],[107.66826,32.71101],[107.65674,32.70091],[107.64522,32.69081],[107.6337,32.68071],[107.62219,32.6706],[107.61067,32.6605],[107.59916,32.6504],[107.58766,32.64029],[107.57615,32.63019],[107.56465,32.62008],[107.55315,32.60997],[107.54165,32.59986],[107.53015,32.58975],[107.5204,32.58439],[107.5124,32.58379],[107.50613,32.58794],[107.5016,32.59685],[107.49708,32.60576],[107.49255,32.61467],[107.48802,32.62357],[107.48349,32.63248],[107.47896,32.64139],[107.47443,32.65029],[107.4699,32.6592],[107.46536,32.6681],[107.46083,32.67701],[107.4563,32.68591],[107.45176,32.69482],[107.44722,32.70373],[107.43924,32.71197],[107.42781,32.71955],[107.41293,32.72647],[107.3946,32.73273],[107.37627,32.73898],[107.35794,32.74523],[107.3396,32.75148],[107.32126,32.75772],[107.30434,32.76151],[107.28884,32.76284],[107.27475,32.76171],[107.26209,32.75812],[107.24943,32.75453],[107.23677,32.75094],[107.22411,32.74735],[107.21145,32.74376],[107.1988,32.74017],[107.18614,32.73658],[107.17348,32.73298],[107.16083,32.72938],[107.14818,32.72579],[107.13553,32.72219],[107.12287,32.71859],[107.11022,32.71499],[107.09788,32.71224],[107.08586,32.71033],[107.07414,32.70928],[107.06273,32.70908],[107.05133,32.70888],[107.03992,32.70867],[107.02851,32.70847],[107.01711,32.70826],[107.0057,32.70805],[106.9943,32.70784],[106.98289,32.70764],[106.97148,32.70743],[106.96008,32.70721],[106.94867,32.707],[106.93726,32.70679],[106.92586,32.70657],[106.91512,32.70883],[106.90504,32.71357],[106.89563,32.72078],[106.88689,32.73047],[106.87814,32.74016],[106.86939,32.74985],[106.86064,32.75954],[106.85188,32.76922],[106.84177,32.77513],[106.83031,32.77727],[106.81749,32.77563],[106.80332,32.77022],[106.78915,32.7648],[106.77499,32.75939],[106.76082,32.75397],[106.74666,32.74855],[106.73411,32.74728],[106.72319,32.75017],[106.71387,32.75722],[106.70618,32.76842],[106.69848,32.77962],[106.69078,32.79082],[106.68308,32.80202],[106.67537,32.81322],[106.66766,32.82442],[106.65996,32.83561],[106.65225,32.84681],[106.64453,32.85801],[106.63682,32.8692],[106.6291,32.8804],[106.62139,32.8916],[106.61367,32.90279],[106.60482,32.90982],[106.59486,32.9127],[106.58377,32.91141],[106.57156,32.90595],[106.55935,32.9005],[106.54715,32.89505],[106.53495,32.88959],[106.52274,32.88413],[106.51054,32.87867],[106.49834,32.87321],[106.48615,32.86775],[106.47395,32.86229],[106.46176,32.85683],[106.44956,32.85136],[106.43737,32.8459],[106.42518,32.84043],[106.41299,32.83497],[106.4008,32.8295],[106.38862,32.82403],[106.37643,32.81856],[106.36425,32.81308],[106.35207,32.80761],[106.33989,32.80214],[106.32771,32.79666],[106.31553,32.79118],[106.30336,32.7857],[106.29118,32.78023],[106.27901,32.77475],[106.26684,32.76926],[106.25467,32.76378],[106.2425,32.7583],[106.23033,32.75281],[106.21931,32.74972],[106.20943,32.749],[106.20068,32.75068],[106.19308,32.75475],[106.18548,32.75881],[106.17788,32.76288],[106.17028,32.76694],[106.16268,32.771],[106.15317,32.77608],[106.14177,32.78218],[106.12846,32.78928],[106.11324,32.7974],[106.10421,32.80472],[106.10136,32.81123],[106.1047,32.81693],[106.11423,32.82183],[106.12375,32.82673],[106.13328,32.83163],[106.14281,32.83653],[106.15234,32.84143],[106.16425,32.84755],[106.17855,32.85489],[106.19523,32.86346],[106.2143,32.87324],[106.22863,32.88328],[106.23821,32.89358],[106.24303,32.90413],[106.24311,32.91493],[106.24319,32.92574],[106.24327,32.93655],[106.24335,32.94736],[106.24342,32.95816],[106.24352,32.97167],[106.24364,32.98788],[106.24377,33.00679],[106.24393,33.02841],[106.24409,33.05002],[106.24424,33.07164],[106.2444,33.09325],[106.24456,33.11487],[106.24469,33.13378],[106.24481,33.14999],[106.24491,33.1635],[106.24499,33.17431],[106.24506,33.18512],[106.24514,33.19592],[106.24522,33.20673],[106.2453,33.21754],[106.25002,33.22611],[106.2594,33.23243],[106.27342,33.23652],[106.29209,33.23837],[106.30882,33.24002],[106.32361,33.24147],[106.33647,33.24274],[106.34738,33.24381],[106.35221,33.24672],[106.35095,33.25148],[106.34361,33.25808],[106.33017,33.26652],[106.31674,33.27496],[106.3033,33.2834],[106.28986,33.29183],[106.27642,33.30027],[106.26707,33.30883],[106.26181,33.31751],[106.26065,33.32632],[106.26359,33.33525],[106.26652,33.34418],[106.26946,33.35311],[106.27239,33.36205],[106.27533,33.37098],[106.279,33.38215],[106.28341,33.39554],[106.28855,33.41118],[106.29443,33.42904],[106.29958,33.44467],[106.304,33.45807],[106.30767,33.46924],[106.31062,33.47817],[106.31356,33.4871],[106.31651,33.49603],[106.31945,33.50497],[106.3224,33.5139],[106.32608,33.52506],[106.3305,33.53846],[106.33566,33.55409],[106.34156,33.57195],[106.34842,33.58671],[106.35624,33.59835],[106.36501,33.60688],[106.37475,33.6123],[106.38448,33.61772],[106.39421,33.62314],[106.40395,33.62856],[106.41369,33.63398],[106.42343,33.6394],[106.43317,33.64481],[106.44291,33.65023],[106.45265,33.65565],[106.46239,33.66106],[106.47214,33.66647],[106.48188,33.67189],[106.49163,33.6773],[106.50122,33.68132],[106.51065,33.68393],[106.51992,33.68516],[106.52904,33.68498],[106.53815,33.68481],[106.54727,33.68464],[106.55638,33.68446],[106.5655,33.68428],[106.57689,33.68406],[106.59056,33.6838],[106.60651,33.68349],[106.62474,33.68313],[106.64297,33.68276],[106.6612,33.6824],[106.67943,33.68203],[106.69766,33.68166],[106.71313,33.68135],[106.72584,33.68109],[106.73579,33.68088],[106.74298,33.68073],[106.75113,33.68056],[106.76025,33.68037],[106.77032,33.68016],[106.78136,33.67993],[106.78973,33.68192],[106.79543,33.68613],[106.79846,33.69255],[106.79883,33.7012],[106.79919,33.70984],[106.79956,33.71849],[106.79992,33.72713],[106.80028,33.73578],[106.80065,33.74443],[106.80101,33.75307],[106.80138,33.76172],[106.80174,33.77036],[106.80211,33.77901],[106.80247,33.78766],[106.80284,33.7963],[106.8032,33.80495],[106.80535,33.81354],[106.80928,33.82209],[106.81498,33.83058],[106.82248,33.83902],[106.82997,33.84746],[106.83746,33.8559],[106.84496,33.86433],[106.85246,33.87277],[106.85996,33.88121],[106.86746,33.88965],[106.87496,33.89809],[106.88246,33.90652],[106.88996,33.91496],[106.89747,33.92339],[106.90498,33.93183],[106.91248,33.94026],[106.91784,33.94986],[106.92105,33.96061],[106.92211,33.97253],[106.92102,33.9856],[106.91993,33.99867],[106.91884,34.01174],[106.91774,34.02482],[106.91665,34.03789],[106.91556,34.05096],[106.91446,34.06403],[106.91337,34.07711],[106.91227,34.09018],[106.91118,34.10325],[106.91009,34.11633],[106.90899,34.1294],[106.90789,34.14247],[106.91254,34.15277],[106.92293,34.16028],[106.93907,34.165],[106.96094,34.16695],[106.98011,34.16864],[106.99657,34.1701],[107.01032,34.17132],[107.02136,34.17229],[107.02776,34.17472],[107.02952,34.1786],[107.02664,34.18394],[107.01912,34.19074],[107.01109,34.19799],[107.00256,34.2057],[106.99351,34.21387],[106.98396,34.2225],[106.97466,34.23089],[106.96561,34.23906],[106.95682,34.247],[106.94827,34.2547],[106.93973,34.26241],[106.93118,34.27012],[106.92263,34.27782],[106.91408,34.28553],[106.9052,34.29095],[106.89598,34.29409],[106.88644,34.29495],[106.87656,34.29353],[106.86669,34.29211],[106.85682,34.29068],[106.84694,34.28926],[106.83707,34.28784],[106.8272,34.28641],[106.81733,34.28498],[106.80745,34.28356],[106.79758,34.28213],[106.78771,34.2807],[106.77784,34.27927],[106.76797,34.27784],[106.7581,34.27641],[106.74823,34.27498],[106.73836,34.27355],[106.72849,34.27211],[106.71862,34.27068],[106.70875,34.26924],[106.69888,34.26781],[106.68901,34.26637],[106.67915,34.26494],[106.66928,34.2635],[106.65941,34.26206],[106.64954,34.26062],[106.63968,34.25918],[106.62981,34.25774],[106.61995,34.2563],[106.61008,34.25486],[106.60021,34.25342],[106.58902,34.25524],[106.5765,34.26033],[106.56265,34.26869],[106.54746,34.28031],[106.53417,34.29049],[106.52278,34.2992],[106.51328,34.30646],[106.50568,34.31227],[106.49808,34.31808],[106.49048,34.32389],[106.48288,34.3297],[106.47528,34.33551],[106.46768,34.34132],[106.46007,34.34712],[106.45247,34.35293],[106.44486,34.35874],[106.43725,34.36454],[106.42965,34.37035],[106.42204,34.37615],[106.41443,34.38196],[106.40491,34.38921],[106.3935,34.39792],[106.38017,34.40808],[106.36494,34.41968],[106.3508,34.42643],[106.33776,34.42833],[106.32582,34.42537],[106.31499,34.41756],[106.30415,34.40975],[106.29332,34.40193],[106.28249,34.39412],[106.27166,34.38631],[106.25997,34.3825],[106.24743,34.38271],[106.23402,34.38693],[106.21976,34.39517],[106.20549,34.4034],[106.19122,34.41163],[106.17695,34.41985],[106.16267,34.42808],[106.14999,34.43249],[106.13891,34.43309],[106.12944,34.42987],[106.12157,34.42285],[106.1137,34.41582],[106.10583,34.40879],[106.09796,34.40176],[106.09009,34.39473],[106.08223,34.3877],[106.07436,34.38067],[106.0665,34.37363],[106.05864,34.3666],[106.05078,34.35957],[106.04292,34.35254],[106.03506,34.3455],[106.0272,34.33847],[106.01709,34.3352],[106.00473,34.3357],[105.99012,34.33996],[105.97325,34.34798],[105.95849,34.355],[105.94583,34.36102],[105.93528,34.36603],[105.92684,34.37004],[105.9184,34.37405],[105.90996,34.37806],[105.90152,34.38207],[105.89308,34.38607],[105.8836,34.38765],[105.87307,34.38679],[105.8615,34.3835],[105.8489,34.37777],[105.83629,34.37204],[105.82369,34.36631],[105.81108,34.36058],[105.79848,34.35485],[105.78573,34.35169],[105.77282,34.35109],[105.75975,34.35306],[105.74653,34.3576],[105.73331,34.36214],[105.72009,34.36667],[105.70686,34.37121],[105.69363,34.37574],[105.68041,34.38028],[105.66718,34.38481],[105.65395,34.38934],[105.64072,34.39387],[105.62748,34.39839],[105.61425,34.40292],[105.60101,34.40744],[105.58777,34.41197],[105.57798,34.41773],[105.57162,34.42473],[105.5687,34.43297],[105.56922,34.44245],[105.56974,34.45193],[105.57026,34.46141],[105.57078,34.47089],[105.5713,34.48036],[105.56874,34.48698],[105.56308,34.49074],[105.55434,34.49163],[105.54252,34.48965],[105.53069,34.48768],[105.51887,34.4857],[105.50704,34.48373],[105.49522,34.48175],[105.48339,34.47977],[105.47157,34.47779],[105.45975,34.47581],[105.44793,34.47383],[105.43611,34.47185],[105.42429,34.46987],[105.41247,34.46788],[105.40065,34.4659],[105.38823,34.46544],[105.37521,34.46651],[105.3616,34.46911],[105.34739,34.47323],[105.33318,34.47735],[105.31897,34.48147],[105.30475,34.48559],[105.29053,34.48971],[105.27632,34.49382],[105.2621,34.49794],[105.24788,34.50205],[105.23366,34.50616],[105.21943,34.51027],[105.20521,34.51438],[105.19099,34.51849],[105.17676,34.52259],[105.16285,34.52327],[105.14927,34.52051],[105.13601,34.51431],[105.12308,34.50468],[105.11015,34.49505],[105.09722,34.48542],[105.0843,34.47579],[105.07137,34.46616],[105.05845,34.45652],[105.04554,34.44689],[105.03262,34.43725],[105.01971,34.42761],[105.0068,34.41797],[104.9939,34.40833],[104.98099,34.39869],[104.96809,34.38905],[104.95557,34.38239],[104.94342,34.37872],[104.93165,34.37803],[104.92024,34.38033],[104.90884,34.38263],[104.89744,34.38492],[104.88603,34.38722],[104.87463,34.38951],[104.86322,34.3918],[104.85182,34.39409],[104.84041,34.39638],[104.829,34.39867],[104.81759,34.40096],[104.80618,34.40325],[104.79478,34.40554],[104.78337,34.40782],[104.77361,34.40685],[104.7655,34.40263],[104.75905,34.39516],[104.75425,34.38443],[104.74945,34.3737],[104.74466,34.36297],[104.73986,34.35224],[104.73507,34.34151],[104.73028,34.33078],[104.72548,34.32006],[104.72069,34.30933],[104.7159,34.2986],[104.71112,34.28787],[104.70633,34.27714],[104.70154,34.26641],[104.69676,34.25568],[104.69058,34.24692],[104.683,34.24012],[104.67403,34.2353],[104.66366,34.23244],[104.65329,34.22958],[104.64293,34.22671],[104.63256,34.22385],[104.62219,34.22099],[104.60924,34.21741],[104.59369,34.21311],[104.57555,34.2081],[104.55483,34.20236],[104.5375,34.19954],[104.52357,34.19964],[104.51303,34.20266],[104.50588,34.20861],[104.49873,34.21455],[104.49158,34.22049],[104.48443,34.22643],[104.47728,34.23237],[104.46834,34.2398],[104.45761,34.24871],[104.44508,34.25911],[104.43077,34.27098],[104.41824,34.28138],[104.4075,34.29028],[104.39854,34.2977],[104.39138,34.30364],[104.38422,34.30958],[104.37705,34.31551],[104.36989,34.32145],[104.36272,34.32738],[104.35555,34.33332],[104.34838,34.33925],[104.34121,34.34519],[104.33404,34.35112],[104.32687,34.35705],[104.3197,34.36299],[104.31252,34.36892],[104.30535,34.37485],[104.29429,34.37748],[104.27934,34.37681],[104.2605,34.37283],[104.23779,34.36555],[104.21791,34.35917],[104.20088,34.3537],[104.18669,34.34914],[104.17534,34.3455],[104.16399,34.34185],[104.15264,34.3382],[104.14129,34.33455],[104.12994,34.3309],[104.12312,34.32456],[104.12084,34.31555],[104.12308,34.30386],[104.12986,34.28948],[104.13579,34.2769],[104.14086,34.26612],[104.14509,34.25714],[104.14848,34.24995],[104.15186,34.24276],[104.15525,34.23557],[104.15863,34.22839],[104.16201,34.2212],[104.16244,34.21449],[104.1599,34.20827],[104.15442,34.20253],[104.14597,34.19727],[104.13753,34.19202],[104.12909,34.18676],[104.12065,34.1815],[104.11221,34.17624],[104.10166,34.16967],[104.08901,34.16177],[104.07424,34.15257],[104.05738,34.14204],[104.042,34.13654],[104.02811,34.13607],[104.0157,34.14063],[104.00478,34.15022],[103.99385,34.15981],[103.98292,34.1694],[103.97199,34.17898],[103.96106,34.18857],[103.95013,34.19815],[103.93919,34.20774],[103.92825,34.21732],[103.91731,34.2269],[103.90636,34.23648],[103.89542,34.24606],[103.88447,34.25564],[103.87351,34.26522],[103.86113,34.27272],[103.84732,34.27813],[103.83209,34.28147],[103.81542,34.28272],[103.79875,34.28398],[103.78209,34.28523],[103.76542,34.28647],[103.74875,34.28772],[103.73432,34.28568],[103.72213,34.28037],[103.71218,34.27177],[103.70447,34.2599],[103.69675,34.24802],[103.68905,34.23615],[103.68134,34.22427],[103.67364,34.2124],[103.66343,34.20271],[103.65072,34.19522],[103.63551,34.18991],[103.6178,34.18679],[103.60009,34.18366],[103.58239,34.18054],[103.56468,34.17741],[103.54697,34.17428],[103.53131,34.17298],[103.51769,34.1735],[103.5061,34.17585],[103.49656,34.18003],[103.48701,34.1842],[103.47746,34.18838],[103.46792,34.19255],[103.45837,34.19672],[103.44882,34.2009],[103.43927,34.20507],[103.42972,34.20924],[103.42016,34.21341],[103.41061,34.21758],[103.40106,34.22175],[103.3915,34.22592],[103.38195,34.23009],[103.37239,34.23425],[103.36283,34.23842],[103.35328,34.24259],[103.34372,34.24675],[103.33416,34.25092],[103.3246,34.25508],[103.31503,34.25924],[103.30547,34.26341],[103.29591,34.26757],[103.28634,34.27173],[103.27678,34.27589],[103.26721,34.28005],[103.25765,34.28421],[103.24808,34.28837],[103.23851,34.29253],[103.22894,34.29668],[103.21698,34.3],[103.20264,34.30248],[103.18592,34.30412],[103.1668,34.30492],[103.15008,34.30561],[103.13574,34.30621],[103.1238,34.3067],[103.11424,34.3071],[103.10468,34.30749],[103.09513,34.30788],[103.08557,34.30828],[103.07601,34.30867],[103.06646,34.30906],[103.0569,34.30945],[103.04734,34.30984],[103.03778,34.31023],[103.02823,34.31062],[103.01867,34.31101],[103.00911,34.31139],[102.99955,34.31178],[102.99,34.31217],[102.98044,34.31255],[102.97088,34.31294],[102.96132,34.31332],[102.95176,34.3137],[102.9422,34.31408],[102.93265,34.31447],[102.92309,34.31485],[102.91332,34.3139],[102.90335,34.31164],[102.89318,34.30805],[102.8828,34.30314],[102.87242,34.29823],[102.86204,34.29332],[102.85166,34.28841],[102.84129,34.28349],[102.83091,34.27858],[102.82054,34.27366],[102.81017,34.26875],[102.79979,34.26383],[102.78942,34.25891],[102.77905,34.25399],[102.76869,34.24907],[102.75832,34.24415],[102.74795,34.23923],[102.73759,34.23431],[102.72723,34.22939],[102.71686,34.22446],[102.7065,34.21954],[102.69614,34.21461],[102.68578,34.20969],[102.67543,34.20476],[102.66507,34.19983],[102.65471,34.19491],[102.64436,34.18998],[102.63401,34.18505],[102.62365,34.18012],[102.6133,34.17518],[102.60295,34.17025],[102.5926,34.16532],[102.58338,34.15948],[102.57529,34.15274],[102.56833,34.14511],[102.56249,34.13656],[102.55666,34.12802],[102.55082,34.11948],[102.54499,34.11094],[102.53916,34.1024],[102.53729,34.09388],[102.53938,34.08539],[102.54543,34.07693],[102.55543,34.06849],[102.56543,34.06006],[102.57543,34.05162],[102.58543,34.04318],[102.59543,34.03474],[102.60722,34.02877],[102.62081,34.02526],[102.63619,34.02422],[102.65338,34.02564],[102.67056,34.02705],[102.68775,34.02847],[102.70493,34.02988],[102.72212,34.03129],[102.73931,34.0327],[102.75649,34.03411],[102.77368,34.03551],[102.79087,34.03691],[102.80806,34.03831],[102.82525,34.03971],[102.84244,34.04111],[102.85963,34.0425],[102.8753,34.04233],[102.88945,34.04061],[102.90207,34.03733],[102.91317,34.03249],[102.92427,34.02765],[102.93537,34.02281],[102.94647,34.01797],[102.95756,34.01313],[102.96866,34.00828],[102.97975,34.00344],[102.99084,33.9986],[103.00194,33.99375],[103.01303,33.9889],[103.02411,33.98406],[103.0352,33.97921],[103.04629,33.97436],[103.05174,33.96817],[103.05155,33.96064],[103.04572,33.95177],[103.03427,33.94156],[103.02959,33.93064],[103.03169,33.91901],[103.04057,33.90666],[103.05622,33.8936],[103.07043,33.88174],[103.0832,33.87108],[103.09452,33.86162],[103.10441,33.85336],[103.11429,33.8451],[103.12418,33.83684],[103.13406,33.82858],[103.14394,33.82031],[103.14686,33.8113],[103.14284,33.80155],[103.13187,33.79105],[103.11395,33.7798],[103.10139,33.76895],[103.09419,33.75851],[103.09233,33.74847],[103.09583,33.73883],[103.09933,33.7292],[103.10283,33.71957],[103.10632,33.70993],[103.10982,33.7003],[103.11331,33.69066],[103.11681,33.68103],[103.1203,33.6714],[103.12379,33.66176],[103.12729,33.65213],[103.13078,33.64249],[103.13427,33.63286],[103.13776,33.62323],[103.14125,33.61359],[103.14474,33.60396],[103.14822,33.59432],[103.15171,33.58469],[103.1552,33.57505],[103.15868,33.56542],[103.16217,33.55578],[103.16565,33.54615],[103.16913,33.53651],[103.17262,33.52688],[103.1761,33.51724],[103.17958,33.50761],[103.18306,33.49797],[103.18654,33.48834],[103.19002,33.4787],[103.19349,33.46907],[103.19697,33.45943],[103.20045,33.4498],[103.20392,33.44016]]]]}},{"type":"Feature","properties":{"basin_id":"basins_kashigeer"},"geometry":{"type":"MultiPolygon","coordinates":[[[[74.07052,38.56198],[74.07615,38.55135],[74.07449,38.54346],[74.06556,38.53829],[74.04936,38.53584],[74.02587,38.53612],[74.00512,38.53636],[73.9871,38.53656],[73.97181,38.53674],[73.95925,38.53688],[73.94697,38.53995],[73.93497,38.54596],[73.92324,38.5549],[73.91178,38.56677],[73.89735,38.5775],[73.87996,38.58709],[73.85959,38.59553],[73.83626,38.60282],[73.81902,38.61141],[73.80787,38.6213],[73.80281,38.6325],[73.80385,38.645],[73.80078,38.65859],[73.7936,38.67328],[73.78231,38.68907],[73.76689,38.70594],[73.75683,38.72157],[73.75214,38.73594],[73.75281,38.74906],[73.75885,38.76094],[73.75891,38.77448],[73.75298,38.78969],[73.74106,38.80657],[73.72314,38.82511],[73.71344,38.84464],[73.71197,38.86516],[73.71873,38.88667],[73.73373,38.90917],[73.74973,38.92454],[73.76672,38.93277],[73.78469,38.93386],[73.80365,38.92782],[73.8186,38.92829],[73.82953,38.93526],[73.83646,38.94875],[73.83937,38.96875],[73.83958,38.98646],[73.83709,39.00188],[73.83188,39.015],[73.82396,39.02583],[73.81328,39.0336],[73.79984,39.03829],[73.78364,39.0399],[73.76469,39.03844],[73.74948,39.04209],[73.73802,39.05084],[73.73032,39.06469],[73.72636,39.08365],[73.72006,39.10209],[73.71143,39.12],[73.70045,39.1374],[73.68713,39.15428],[73.6738,39.17116],[73.66047,39.18803],[73.64713,39.20491],[73.63378,39.22178],[73.61854,39.23548],[73.60139,39.246],[73.58236,39.25335],[73.56142,39.25753],[73.54049,39.2617],[73.51955,39.26586],[73.49861,39.27003],[73.47767,39.27419],[73.45654,39.27496],[73.43523,39.27235],[73.41374,39.26636],[73.39207,39.25699],[73.37322,39.25126],[73.35719,39.24917],[73.34396,39.25073],[73.33354,39.25594],[73.3215,39.25805],[73.30784,39.25706],[73.29255,39.25298],[73.27564,39.2458],[73.25776,39.2382],[73.23891,39.23018],[73.21908,39.22174],[73.19828,39.21288],[73.18159,39.20904],[73.169,39.21024],[73.16052,39.21646],[73.15615,39.22771],[73.14667,39.24],[73.1321,39.25334],[73.11242,39.26772],[73.08762,39.28314],[73.07022,39.29839],[73.06021,39.31349],[73.0576,39.32844],[73.06239,39.34323],[73.07359,39.35344],[73.0912,39.35907],[73.11521,39.36012],[73.14563,39.35658],[73.17346,39.3552],[73.19872,39.35598],[73.22139,39.35892],[73.24149,39.36403],[73.26159,39.36914],[73.2817,39.37425],[73.3018,39.37935],[73.32191,39.38444],[73.33726,39.39092],[73.34783,39.39878],[73.35365,39.40802],[73.35469,39.41865],[73.36041,39.42787],[73.37082,39.43569],[73.38592,39.4421],[73.40571,39.44711],[73.4255,39.45211],[73.44529,39.45711],[73.46508,39.46211],[73.48488,39.4671],[73.50577,39.47522],[73.52774,39.48647],[73.55081,39.50084],[73.57498,39.51834],[73.59459,39.53463],[73.60964,39.5497],[73.62013,39.56357],[73.62606,39.57623],[73.63198,39.58889],[73.63791,39.60154],[73.64384,39.6142],[73.64978,39.62686],[73.6572,39.64268],[73.6661,39.66166],[73.6765,39.68381],[73.6884,39.70912],[73.69222,39.72972],[73.68797,39.7456],[73.67563,39.75678],[73.65522,39.76324],[73.63563,39.76683],[73.61687,39.76756],[73.59895,39.76542],[73.58187,39.76042],[73.56724,39.76021],[73.55506,39.76479],[73.54532,39.77417],[73.53803,39.78833],[73.53571,39.80362],[73.53838,39.82004],[73.54604,39.83757],[73.55869,39.85623],[73.56956,39.87226],[73.57866,39.88568],[73.58599,39.89647],[73.59154,39.90464],[73.59709,39.91281],[73.60264,39.92098],[73.60819,39.92916],[73.61375,39.93733],[73.62031,39.94236],[73.62788,39.94426],[73.63646,39.94302],[73.64604,39.93865],[73.65589,39.93662],[73.66599,39.93693],[73.67635,39.93959],[73.68698,39.94459],[73.69689,39.95284],[73.70611,39.96435],[73.71462,39.97912],[73.72242,39.99714],[73.73023,40.01516],[73.73804,40.03318],[73.74586,40.0512],[73.75368,40.06922],[73.76428,40.08576],[73.77767,40.10081],[73.79384,40.11438],[73.8128,40.12646],[73.8289,40.13948],[73.84213,40.15344],[73.85249,40.16833],[73.85999,40.18417],[73.86765,40.19583],[73.87547,40.20333],[73.88344,40.20667],[73.89156,40.20583],[73.89943,40.2024],[73.90704,40.19636],[73.91439,40.18771],[73.92147,40.17646],[73.92856,40.16521],[73.93564,40.15396],[73.94272,40.14271],[73.9498,40.13146],[73.95876,40.12318],[73.96959,40.11787],[73.98229,40.11552],[73.99687,40.11615],[74.01094,40.11417],[74.02448,40.10959],[74.03751,40.1024],[74.05001,40.09261],[74.06526,40.08701],[74.08327,40.08561],[74.10404,40.08841],[74.12757,40.0954],[74.15111,40.10238],[74.17465,40.10936],[74.1982,40.11633],[74.22175,40.1233],[74.24499,40.12598],[74.26792,40.12436],[74.29053,40.11845],[74.31282,40.10824],[74.33334,40.10354],[74.3521,40.10435],[74.36908,40.11067],[74.38431,40.12251],[74.39955,40.13434],[74.41479,40.14617],[74.43003,40.158],[74.44528,40.16983],[74.46054,40.18165],[74.4758,40.19347],[74.49106,40.2053],[74.50633,40.21711],[74.52161,40.22893],[74.53689,40.24075],[74.55218,40.25256],[74.56747,40.26437],[74.58332,40.2726],[74.59972,40.27726],[74.61667,40.27834],[74.63417,40.27584],[74.64927,40.27875],[74.66197,40.28709],[74.67228,40.30083],[74.6802,40.32],[74.69265,40.3341],[74.70963,40.34312],[74.73115,40.34706],[74.75719,40.34592],[74.78324,40.34478],[74.80928,40.34364],[74.83532,40.34249],[74.86136,40.34133],[74.8774,40.34387],[74.88345,40.35011],[74.87951,40.36006],[74.86556,40.37371],[74.85161,40.38736],[74.83765,40.401],[74.82368,40.41465],[74.80971,40.42829],[74.8023,40.4431],[74.80146,40.45909],[74.80718,40.47625],[74.81947,40.49459],[74.83383,40.50591],[74.85026,40.51024],[74.86876,40.50755],[74.88932,40.49786],[74.90886,40.48864],[74.9274,40.47989],[74.94494,40.47161],[74.96147,40.4638],[74.98131,40.45772],[75.00447,40.45335],[75.03094,40.45071],[75.06073,40.44979],[75.09053,40.44886],[75.12032,40.44792],[75.15011,40.44698],[75.1799,40.44603],[75.20544,40.44802],[75.22673,40.45295],[75.24378,40.46084],[75.25659,40.47168],[75.2694,40.48251],[75.28221,40.49334],[75.29502,40.50418],[75.30784,40.51501],[75.32348,40.52625],[75.34192,40.53789],[75.36318,40.54995],[75.38725,40.56241],[75.41032,40.57433],[75.43237,40.58573],[75.45342,40.5966],[75.47345,40.60694],[75.49349,40.61728],[75.51354,40.62761],[75.53359,40.63794],[75.55365,40.64827],[75.57177,40.6533],[75.58796,40.65305],[75.60219,40.6475],[75.61449,40.63667],[75.62454,40.62146],[75.63235,40.60188],[75.63792,40.57792],[75.64126,40.54958],[75.6486,40.52615],[75.65996,40.50761],[75.67532,40.49396],[75.6947,40.48521],[75.70531,40.47188],[75.70718,40.45396],[75.70029,40.43146],[75.68466,40.40438],[75.67525,40.37891],[75.67203,40.35505],[75.67501,40.33281],[75.68418,40.31219],[75.69498,40.29831],[75.70742,40.29118],[75.7215,40.29079],[75.73722,40.29715],[75.75295,40.30351],[75.76868,40.30986],[75.78441,40.31621],[75.80014,40.32256],[75.81757,40.32483],[75.8367,40.323],[75.85751,40.31709],[75.88001,40.30709],[75.89917,40.30305],[75.91498,40.30498],[75.92746,40.31286],[75.9366,40.32672],[75.94482,40.33916],[75.95211,40.35021],[75.95848,40.35984],[75.96392,40.36807],[75.97102,40.37253],[75.97979,40.3732],[75.99021,40.37011],[76.0023,40.36323],[76.01391,40.36104],[76.02505,40.36354],[76.03572,40.37073],[76.04593,40.38261],[76.06119,40.39021],[76.08151,40.39355],[76.10688,40.39262],[76.1373,40.38741],[76.16563,40.3872],[76.19186,40.39199],[76.21602,40.40178],[76.23811,40.41657],[76.25684,40.42456],[76.27222,40.42576],[76.28423,40.42016],[76.29289,40.40776],[76.30153,40.39537],[76.31018,40.38297],[76.31882,40.37058],[76.32746,40.35818],[76.33602,40.35196],[76.3445,40.3519],[76.35291,40.35802],[76.36124,40.37031],[76.37067,40.37927],[76.3812,40.3849],[76.39281,40.38719],[76.40552,40.38615],[76.41989,40.38808],[76.43593,40.39297],[76.45363,40.40084],[76.47301,40.41167],[76.4889,40.41756],[76.5013,40.41849],[76.51021,40.41448],[76.51563,40.40552],[76.51729,40.39602],[76.5152,40.38597],[76.50936,40.37537],[76.49977,40.36422],[76.49018,40.35308],[76.4806,40.34193],[76.47102,40.33079],[76.46144,40.31964],[76.45413,40.30688],[76.44908,40.2925],[76.4463,40.27651],[76.44578,40.25891],[76.44526,40.2413],[76.44474,40.2237],[76.44422,40.20609],[76.4437,40.18849],[76.44696,40.17258],[76.45399,40.15836],[76.4648,40.14584],[76.47938,40.135],[76.49514,40.12618],[76.51206,40.11936],[76.53016,40.11455],[76.54944,40.11174],[76.56871,40.10893],[76.58798,40.10612],[76.60725,40.1033],[76.62652,40.10048],[76.6429,40.09509],[76.65639,40.08711],[76.66698,40.07656],[76.67469,40.06344],[76.68661,40.05299],[76.70273,40.04522],[76.72306,40.04013],[76.7476,40.0377],[76.77195,40.03529],[76.79612,40.0329],[76.8201,40.03052],[76.84389,40.02815],[76.8621,40.02335],[76.87473,40.01612],[76.88177,40.00646],[76.88323,39.99438],[76.8925,39.98495],[76.90959,39.97819],[76.93448,39.97408],[76.96719,39.97262],[76.99703,39.97361],[77.024,39.97704],[77.04812,39.98292],[77.06937,39.99126],[77.09211,39.99616],[77.11634,39.99762],[77.14205,39.99566],[77.16925,39.99025],[77.19644,39.98484],[77.22363,39.97942],[77.25081,39.974],[77.27799,39.96857],[77.30028,39.96145],[77.31767,39.95264],[77.33017,39.94214],[77.33778,39.92995],[77.34539,39.91776],[77.35299,39.90558],[77.36059,39.89339],[77.36819,39.8812],[77.37876,39.87209],[77.39229,39.86605],[77.4088,39.86309],[77.42828,39.8632],[77.44776,39.86331],[77.46724,39.86341],[77.48672,39.86351],[77.5062,39.86361],[77.52653,39.86475],[77.54773,39.86694],[77.56978,39.87018],[77.59269,39.87446],[77.6156,39.87873],[77.63852,39.883],[77.66144,39.88727],[77.68436,39.89153],[77.70332,39.89801],[77.71833,39.9067],[77.72937,39.9176],[77.73645,39.93073],[77.74635,39.94068],[77.75906,39.94746],[77.77458,39.95107],[77.79291,39.95151],[77.81125,39.95194],[77.82958,39.95237],[77.84791,39.95279],[77.86624,39.95321],[77.88916,39.95374],[77.91666,39.95436],[77.94874,39.95508],[77.98541,39.95589],[78.01698,39.95498],[78.04344,39.95236],[78.0648,39.94803],[78.08105,39.94198],[78.10018,39.93863],[78.1222,39.93796],[78.14712,39.93998],[78.17492,39.94468],[78.20273,39.94937],[78.23054,39.95406],[78.25836,39.95874],[78.28618,39.96342],[78.31444,39.97078],[78.34313,39.98082],[78.37227,39.99356],[78.40185,40.00897],[78.42754,40.01647],[78.44933,40.01605],[78.4672,40.00771],[78.48116,39.99146],[78.49632,39.97683],[78.51267,39.96381],[78.53023,39.95241],[78.54899,39.94262],[78.56775,39.93284],[78.5865,39.92304],[78.60524,39.91325],[78.62398,39.90345],[78.64491,39.89522],[78.66803,39.88856],[78.69335,39.88347],[78.72085,39.87994],[78.74492,39.87685],[78.76554,39.87419],[78.78273,39.87198],[78.79648,39.8702],[78.81023,39.86843],[78.82397,39.86665],[78.83772,39.86487],[78.85147,39.86309],[78.86381,39.86014],[78.87474,39.85602],[78.88427,39.85073],[78.8924,39.84427],[78.90104,39.83982],[78.91021,39.83737],[78.91989,39.83693],[78.9301,39.8385],[78.94031,39.84006],[78.95052,39.84162],[78.96073,39.84318],[78.97094,39.84474],[78.97832,39.84484],[78.98288,39.84347],[78.98461,39.84063],[78.98352,39.83633],[78.98243,39.83203],[78.98133,39.82773],[78.98024,39.82343],[78.97915,39.81913],[78.97804,39.81478],[78.97692,39.81037],[78.97579,39.8059],[78.97464,39.80137],[78.97268,39.79944],[78.96992,39.80009],[78.96636,39.80333],[78.96198,39.80917],[78.95505,39.81297],[78.94557,39.81474],[78.93354,39.81448],[78.91896,39.81219],[78.90361,39.80873],[78.88752,39.8041],[78.87066,39.79829],[78.85305,39.79132],[78.83544,39.78434],[78.81784,39.77736],[78.80024,39.77038],[78.78264,39.7634],[78.76434,39.76123],[78.74534,39.76389],[78.72564,39.77136],[78.70522,39.78365],[78.68584,39.78693],[78.66749,39.7812],[78.65019,39.76646],[78.63394,39.74271],[78.61644,39.72516],[78.5977,39.71381],[78.57771,39.70866],[78.55646,39.70971],[78.53521,39.71076],[78.51396,39.7118],[78.49271,39.71284],[78.47146,39.71387],[78.45417,39.70902],[78.44083,39.69829],[78.43145,39.68167],[78.42604,39.65917],[78.41848,39.64162],[78.4088,39.62901],[78.39698,39.62136],[78.38302,39.61865],[78.37039,39.61292],[78.35908,39.60417],[78.3491,39.5924],[78.34044,39.57761],[78.33179,39.56282],[78.32315,39.54803],[78.31451,39.53323],[78.30587,39.51844],[78.29204,39.50636],[78.27304,39.49699],[78.24885,39.49033],[78.21947,39.48637],[78.19322,39.48048],[78.17009,39.47267],[78.15008,39.46293],[78.13319,39.45127],[78.11631,39.4396],[78.09943,39.42794],[78.08257,39.41627],[78.0657,39.4046],[78.04832,39.39408],[78.03043,39.38471],[78.01202,39.37649],[77.99309,39.36943],[77.97416,39.36236],[77.95524,39.35529],[77.93632,39.34821],[77.91741,39.34114],[77.8985,39.33406],[77.87959,39.32697],[77.86069,39.31989],[77.84179,39.3128],[77.8229,39.3057],[77.804,39.29861],[77.78512,39.29151],[77.76623,39.28441],[77.74973,39.27309],[77.7356,39.25756],[77.72384,39.23781],[77.71447,39.21386],[77.70181,39.19328],[77.68587,39.1761],[77.66665,39.1623],[77.64415,39.15188],[77.62629,39.13823],[77.61307,39.12136],[77.60447,39.10125],[77.60052,39.07792],[77.59041,39.05802],[77.57415,39.04157],[77.55176,39.02855],[77.52321,39.01897],[77.49844,39.00678],[77.47745,38.99199],[77.46022,38.97459],[77.44677,38.95459],[77.43333,38.9346],[77.41989,38.9146],[77.40646,38.89459],[77.39304,38.87459],[77.3786,38.85902],[77.36314,38.84787],[77.34666,38.84115],[77.32916,38.83886],[77.315,38.83511],[77.30416,38.8299],[77.29666,38.82323],[77.2925,38.8151],[77.28036,38.80881],[77.26026,38.80434],[77.23219,38.80169],[77.19614,38.80085],[77.17308,38.79567],[77.16299,38.78613],[77.16587,38.77225],[77.18172,38.75403],[77.19756,38.7358],[77.2134,38.71757],[77.22922,38.69934],[77.24504,38.6811],[77.25485,38.66425],[77.25865,38.64878],[77.25645,38.63469],[77.24826,38.62199],[77.24007,38.60929],[77.23188,38.59658],[77.22369,38.58387],[77.21551,38.57117],[77.20733,38.55846],[77.19915,38.54575],[77.19098,38.53304],[77.18281,38.52033],[77.17464,38.50762],[77.16647,38.49491],[77.15831,38.4822],[77.15015,38.46949],[77.13809,38.45896],[77.12214,38.45063],[77.10229,38.44449],[77.07854,38.44053],[77.0615,38.43322],[77.05117,38.42257],[77.04754,38.40857],[77.05062,38.39123],[77.0537,38.37389],[77.05678,38.35654],[77.05986,38.3392],[77.06294,38.32186],[77.06678,38.30018],[77.07139,38.27416],[77.07676,38.24381],[77.08289,38.20912],[77.08402,38.18079],[77.08015,38.15881],[77.07128,38.14319],[77.05742,38.13392],[77.04357,38.12465],[77.02971,38.11538],[77.01586,38.10611],[77.00201,38.09683],[76.98665,38.08852],[76.96978,38.08118],[76.95139,38.07481],[76.93149,38.0694],[76.91159,38.06399],[76.89169,38.05857],[76.8718,38.05315],[76.85191,38.04773],[76.83294,38.04531],[76.81488,38.04592],[76.79774,38.04953],[76.78151,38.05616],[76.76527,38.06279],[76.74904,38.06941],[76.7328,38.07603],[76.71655,38.08265],[76.69624,38.09092],[76.67186,38.10084],[76.64342,38.11241],[76.61089,38.12562],[76.58232,38.13349],[76.55772,38.13603],[76.53708,38.13323],[76.52041,38.12511],[76.5051,38.12084],[76.49115,38.12042],[76.47855,38.12386],[76.4673,38.13115],[76.4542,38.13659],[76.43925,38.14019],[76.42245,38.14194],[76.4038,38.14184],[76.38516,38.14174],[76.36651,38.14164],[76.34786,38.14153],[76.32922,38.14142],[76.31341,38.14488],[76.30045,38.1519],[76.29032,38.1625],[76.28303,38.17667],[76.27308,38.18823],[76.26047,38.19719],[76.24521,38.20355],[76.2273,38.2073],[76.21136,38.21269],[76.19741,38.21972],[76.18543,38.22839],[76.17544,38.2387],[76.16544,38.24902],[76.15544,38.25933],[76.14544,38.26964],[76.13543,38.27995],[76.12433,38.28737],[76.11214,38.2919],[76.09885,38.29355],[76.08448,38.2923],[76.07318,38.28683],[76.06495,38.27714],[76.05979,38.26323],[76.05771,38.2451],[76.0508,38.22922],[76.03907,38.21558],[76.02253,38.20419],[76.00116,38.19503],[75.9798,38.18587],[75.95845,38.1767],[75.9371,38.16753],[75.91575,38.15835],[75.89397,38.15423],[75.87175,38.15517],[75.84908,38.16115],[75.82595,38.1722],[75.80235,38.17892],[75.77828,38.18131],[75.75374,38.17939],[75.72874,38.17314],[75.70661,38.171],[75.68735,38.17297],[75.67094,38.17907],[75.6574,38.18927],[75.64136,38.19412],[75.62281,38.1936],[75.60176,38.18772],[75.57822,38.17647],[75.55551,38.17032],[75.53365,38.16928],[75.51261,38.17334],[75.49241,38.18251],[75.47276,38.18834],[75.45369,38.19084],[75.4352,38.19001],[75.41728,38.18585],[75.39936,38.18169],[75.38144,38.17752],[75.36353,38.17335],[75.34561,38.16918],[75.32875,38.16897],[75.31292,38.17271],[75.29813,38.18042],[75.28438,38.19209],[75.26876,38.20011],[75.25125,38.20449],[75.23187,38.20522],[75.21062,38.2023],[75.19135,38.20266],[75.17407,38.20631],[75.15876,38.21323],[75.14542,38.22344],[75.1286,38.22995],[75.10828,38.23277],[75.08447,38.23189],[75.05718,38.2273],[75.03224,38.22704],[75.00964,38.2311],[74.98939,38.23948],[74.97147,38.25219],[74.95337,38.26232],[74.93509,38.26988],[74.91662,38.27486],[74.89798,38.27726],[74.87933,38.27966],[74.86069,38.28206],[74.84204,38.28445],[74.82339,38.28684],[74.80836,38.29201],[74.79696,38.29998],[74.78917,38.31073],[74.785,38.32427],[74.78594,38.33537],[74.79198,38.34401],[74.80312,38.35021],[74.81937,38.35396],[74.83343,38.35953],[74.84531,38.36693],[74.855,38.37615],[74.8625,38.38719],[74.86625,38.40151],[74.86625,38.41912],[74.86251,38.44],[74.85501,38.46417],[74.84792,38.48151],[74.84125,38.49203],[74.835,38.49573],[74.82917,38.4926],[74.82411,38.49128],[74.81983,38.49176],[74.81633,38.49405],[74.81361,38.49813],[74.81027,38.50314],[74.80631,38.50908],[74.80174,38.51595],[74.79654,38.52373],[74.78843,38.52911],[74.77739,38.53207],[74.76344,38.53261],[74.74656,38.53073],[74.72844,38.5337],[74.70908,38.54152],[74.68846,38.55417],[74.66658,38.57167],[74.64527,38.58475],[74.62454,38.59339],[74.60437,38.59761],[74.58479,38.5974],[74.5675,38.5998],[74.5525,38.60479],[74.5398,38.6124],[74.52938,38.62261],[74.51724,38.6299],[74.50339,38.63427],[74.48781,38.63573],[74.47052,38.63428],[74.45479,38.63516],[74.44063,38.63839],[74.42803,38.64396],[74.41698,38.65188],[74.40308,38.65743],[74.3863,38.66061],[74.36666,38.66143],[74.34416,38.65987],[74.32166,38.65832],[74.29916,38.65675],[74.27666,38.65519],[74.25416,38.65362],[74.23193,38.65426],[74.20995,38.65712],[74.18824,38.6622],[74.16678,38.66949],[74.15009,38.67278],[74.13819,38.67208],[74.13106,38.66739],[74.1287,38.65871],[74.12633,38.64994],[74.12393,38.64108],[74.12152,38.63214],[74.11908,38.62312],[74.11495,38.61651],[74.10915,38.61231],[74.10167,38.61052],[74.0925,38.61115],[74.08458,38.60948],[74.07792,38.60552],[74.0725,38.59927],[74.06833,38.59073],[74.06661,38.58167],[74.06735,38.57208],[74.07052,38.56198]]]]}},{"type":"Feature","properties":{"basin_id":"basins_keliya"},"geometry":{"type":"MultiPolygon","coordinates":[[[[82.46865,36.25385],[82.47136,36.24615],[82.47539,36.24],[82.48076,36.23542],[82.48745,36.2324],[82.49547,36.23094],[82.50349,36.22948],[82.51151,36.22803],[82.51953,36.22657],[82.52755,36.22511],[82.53623,36.22402],[82.54557,36.22331],[82.55556,36.22298],[82.56621,36.22302],[82.57686,36.22306],[82.58751,36.22309],[82.59816,36.22313],[82.60881,36.22317],[82.61947,36.2232],[82.63012,36.22323],[82.64077,36.22327],[82.65142,36.2233],[82.66207,36.22333],[82.67272,36.22336],[82.68337,36.22339],[82.69402,36.22342],[82.70467,36.22344],[82.71532,36.22347],[82.72598,36.22349],[82.73663,36.22352],[82.74728,36.22354],[82.75793,36.22356],[82.76858,36.22358],[82.77923,36.2236],[82.78988,36.22362],[82.80053,36.22364],[82.81118,36.22366],[82.82184,36.22368],[82.83249,36.22369],[82.84314,36.22371],[82.85379,36.22372],[82.86444,36.22373],[82.87496,36.2254],[82.88536,36.22871],[82.89563,36.23368],[82.90578,36.2403],[82.91593,36.24692],[82.92608,36.25354],[82.93623,36.26016],[82.94638,36.26677],[82.95653,36.27339],[82.96669,36.28],[82.97685,36.28662],[82.98701,36.29323],[82.9959,36.29901],[83.00352,36.30397],[83.00987,36.3081],[83.01496,36.31141],[83.02004,36.31471],[83.02512,36.31802],[83.03021,36.32132],[83.03529,36.32463],[83.03891,36.3289],[83.04106,36.33415],[83.04175,36.34036],[83.04097,36.34755],[83.04019,36.35474],[83.0394,36.36193],[83.03862,36.36912],[83.03784,36.3763],[83.03706,36.38349],[83.03628,36.39068],[83.0355,36.39787],[83.03472,36.40505],[83.03394,36.41224],[83.03315,36.41943],[83.03237,36.42661],[83.03159,36.4338],[83.02964,36.43952],[83.02651,36.44376],[83.02222,36.44654],[83.01675,36.44784],[83.01128,36.44915],[83.00581,36.45045],[83.00034,36.45175],[82.99488,36.45305],[82.98804,36.45468],[82.97984,36.45664],[82.97027,36.45891],[82.95933,36.46152],[82.95039,36.46558],[82.94347,36.4711],[82.93854,36.47807],[82.93563,36.48651],[82.93271,36.49495],[82.9298,36.50339],[82.92688,36.51182],[82.92396,36.52026],[82.92024,36.52694],[82.91571,36.53186],[82.91037,36.53503],[82.90422,36.53644],[82.89808,36.53785],[82.89193,36.53925],[82.88579,36.54066],[82.87964,36.54207],[82.8735,36.54347],[82.86735,36.54488],[82.8612,36.54629],[82.85506,36.54769],[82.84891,36.5491],[82.84277,36.5505],[82.83662,36.55191],[82.83047,36.55331],[82.82497,36.5552],[82.82011,36.55757],[82.81591,36.56042],[82.81234,36.56375],[82.80878,36.56709],[82.80521,36.57042],[82.80165,36.57376],[82.79809,36.57709],[82.79363,36.58126],[82.78828,36.58626],[82.78204,36.5921],[82.77491,36.59876],[82.76777,36.60543],[82.76064,36.6121],[82.7535,36.61876],[82.74636,36.62543],[82.73922,36.63209],[82.73208,36.63876],[82.72494,36.64542],[82.7178,36.65209],[82.71243,36.65896],[82.70883,36.66604],[82.70701,36.67333],[82.70695,36.68083],[82.7069,36.68833],[82.70685,36.69583],[82.7068,36.70333],[82.70675,36.71083],[82.70669,36.71833],[82.70664,36.72583],[82.70659,36.73333],[82.70654,36.74083],[82.70648,36.74833],[82.70643,36.75583],[82.70638,36.76333],[82.70633,36.77083],[82.7055,36.77867],[82.70389,36.78684],[82.7015,36.79535],[82.69833,36.80419],[82.69516,36.81303],[82.69199,36.82188],[82.68882,36.83072],[82.68565,36.83956],[82.68247,36.84841],[82.6793,36.85726],[82.67612,36.86612],[82.67294,36.87499],[82.66975,36.88386],[82.66657,36.89272],[82.66338,36.90159],[82.6602,36.91045],[82.65672,36.91497],[82.65296,36.91513],[82.6489,36.91094],[82.64456,36.90239],[82.64073,36.89484],[82.63739,36.88828],[82.63456,36.8827],[82.63224,36.87812],[82.63076,36.87284],[82.63011,36.86685],[82.63032,36.86016],[82.63136,36.85276],[82.63241,36.84537],[82.63345,36.83797],[82.63449,36.83057],[82.63554,36.82318],[82.63658,36.81578],[82.63762,36.80839],[82.63867,36.80099],[82.63971,36.7936],[82.64075,36.7862],[82.6418,36.7788],[82.64284,36.77141],[82.64388,36.76401],[82.64492,36.75662],[82.64596,36.74922],[82.647,36.74182],[82.64805,36.73443],[82.64909,36.72703],[82.65013,36.71964],[82.65117,36.71224],[82.65221,36.70485],[82.65325,36.69745],[82.65429,36.69005],[82.65533,36.68266],[82.65637,36.67526],[82.65741,36.66787],[82.65845,36.66047],[82.65949,36.65307],[82.66053,36.64568],[82.65969,36.63823],[82.65697,36.63073],[82.65238,36.62318],[82.64592,36.61558],[82.63945,36.60798],[82.63299,36.60037],[82.62653,36.59277],[82.62007,36.58517],[82.61361,36.57756],[82.60715,36.56996],[82.60069,36.56235],[82.59423,36.55475],[82.58859,36.5481],[82.58375,36.54239],[82.57971,36.53764],[82.57649,36.53383],[82.57326,36.53003],[82.57004,36.52623],[82.56681,36.52243],[82.56359,36.51862],[82.56073,36.51421],[82.55823,36.50918],[82.55609,36.50354],[82.55432,36.49729],[82.55255,36.49104],[82.55078,36.48479],[82.54901,36.47854],[82.54724,36.47229],[82.54779,36.46573],[82.55065,36.45885],[82.55584,36.45167],[82.56334,36.44417],[82.5681,36.43723],[82.57013,36.43087],[82.56942,36.42507],[82.56597,36.41983],[82.56253,36.4146],[82.55909,36.40937],[82.55564,36.40414],[82.5522,36.3989],[82.54876,36.39367],[82.54532,36.38844],[82.54188,36.3832],[82.53844,36.37797],[82.535,36.37273],[82.53156,36.3675],[82.52812,36.36227],[82.52468,36.35703],[82.52124,36.3518],[82.51781,36.34656],[82.51437,36.34133],[82.51093,36.33609],[82.5075,36.33086],[82.50406,36.32562],[82.50062,36.32039],[82.49719,36.31515],[82.49376,36.30992],[82.49032,36.30468],[82.48689,36.29945],[82.48346,36.29421],[82.48002,36.28898],[82.47659,36.28374],[82.47316,36.27851],[82.46973,36.27327],[82.46783,36.26742],[82.46747,36.26094],[82.46865,36.25385]]]]}},{"type":"Feature","properties":{"basin_id":"basins_lh_gl"},"geometry":{"type":"MultiPolygon","coordinates":[[[[119.90148,41.92543],[119.90888,41.93376],[119.91628,41.94209],[119.92367,41.95043],[119.93107,41.95876],[119.93848,41.96709],[119.94842,41.97363],[119.96089,41.97838],[119.9759,41.98133],[119.99345,41.98249],[120.011,41.98365],[120.02855,41.98481],[120.0461,41.98596],[120.06365,41.98712],[120.0812,41.98826],[120.09876,41.98941],[120.11631,41.99055],[120.13386,41.99169],[120.15142,41.99283],[120.16897,41.99397],[120.18653,41.9951],[120.20408,41.99623],[120.21838,41.99343],[120.22941,41.98672],[120.23719,41.97608],[120.2417,41.96152],[120.24578,41.94835],[120.24942,41.93658],[120.25264,41.92621],[120.25542,41.91722],[120.2584,41.91269],[120.26158,41.91261],[120.26496,41.91698],[120.26854,41.9258],[120.27226,41.93495],[120.27612,41.94443],[120.2801,41.95424],[120.28423,41.96438],[120.28977,41.97246],[120.29673,41.9785],[120.3051,41.98248],[120.31489,41.98442],[120.32467,41.98635],[120.33446,41.98828],[120.34425,41.99021],[120.35404,41.99214],[120.36628,41.99455],[120.38097,41.99744],[120.39811,42.0008],[120.4177,42.00465],[120.4324,42.01062],[120.44222,42.01871],[120.44716,42.02893],[120.44721,42.04128],[120.44727,42.05362],[120.44732,42.06597],[120.44737,42.07831],[120.44742,42.09065],[120.44747,42.103],[120.44753,42.11534],[120.44758,42.12768],[120.44763,42.14003],[120.44768,42.15237],[120.44773,42.16471],[120.44779,42.17706],[120.44784,42.1894],[120.4499,42.20157],[120.45398,42.21355],[120.46007,42.22535],[120.46818,42.23698],[120.47629,42.2486],[120.48441,42.26022],[120.49253,42.27184],[120.50065,42.28346],[120.50877,42.29508],[120.5169,42.3067],[120.52503,42.31832],[120.53316,42.32994],[120.5413,42.34156],[120.54943,42.35318],[120.55758,42.36479],[120.56572,42.37641],[120.57387,42.38802],[120.58202,42.39964],[120.59017,42.41125],[120.59833,42.42287],[120.60649,42.43448],[120.61465,42.44609],[120.62282,42.4577],[120.63099,42.46931],[120.63916,42.48092],[120.64734,42.49253],[120.65552,42.50414],[120.6637,42.51575],[120.67188,42.52736],[120.68007,42.53896],[120.68826,42.55057],[120.69645,42.56218],[120.70549,42.5709],[120.71537,42.57674],[120.72609,42.57969],[120.73766,42.57976],[120.74922,42.57982],[120.76078,42.57989],[120.77234,42.57996],[120.7839,42.58002],[120.79836,42.5801],[120.8157,42.58019],[120.83594,42.58029],[120.85906,42.58041],[120.87929,42.5805],[120.89664,42.58058],[120.91109,42.58064],[120.92265,42.58069],[120.93422,42.58074],[120.94578,42.58079],[120.95734,42.58084],[120.9689,42.58088],[120.98047,42.58092],[120.99203,42.58097],[121.00359,42.58101],[121.01515,42.58105],[121.02672,42.58109],[121.03828,42.58113],[121.04984,42.58116],[121.06141,42.5812],[121.07061,42.57816],[121.07747,42.57206],[121.08196,42.56289],[121.0841,42.55065],[121.08624,42.53841],[121.08838,42.52617],[121.09052,42.51393],[121.09266,42.5017],[121.09479,42.48946],[121.09693,42.47722],[121.09906,42.46498],[121.1012,42.45274],[121.10333,42.4405],[121.10546,42.42826],[121.10759,42.41602],[121.10972,42.40378],[121.11414,42.39413],[121.12083,42.38708],[121.12981,42.38263],[121.14107,42.38077],[121.15233,42.37891],[121.16358,42.37705],[121.17484,42.37519],[121.1861,42.37332],[121.19735,42.37146],[121.20861,42.36959],[121.21986,42.36772],[121.23112,42.36586],[121.24237,42.36399],[121.25362,42.36212],[121.26488,42.36024],[121.27613,42.35837],[121.28738,42.3565],[121.29863,42.35462],[121.30988,42.35275],[121.32113,42.35087],[121.33237,42.34899],[121.34362,42.34711],[121.35487,42.34523],[121.36611,42.34335],[121.37736,42.34147],[121.3886,42.33958],[121.39985,42.3377],[121.41109,42.33581],[121.42233,42.33392],[121.43358,42.33203],[121.44482,42.33015],[121.45606,42.32825],[121.46595,42.32451],[121.47449,42.3189],[121.48169,42.31144],[121.48753,42.30211],[121.49337,42.29279],[121.49921,42.28347],[121.50505,42.27415],[121.51089,42.26483],[121.51818,42.25317],[121.52693,42.23919],[121.53713,42.22287],[121.54878,42.20423],[121.56202,42.19277],[121.57684,42.1885],[121.59325,42.19142],[121.61126,42.20153],[121.62702,42.21037],[121.64054,42.21795],[121.6518,42.22427],[121.66082,42.22932],[121.66983,42.23437],[121.67885,42.23942],[121.68787,42.24447],[121.69689,42.24951],[121.70553,42.25099],[121.7138,42.24891],[121.72169,42.24326],[121.7292,42.23405],[121.73672,42.22483],[121.74422,42.21561],[121.75173,42.2064],[121.75923,42.19718],[121.76674,42.18796],[121.77424,42.17874],[121.78173,42.16952],[121.78923,42.1603],[121.79672,42.15108],[121.80421,42.14186],[121.8117,42.13264],[121.81919,42.12342],[121.82364,42.11266],[121.82504,42.10037],[121.82341,42.08654],[121.81874,42.07118],[121.81408,42.05582],[121.80942,42.04046],[121.80476,42.0251],[121.8001,42.00974],[121.79544,41.99438],[121.79079,41.97901],[121.78614,41.96365],[121.78149,41.94829],[121.77742,41.93485],[121.77394,41.92332],[121.77104,41.91372],[121.76872,41.90604],[121.7664,41.89836],[121.76408,41.89068],[121.76176,41.88299],[121.75944,41.87531],[121.75712,41.86763],[121.7548,41.85995],[121.75248,41.85227],[121.75017,41.84458],[121.74785,41.8369],[121.74554,41.82922],[121.74322,41.82154],[121.74091,41.81385],[121.73859,41.80617],[121.73628,41.79849],[121.73397,41.7908],[121.73166,41.78312],[121.72934,41.77544],[121.72703,41.76775],[121.72472,41.76007],[121.72241,41.75239],[121.71953,41.74278],[121.71606,41.73126],[121.71203,41.71781],[121.70741,41.70244],[121.7028,41.68708],[121.69819,41.67171],[121.69359,41.65634],[121.68898,41.64097],[121.68196,41.62851],[121.67252,41.61895],[121.66067,41.6123],[121.64639,41.60855],[121.63212,41.60481],[121.61785,41.60106],[121.60358,41.5973],[121.58931,41.59355],[121.57817,41.58652],[121.57015,41.5762],[121.56525,41.56261],[121.56347,41.54573],[121.5617,41.52886],[121.55992,41.51198],[121.55815,41.49511],[121.55638,41.47824],[121.55483,41.46347],[121.5535,41.45081],[121.55239,41.44027],[121.55151,41.43183],[121.55062,41.42339],[121.54974,41.41495],[121.54885,41.40652],[121.54797,41.39808],[121.54709,41.38964],[121.5462,41.3812],[121.54532,41.37276],[121.54444,41.36433],[121.54355,41.35589],[121.54267,41.34745],[121.54179,41.33901],[121.54091,41.33057],[121.53731,41.32361],[121.53101,41.31812],[121.52199,41.3141],[121.51027,41.31156],[121.49855,41.30901],[121.48682,41.30646],[121.4751,41.30392],[121.46338,41.30137],[121.45166,41.29882],[121.43994,41.29626],[121.42823,41.29371],[121.41651,41.29116],[121.40479,41.2886],[121.39308,41.28604],[121.38136,41.28348],[121.36965,41.28092],[121.36118,41.27515],[121.35595,41.26616],[121.35396,41.25396],[121.35521,41.23854],[121.35975,41.22378],[121.36757,41.20967],[121.37867,41.19621],[121.39306,41.1834],[121.40744,41.17059],[121.42182,41.15778],[121.43619,41.14496],[121.45055,41.13215],[121.46465,41.12246],[121.4785,41.1159],[121.49208,41.11247],[121.50542,41.11216],[121.51875,41.11186],[121.53209,41.11155],[121.54542,41.11124],[121.55875,41.11093],[121.57209,41.11062],[121.58542,41.11031],[121.59875,41.11],[121.61209,41.10968],[121.62542,41.10936],[121.63875,41.10905],[121.65209,41.10872],[121.66542,41.1084],[121.67808,41.10722],[121.69006,41.10519],[121.70137,41.1023],[121.712,41.09856],[121.72263,41.09481],[121.73326,41.09107],[121.74389,41.08732],[121.75452,41.08357],[121.76514,41.07982],[121.77577,41.07607],[121.78639,41.07232],[121.79702,41.06857],[121.80764,41.06482],[121.81826,41.06106],[121.82888,41.05731],[121.83949,41.05355],[121.84693,41.04719],[121.8512,41.03823],[121.85229,41.02667],[121.85021,41.0125],[121.85467,41.00124],[121.86568,40.9929],[121.88323,40.98746],[121.90733,40.98493],[121.92857,40.9827],[121.94693,40.98076],[121.96244,40.97913],[121.97508,40.97779],[121.98772,40.97645],[122.00035,40.97511],[122.01299,40.97377],[122.02563,40.97243],[122.03366,40.9685],[122.03708,40.96197],[122.03589,40.95284],[122.03009,40.94113],[122.0243,40.92941],[122.01851,40.91769],[122.01273,40.90598],[122.00694,40.89426],[122.00116,40.88254],[121.99538,40.87082],[121.9896,40.8591],[121.98382,40.84738],[121.97804,40.83566],[121.97227,40.82394],[121.9665,40.81222],[121.96073,40.8005],[121.96141,40.79109],[121.96853,40.78398],[121.98209,40.77918],[122.00209,40.77669],[122.0196,40.77451],[122.0346,40.77263],[122.0471,40.77107],[122.05709,40.76982],[122.06709,40.76857],[122.07709,40.76731],[122.08709,40.76606],[122.09709,40.7648],[122.10511,40.76154],[122.11115,40.75628],[122.11521,40.74901],[122.1173,40.73974],[122.11938,40.73047],[122.12146,40.7212],[122.12355,40.71193],[122.12563,40.70266],[122.13112,40.69558],[122.14003,40.69069],[122.15235,40.68799],[122.16808,40.68749],[122.18381,40.68698],[122.19954,40.68646],[122.21527,40.68595],[122.231,40.68543],[122.24673,40.68492],[122.26246,40.68439],[122.27818,40.68387],[122.29391,40.68335],[122.30964,40.68282],[122.32537,40.68229],[122.3411,40.68176],[122.35683,40.68122],[122.37068,40.67869],[122.38266,40.67415],[122.39277,40.66761],[122.401,40.65907],[122.40924,40.65053],[122.41747,40.64198],[122.42569,40.63344],[122.43392,40.6249],[122.44441,40.61996],[122.45718,40.61861],[122.47223,40.62086],[122.48956,40.62671],[122.50688,40.63256],[122.52422,40.6384],[122.54155,40.64425],[122.55889,40.65008],[122.57623,40.65592],[122.59357,40.66175],[122.61092,40.66758],[122.62827,40.67341],[122.64562,40.67924],[122.66298,40.68506],[122.68034,40.69088],[122.6977,40.6967],[122.7123,40.69839],[122.72415,40.69596],[122.73323,40.68941],[122.73954,40.67873],[122.74585,40.66806],[122.75216,40.65738],[122.75847,40.64671],[122.76478,40.63603],[122.77108,40.62535],[122.77738,40.61468],[122.78368,40.604],[122.78998,40.59332],[122.79628,40.58264],[122.80257,40.57196],[122.80886,40.56128],[122.81515,40.5506],[122.82534,40.54088],[122.83943,40.53211],[122.85742,40.52429],[122.8793,40.51743],[122.89845,40.51141],[122.91486,40.50626],[122.92853,40.50196],[122.93946,40.49852],[122.95039,40.49508],[122.96133,40.49164],[122.97226,40.4882],[122.98319,40.48475],[122.99355,40.48591],[123.00335,40.49166],[123.01259,40.50201],[123.02126,40.51697],[123.02885,40.53005],[123.03536,40.54126],[123.04079,40.55061],[123.04513,40.55808],[123.04948,40.56556],[123.05382,40.57303],[123.05817,40.58051],[123.06251,40.58798],[123.06795,40.59733],[123.07447,40.60854],[123.08209,40.62162],[123.09079,40.63656],[123.0995,40.65151],[123.10822,40.66645],[123.11694,40.68139],[123.12566,40.69634],[123.13769,40.70863],[123.15304,40.71827],[123.17169,40.72526],[123.19365,40.72959],[123.21288,40.73338],[123.22935,40.73662],[123.24308,40.73932],[123.25407,40.74148],[123.26506,40.74364],[123.27605,40.7458],[123.28703,40.74795],[123.29802,40.75011],[123.30901,40.75226],[123.32,40.75441],[123.331,40.75657],[123.34199,40.75872],[123.35298,40.76087],[123.36398,40.76302],[123.37497,40.76516],[123.38597,40.76731],[123.39696,40.76945],[123.40796,40.7716],[123.41896,40.77374],[123.42995,40.77588],[123.44095,40.77802],[123.45195,40.78016],[123.46295,40.7823],[123.47395,40.78444],[123.48496,40.78658],[123.49596,40.78871],[123.50696,40.79085],[123.51797,40.79298],[123.52897,40.79511],[123.53998,40.79724],[123.55098,40.79937],[123.56199,40.8015],[123.57575,40.80416],[123.59226,40.80735],[123.61153,40.81107],[123.63355,40.81531],[123.65558,40.81955],[123.67761,40.82379],[123.69964,40.82802],[123.72167,40.83225],[123.74371,40.83647],[123.76575,40.84069],[123.7878,40.8449],[123.80984,40.84911],[123.82751,40.85454],[123.84079,40.86121],[123.84968,40.86909],[123.8542,40.87821],[123.85871,40.88733],[123.86323,40.89645],[123.86774,40.90556],[123.87226,40.91468],[123.87678,40.9238],[123.8813,40.93292],[123.88583,40.94203],[123.89035,40.95115],[123.89487,40.96026],[123.8994,40.96938],[123.90393,40.97849],[123.90846,40.98761],[123.91299,40.99672],[123.91752,41.00584],[123.92205,41.01495],[123.92658,41.02407],[123.93112,41.03318],[123.93565,41.04229],[123.94019,41.05141],[123.94473,41.06052],[123.94927,41.06963],[123.95381,41.07875],[123.95836,41.08786],[123.9629,41.09697],[123.96745,41.10608],[123.97199,41.11519],[123.97654,41.12431],[123.98109,41.13342],[123.9875,41.13834],[123.99578,41.13907],[124.00592,41.13561],[124.01791,41.12797],[124.02991,41.12032],[124.0419,41.11266],[124.05389,41.10501],[124.06587,41.09736],[124.07785,41.0897],[124.08983,41.08205],[124.10181,41.07439],[124.11378,41.06673],[124.12575,41.05907],[124.13772,41.05141],[124.14968,41.04375],[124.16165,41.03608],[124.1729,41.03263],[124.18346,41.03338],[124.19332,41.03834],[124.20248,41.04751],[124.21165,41.05667],[124.22081,41.06584],[124.22998,41.07501],[124.23915,41.08417],[124.25,41.09027],[124.26251,41.0933],[124.27668,41.09325],[124.29253,41.09014],[124.30837,41.08703],[124.32421,41.08391],[124.34004,41.08079],[124.35588,41.07767],[124.37172,41.07455],[124.38755,41.07143],[124.40338,41.0683],[124.41921,41.06517],[124.43504,41.06204],[124.45087,41.0589],[124.46669,41.05577],[124.48252,41.05263],[124.49762,41.05158],[124.51201,41.05262],[124.52568,41.05575],[124.53864,41.06096],[124.55159,41.06618],[124.56455,41.07139],[124.57752,41.07661],[124.59048,41.08182],[124.60345,41.08703],[124.61642,41.09224],[124.62939,41.09744],[124.64236,41.10265],[124.65534,41.10785],[124.66831,41.11305],[124.68129,41.11826],[124.69427,41.12345],[124.70527,41.12999],[124.71427,41.13786],[124.72129,41.14708],[124.72632,41.15763],[124.73135,41.16818],[124.73638,41.17873],[124.74141,41.18928],[124.74645,41.19983],[124.75149,41.21038],[124.75653,41.22093],[124.76157,41.23148],[124.76661,41.24203],[124.77165,41.25257],[124.7767,41.26312],[124.78174,41.27367],[124.78679,41.28422],[124.79184,41.29476],[124.79689,41.30531],[124.80195,41.31586],[124.807,41.3264],[124.81206,41.33695],[124.81712,41.3475],[124.82218,41.35804],[124.82724,41.36859],[124.83231,41.37913],[124.83737,41.38968],[124.84244,41.40022],[124.84751,41.41076],[124.85258,41.42131],[124.85765,41.43185],[124.86272,41.44239],[124.8678,41.45294],[124.8743,41.46242],[124.88223,41.47085],[124.89158,41.47823],[124.90236,41.48454],[124.91313,41.49086],[124.92392,41.49718],[124.9347,41.50349],[124.94549,41.5098],[124.95627,41.51611],[124.96706,41.52242],[124.97786,41.52873],[124.98865,41.53504],[124.99945,41.54135],[125.01025,41.54766],[125.02105,41.55396],[125.03185,41.56027],[125.04265,41.56657],[125.05346,41.57287],[125.06427,41.57917],[125.07508,41.58547],[125.0859,41.59177],[125.09671,41.59807],[125.10753,41.60437],[125.11835,41.61066],[125.12917,41.61696],[125.14,41.62325],[125.15082,41.62954],[125.16165,41.63583],[125.17248,41.64212],[125.18332,41.64841],[125.19415,41.6547],[125.20499,41.66099],[125.21108,41.66854],[125.21242,41.67736],[125.20902,41.68746],[125.20086,41.69881],[125.19269,41.71017],[125.18453,41.72153],[125.17636,41.73288],[125.16819,41.74424],[125.16002,41.75559],[125.15184,41.76695],[125.14366,41.7783],[125.13548,41.78965],[125.12729,41.80101],[125.1191,41.81236],[125.11091,41.82371],[125.10271,41.83506],[125.0997,41.84533],[125.10186,41.85453],[125.10921,41.86265],[125.12175,41.86969],[125.13429,41.87672],[125.14683,41.88376],[125.15937,41.8908],[125.17192,41.89783],[125.18447,41.90486],[125.19702,41.91189],[125.20957,41.91892],[125.22213,41.92595],[125.23469,41.93298],[125.24726,41.94001],[125.25982,41.94703],[125.27239,41.95405],[125.27795,41.96081],[125.27648,41.96729],[125.268,41.97351],[125.2525,41.97946],[125.23699,41.98541],[125.22148,41.99136],[125.20597,41.9973],[125.19046,42.00324],[125.17494,42.00918],[125.15942,42.01512],[125.14389,42.02106],[125.12837,42.02699],[125.11284,42.03292],[125.0973,42.03885],[125.08177,42.04478],[125.06623,42.0507],[125.05587,42.05782],[125.0507,42.06615],[125.05072,42.07568],[125.05593,42.08641],[125.06113,42.09714],[125.06634,42.10787],[125.07155,42.1186],[125.07676,42.12932],[125.0839,42.13633],[125.09297,42.13961],[125.10397,42.13917],[125.11689,42.13501],[125.12981,42.13085],[125.14272,42.12668],[125.15564,42.12251],[125.16855,42.11834],[125.18172,42.11969],[125.19515,42.12657],[125.20884,42.13896],[125.2228,42.15688],[125.23111,42.17157],[125.23378,42.18303],[125.2308,42.19126],[125.22216,42.19626],[125.21352,42.20126],[125.20488,42.20627],[125.19624,42.21127],[125.18759,42.21627],[125.17679,42.22252],[125.16382,42.23002],[125.14868,42.23877],[125.13138,42.24876],[125.12126,42.25957],[125.11833,42.27118],[125.12258,42.2836],[125.13403,42.29683],[125.14548,42.31006],[125.15694,42.32329],[125.1684,42.33652],[125.17987,42.34975],[125.1864,42.36166],[125.18798,42.37226],[125.18461,42.38154],[125.17629,42.38952],[125.16796,42.39749],[125.15964,42.40546],[125.15131,42.41343],[125.14298,42.4214],[125.13465,42.42937],[125.12632,42.43734],[125.11798,42.44531],[125.10964,42.45327],[125.10131,42.46124],[125.09296,42.46921],[125.08462,42.47717],[125.07627,42.48514],[125.07012,42.49394],[125.06615,42.50357],[125.06437,42.51404],[125.06479,42.52534],[125.06521,42.53664],[125.06562,42.54794],[125.06604,42.55925],[125.06645,42.57055],[125.06687,42.58185],[125.06729,42.59315],[125.0677,42.60445],[125.06812,42.61576],[125.06854,42.62706],[125.06896,42.63836],[125.06937,42.64966],[125.06979,42.66096],[125.0731,42.67016],[125.0793,42.67725],[125.0884,42.68224],[125.10039,42.68512],[125.11238,42.68801],[125.12437,42.69089],[125.13636,42.69376],[125.14836,42.69664],[125.16035,42.69952],[125.17235,42.70239],[125.18435,42.70527],[125.19635,42.70814],[125.20835,42.71101],[125.22035,42.71388],[125.23235,42.71675],[125.24435,42.71961],[125.25636,42.72248],[125.26836,42.72534],[125.28037,42.72821],[125.29237,42.73107],[125.30438,42.73393],[125.31639,42.73679],[125.3284,42.73965],[125.34042,42.7425],[125.35543,42.74607],[125.37345,42.75036],[125.39448,42.75535],[125.41852,42.76104],[125.43863,42.76839],[125.4548,42.77738],[125.46705,42.78803],[125.47536,42.80032],[125.48368,42.81262],[125.492,42.82491],[125.50032,42.83721],[125.50865,42.8495],[125.51698,42.86179],[125.52531,42.87408],[125.53365,42.88637],[125.54199,42.89866],[125.55033,42.91095],[125.55868,42.92324],[125.56703,42.93553],[125.57538,42.94782],[125.57813,42.95977],[125.57528,42.97138],[125.56682,42.98266],[125.55275,42.99359],[125.53867,43.00453],[125.52459,43.01546],[125.51051,43.02639],[125.49642,43.03732],[125.48232,43.04825],[125.46822,43.05917],[125.45412,43.0701],[125.44,43.08102],[125.42765,43.09057],[125.41706,43.09876],[125.40824,43.10559],[125.40118,43.11104],[125.39411,43.1165],[125.38705,43.12196],[125.37998,43.12742],[125.37291,43.13287],[125.36408,43.13969],[125.35347,43.14788],[125.34109,43.15742],[125.32694,43.16833],[125.31279,43.17924],[125.29862,43.19014],[125.28446,43.20104],[125.27029,43.21195],[125.25611,43.22284],[125.24193,43.23374],[125.22775,43.24464],[125.21356,43.25553],[125.19936,43.26642],[125.18516,43.27731],[125.17095,43.2882],[125.15674,43.29909],[125.14438,43.30932],[125.13387,43.31891],[125.1252,43.32784],[125.11839,43.33613],[125.11158,43.34441],[125.10476,43.35269],[125.09794,43.36098],[125.09112,43.36926],[125.0843,43.37754],[125.07748,43.38582],[125.07066,43.3941],[125.06383,43.40238],[125.057,43.41066],[125.05017,43.41894],[125.04334,43.42722],[125.0365,43.4355],[125.0332,43.444],[125.03342,43.45272],[125.03718,43.46167],[125.04446,43.47084],[125.05175,43.48],[125.05905,43.48917],[125.06634,43.49834],[125.07364,43.5075],[125.07739,43.51645],[125.0776,43.52519],[125.07426,43.53371],[125.06738,43.54202],[125.06049,43.55032],[125.0536,43.55863],[125.04672,43.56693],[125.03982,43.57524],[125.03293,43.58354],[125.02604,43.59185],[125.01914,43.60015],[125.01224,43.60845],[125.00534,43.61676],[124.99844,43.62506],[124.99153,43.63336],[124.98463,43.64166],[124.97772,43.64996],[124.97081,43.65827],[124.9639,43.66657],[124.95698,43.67487],[124.95007,43.68317],[124.94315,43.69146],[124.93623,43.69976],[124.92931,43.70806],[124.92066,43.71843],[124.91027,43.73088],[124.89814,43.7454],[124.88428,43.76199],[124.87214,43.77651],[124.86173,43.78895],[124.85305,43.79932],[124.84611,43.80761],[124.83917,43.8159],[124.83222,43.8242],[124.82527,43.83249],[124.81832,43.84078],[124.81136,43.84907],[124.80441,43.85736],[124.79745,43.86565],[124.79049,43.87394],[124.78353,43.88223],[124.77657,43.89052],[124.7696,43.89881],[124.76264,43.9071],[124.75393,43.91746],[124.74347,43.92989],[124.73127,43.94439],[124.71731,43.96097],[124.70509,43.97546],[124.69462,43.98789],[124.68588,43.99825],[124.67889,44.00653],[124.6719,44.01481],[124.66491,44.0231],[124.65791,44.03138],[124.65092,44.03966],[124.64071,44.04738],[124.62731,44.05452],[124.61069,44.0611],[124.59087,44.06711],[124.57105,44.07312],[124.55122,44.07912],[124.53139,44.08512],[124.51155,44.09112],[124.49171,44.09711],[124.47187,44.1031],[124.45202,44.10909],[124.43217,44.11507],[124.41231,44.12105],[124.39246,44.12703],[124.37259,44.133],[124.35272,44.13897],[124.3348,44.14092],[124.31881,44.13885],[124.30477,44.13277],[124.29268,44.12266],[124.28059,44.11256],[124.26851,44.10246],[124.25643,44.09235],[124.24436,44.08225],[124.23294,44.07434],[124.22217,44.06864],[124.21206,44.06515],[124.2026,44.06386],[124.19314,44.06256],[124.18369,44.06127],[124.17423,44.05998],[124.16477,44.05868],[124.15295,44.05706],[124.13877,44.05512],[124.12222,44.05285],[124.10331,44.05025],[124.0844,44.04765],[124.0655,44.04505],[124.04659,44.04244],[124.02769,44.03983],[124.00879,44.03721],[123.98989,44.0346],[123.97099,44.03198],[123.95209,44.02936],[123.93482,44.02953],[123.91916,44.03249],[123.90512,44.03824],[123.89269,44.04679],[123.88026,44.05534],[123.86783,44.06389],[123.85539,44.07243],[123.84295,44.08098],[123.8305,44.08952],[123.81805,44.09806],[123.8056,44.1066],[123.79315,44.11514],[123.78069,44.12368],[123.76823,44.13222],[123.75576,44.14075],[123.74329,44.14929],[123.73165,44.15489],[123.72082,44.15757],[123.71082,44.15733],[123.70165,44.15415],[123.69248,44.15098],[123.68331,44.14781],[123.67414,44.14463],[123.66497,44.14145],[123.65351,44.13748],[123.63976,44.13272],[123.62372,44.12716],[123.6054,44.1208],[123.58922,44.11668],[123.57519,44.11482],[123.56331,44.11521],[123.55357,44.11786],[123.54383,44.1205],[123.53408,44.12314],[123.52434,44.12578],[123.5146,44.12841],[123.50485,44.13105],[123.49511,44.13369],[123.48536,44.13632],[123.47561,44.13896],[123.46587,44.14159],[123.45612,44.14423],[123.44637,44.14686],[123.43662,44.14949],[123.42443,44.15278],[123.4098,44.15672],[123.39273,44.16132],[123.37322,44.16658],[123.35614,44.17117],[123.34151,44.17511],[123.32931,44.17839],[123.31955,44.18101],[123.30979,44.18363],[123.30002,44.18625],[123.29026,44.18887],[123.2805,44.19149],[123.26829,44.19476],[123.25364,44.19869],[123.23655,44.20326],[123.21701,44.20849],[123.19747,44.21372],[123.17792,44.21894],[123.15838,44.22416],[123.13882,44.22937],[123.12171,44.23393],[123.10705,44.23784],[123.09482,44.24109],[123.08504,44.2437],[123.07526,44.2463],[123.06548,44.2489],[123.05569,44.2515],[123.04591,44.2541],[123.03612,44.2567],[123.02634,44.25929],[123.01655,44.26189],[123.00676,44.26449],[122.99697,44.26708],[122.98719,44.26968],[122.9774,44.27227],[122.9676,44.27486],[122.95762,44.27797],[122.94745,44.2816],[122.93709,44.28575],[122.92654,44.29041],[122.91599,44.29507],[122.90544,44.29974],[122.89488,44.3044],[122.88433,44.30906],[122.87377,44.31372],[122.86321,44.31837],[122.85265,44.32303],[122.84208,44.32769],[122.83152,44.33234],[122.82095,44.337],[122.81039,44.34165],[122.79982,44.3463],[122.78924,44.35096],[122.77867,44.35561],[122.7681,44.36026],[122.75752,44.3649],[122.74694,44.36955],[122.73636,44.3742],[122.72578,44.37885],[122.7152,44.38349],[122.70462,44.38813],[122.69403,44.39278],[122.68344,44.39742],[122.67285,44.40206],[122.66226,44.4067],[122.65167,44.41134],[122.64108,44.41598],[122.63048,44.42062],[122.61988,44.42525],[122.60928,44.42989],[122.59868,44.43452],[122.58808,44.43916],[122.57748,44.44379],[122.56687,44.44842],[122.55626,44.45305],[122.54566,44.45768],[122.53505,44.46231],[122.52443,44.46694],[122.51382,44.47156],[122.5032,44.47619],[122.49259,44.48081],[122.48197,44.48544],[122.47135,44.49006],[122.46073,44.49468],[122.4501,44.4993],[122.43948,44.50393],[122.42885,44.50854],[122.41822,44.51316],[122.40759,44.51778],[122.39696,44.5224],[122.38633,44.52701],[122.3757,44.53163],[122.3624,44.53739],[122.34644,44.54431],[122.32782,44.55238],[122.30653,44.5616],[122.28806,44.56795],[122.2724,44.57144],[122.25958,44.57207],[122.24957,44.56983],[122.23957,44.5676],[122.22956,44.56536],[122.21956,44.56312],[122.20956,44.56089],[122.19706,44.55809],[122.18206,44.55473],[122.16456,44.5508],[122.14457,44.54632],[122.12687,44.5451],[122.11146,44.54715],[122.09834,44.55246],[122.08751,44.56105],[122.07668,44.56963],[122.06584,44.57821],[122.055,44.58679],[122.04416,44.59537],[122.03331,44.60395],[122.02246,44.61253],[122.01161,44.62111],[122.00075,44.62968],[121.98989,44.63826],[121.97903,44.64683],[121.96816,44.6554],[121.95729,44.66398],[121.94642,44.67255],[121.93555,44.68112],[121.92467,44.68969],[121.91379,44.69826],[121.90291,44.70682],[121.89202,44.71539],[121.88113,44.72396],[121.87024,44.73252],[121.85934,44.74108],[121.84844,44.74965],[121.83754,44.75821],[121.82663,44.76677],[121.81572,44.77533],[121.80481,44.78389],[121.7939,44.79244],[121.78298,44.801],[121.77206,44.80956],[121.76113,44.81811],[121.75021,44.82667],[121.73928,44.83522],[121.72834,44.84377],[121.7174,44.85232],[121.70646,44.86087],[121.69552,44.86942],[121.68458,44.87797],[121.67363,44.88651],[121.66267,44.89506],[121.65172,44.9036],[121.64076,44.91215],[121.6298,44.92069],[121.61883,44.92923],[121.60787,44.93777],[121.59689,44.94631],[121.58592,44.95485],[121.57494,44.96339],[121.56396,44.97193],[121.55298,44.98047],[121.54199,44.989],[121.531,44.99753],[121.52001,45.00607],[121.50901,45.0146],[121.49801,45.02313],[121.48701,45.03166],[121.476,45.04019],[121.465,45.04872],[121.45398,45.05725],[121.44297,45.06577],[121.43195,45.0743],[121.41947,45.08033],[121.40551,45.08387],[121.3901,45.08491],[121.37322,45.08345],[121.35635,45.082],[121.33947,45.08054],[121.3226,45.07908],[121.30573,45.07762],[121.28816,45.07952],[121.26989,45.08478],[121.25092,45.0934],[121.23125,45.10539],[121.21403,45.11587],[121.19927,45.12486],[121.18696,45.13234],[121.17711,45.13833],[121.16726,45.14432],[121.15741,45.1503],[121.14756,45.15629],[121.1377,45.16227],[121.12673,45.16715],[121.11465,45.17091],[121.10145,45.17356],[121.08714,45.17509],[121.07282,45.17662],[121.05851,45.17815],[121.04419,45.17968],[121.02988,45.18121],[121.01556,45.18274],[121.00124,45.18426],[120.98693,45.18578],[120.97261,45.1873],[120.95829,45.18882],[120.94397,45.19034],[120.92965,45.19186],[120.91533,45.19337],[120.901,45.19488],[120.88668,45.19639],[120.87236,45.1979],[120.85803,45.19941],[120.84371,45.20091],[120.82938,45.20242],[120.81506,45.20392],[120.80073,45.20542],[120.7864,45.20692],[120.77207,45.20841],[120.75774,45.20991],[120.74341,45.2114],[120.72908,45.21289],[120.71475,45.21438],[120.70042,45.21587],[120.68608,45.21736],[120.67305,45.21664],[120.6613,45.21371],[120.65086,45.20858],[120.64171,45.20125],[120.63257,45.19391],[120.62343,45.18658],[120.61429,45.17924],[120.60515,45.1719],[120.59602,45.16457],[120.58689,45.15723],[120.57775,45.14989],[120.56863,45.14255],[120.5595,45.13521],[120.55038,45.12787],[120.54126,45.12053],[120.53214,45.11318],[120.52302,45.10584],[120.51391,45.0985],[120.50479,45.09115],[120.49568,45.08381],[120.48658,45.07646],[120.47747,45.06912],[120.46837,45.06177],[120.45927,45.05442],[120.44789,45.04523],[120.43425,45.03421],[120.41834,45.02135],[120.40016,45.00664],[120.3825,44.99515],[120.36534,44.98686],[120.34869,44.98178],[120.33255,44.97991],[120.3164,44.97804],[120.30025,44.97616],[120.28411,44.97429],[120.26796,44.97241],[120.25241,44.973],[120.23746,44.97608],[120.22309,44.98163],[120.20931,44.98966],[120.19552,44.99769],[120.18174,45.00572],[120.16795,45.01374],[120.15415,45.02177],[120.14035,45.02979],[120.12655,45.03781],[120.11274,45.04583],[120.09894,45.05385],[120.08512,45.06186],[120.07131,45.06988],[120.05748,45.07789],[120.04366,45.0859],[120.02862,45.09112],[120.01238,45.09355],[119.99493,45.09318],[119.97627,45.09002],[119.95761,45.08686],[119.93896,45.0837],[119.92031,45.08053],[119.90166,45.07736],[119.88301,45.07418],[119.86436,45.071],[119.84572,45.06782],[119.82708,45.06464],[119.80844,45.06146],[119.7898,45.05827],[119.77116,45.05508],[119.75253,45.05188],[119.73892,45.05224],[119.73033,45.05616],[119.72677,45.06365],[119.72823,45.07469],[119.72968,45.08573],[119.73114,45.09677],[119.7326,45.10781],[119.73406,45.11885],[119.73042,45.12867],[119.72168,45.13727],[119.70783,45.14465],[119.68888,45.1508],[119.66993,45.15695],[119.65097,45.1631],[119.63201,45.16924],[119.61304,45.17538],[119.59508,45.1782],[119.57813,45.17771],[119.5622,45.1739],[119.54728,45.16678],[119.53237,45.15965],[119.51746,45.15252],[119.50255,45.14539],[119.48765,45.13826],[119.47275,45.13113],[119.45786,45.12399],[119.44296,45.11685],[119.42807,45.10971],[119.41319,45.10257],[119.39831,45.09543],[119.38343,45.08829],[119.36856,45.08114],[119.35308,45.07831],[119.33701,45.07979],[119.32034,45.08558],[119.30306,45.09569],[119.28578,45.1058],[119.26848,45.1159],[119.25119,45.12601],[119.23388,45.13611],[119.21795,45.13938],[119.2034,45.13584],[119.19023,45.12547],[119.17844,45.10829],[119.16814,45.09325],[119.15931,45.08036],[119.15195,45.06962],[119.14607,45.06102],[119.14019,45.05243],[119.13431,45.04383],[119.12843,45.03524],[119.12256,45.02664],[119.12037,45.01762],[119.12188,45.00817],[119.12706,44.99829],[119.13594,44.98798],[119.14481,44.97767],[119.15367,44.96736],[119.16254,44.95705],[119.1714,44.94674],[119.18025,44.93643],[119.18911,44.92611],[119.19796,44.9158],[119.20681,44.90549],[119.21565,44.89517],[119.22449,44.88486],[119.23333,44.87454],[119.24217,44.86423],[119.24634,44.85567],[119.24586,44.84887],[119.24072,44.84384],[119.23092,44.84056],[119.22112,44.83728],[119.21133,44.83401],[119.20153,44.83073],[119.19174,44.82745],[119.18195,44.82417],[119.17215,44.82089],[119.16236,44.8176],[119.15257,44.81432],[119.14278,44.81104],[119.133,44.80775],[119.12321,44.80447],[119.11343,44.80118],[119.10742,44.79663],[119.10518,44.79082],[119.10673,44.78375],[119.11204,44.77542],[119.11736,44.76708],[119.12267,44.75875],[119.12798,44.75042],[119.13329,44.74208],[119.13459,44.7331],[119.13189,44.72347],[119.12519,44.71319],[119.11449,44.70226],[119.1038,44.69132],[119.0931,44.68039],[119.08241,44.66945],[119.07173,44.65852],[119.06105,44.64758],[119.05037,44.63664],[119.0397,44.62571],[119.02903,44.61477],[119.01836,44.60383],[119.0077,44.59288],[118.99704,44.58194],[118.98639,44.571],[118.97545,44.56124],[118.96424,44.55268],[118.95273,44.5453],[118.94095,44.53911],[118.92917,44.53292],[118.91739,44.52672],[118.90561,44.52053],[118.89383,44.51433],[118.88206,44.50814],[118.87029,44.50194],[118.85852,44.49574],[118.84675,44.48954],[118.83499,44.48334],[118.82323,44.47713],[118.81147,44.47093],[118.79971,44.46473],[118.78802,44.46017],[118.77639,44.45725],[118.76482,44.45598],[118.75331,44.45635],[118.7418,44.45672],[118.73029,44.45709],[118.71878,44.45745],[118.70727,44.45782],[118.69576,44.45819],[118.68425,44.45855],[118.67274,44.45892],[118.66123,44.45928],[118.64972,44.45964],[118.63821,44.46],[118.6267,44.46036],[118.61518,44.46072],[118.60342,44.45855],[118.5914,44.45386],[118.57912,44.44665],[118.5666,44.43692],[118.55408,44.42719],[118.54156,44.41746],[118.52905,44.40772],[118.51654,44.39798],[118.50404,44.38824],[118.49154,44.37851],[118.47904,44.36876],[118.46655,44.35902],[118.45406,44.34928],[118.44158,44.33953],[118.4291,44.32979],[118.41662,44.32004],[118.40358,44.31262],[118.38998,44.30751],[118.3758,44.30473],[118.36106,44.30428],[118.34632,44.30382],[118.33158,44.30336],[118.31684,44.30289],[118.3021,44.30243],[118.28736,44.30196],[118.27262,44.30149],[118.25788,44.30102],[118.24314,44.30055],[118.22841,44.30007],[118.21367,44.2996],[118.19893,44.29912],[118.18419,44.29864],[118.17146,44.29518],[118.16075,44.28874],[118.15205,44.27933],[118.14537,44.26693],[118.13869,44.25454],[118.13201,44.24214],[118.12534,44.22975],[118.11867,44.21735],[118.112,44.20496],[118.10533,44.19256],[118.09867,44.18017],[118.092,44.16777],[118.08535,44.15537],[118.07869,44.14298],[118.07204,44.13058],[118.06539,44.11818],[118.05548,44.11055],[118.04232,44.10769],[118.02591,44.1096],[118.00623,44.11627],[117.98654,44.12294],[117.96686,44.12961],[117.94717,44.13627],[117.92747,44.14293],[117.911,44.14586],[117.89775,44.14504],[117.88774,44.1405],[117.88096,44.13222],[117.87418,44.12394],[117.8674,44.11566],[117.86062,44.10738],[117.85385,44.0991],[117.84708,44.09082],[117.84031,44.08254],[117.83354,44.07426],[117.82677,44.06597],[117.82,44.05769],[117.81324,44.04941],[117.80648,44.04113],[117.79972,44.03284],[117.78986,44.02708],[117.7769,44.02382],[117.76084,44.02309],[117.74167,44.02487],[117.72251,44.02664],[117.70334,44.02841],[117.68417,44.03018],[117.66501,44.03194],[117.64724,44.03087],[117.63087,44.02696],[117.61592,44.02022],[117.60237,44.01064],[117.58882,44.00105],[117.57528,43.99147],[117.56174,43.98189],[117.54821,43.9723],[117.53769,43.96157],[117.53018,43.94969],[117.52567,43.93667],[117.52418,43.9225],[117.52269,43.90833],[117.52119,43.89417],[117.5197,43.88],[117.51821,43.86583],[117.51672,43.85167],[117.51523,43.8375],[117.51374,43.82333],[117.51225,43.80917],[117.51095,43.79677],[117.50984,43.78615],[117.50891,43.77729],[117.50816,43.77021],[117.50742,43.76313],[117.50668,43.75604],[117.50593,43.74896],[117.50519,43.74188],[117.50426,43.73302],[117.50315,43.7224],[117.50185,43.71],[117.50037,43.69583],[117.49889,43.68167],[117.49741,43.6675],[117.49592,43.65333],[117.49444,43.63917],[117.49297,43.625],[117.49149,43.61083],[117.49001,43.59667],[117.48853,43.5825],[117.48724,43.5701],[117.48613,43.55948],[117.48521,43.55063],[117.48447,43.54354],[117.48373,43.53646],[117.483,43.52938],[117.48226,43.52229],[117.48152,43.51521],[117.47739,43.50544],[117.46987,43.493],[117.45897,43.47787],[117.44468,43.46006],[117.43219,43.44448],[117.42148,43.43112],[117.41257,43.41999],[117.40543,43.41108],[117.39831,43.40217],[117.39118,43.39326],[117.38405,43.38436],[117.37693,43.37545],[117.36779,43.3673],[117.35665,43.35991],[117.34348,43.35328],[117.32831,43.3474],[117.31314,43.34153],[117.29797,43.33565],[117.28281,43.32977],[117.26764,43.32389],[117.25249,43.31801],[117.23733,43.31212],[117.22218,43.30623],[117.20703,43.30034],[117.19188,43.29445],[117.17673,43.28856],[117.16159,43.28266],[117.14645,43.27677],[117.13531,43.26864],[117.12816,43.2583],[117.125,43.24573],[117.12584,43.23094],[117.12667,43.21615],[117.1275,43.20135],[117.12834,43.18656],[117.12917,43.17177],[117.12566,43.15903],[117.1178,43.14833],[117.10561,43.13969],[117.08908,43.13309],[117.07255,43.12648],[117.05603,43.11988],[117.03951,43.11327],[117.02299,43.10666],[117.00648,43.10005],[116.98997,43.09344],[116.97346,43.08682],[116.95696,43.0802],[116.94046,43.07358],[116.92396,43.06695],[116.90747,43.06033],[116.89098,43.0537],[116.87885,43.04648],[116.8711,43.03869],[116.8677,43.03031],[116.86867,43.02135],[116.86964,43.0124],[116.8706,43.00344],[116.87157,42.99448],[116.87254,42.98552],[116.8735,42.97656],[116.87447,42.96761],[116.87543,42.95865],[116.8764,42.94969],[116.87736,42.94073],[116.87833,42.93177],[116.87929,42.92282],[116.88026,42.91386],[116.88122,42.9049],[116.88218,42.89594],[116.88315,42.88698],[116.88411,42.87802],[116.88507,42.86907],[116.88604,42.86011],[116.887,42.85115],[116.88796,42.84219],[116.88916,42.83099],[116.8906,42.81755],[116.89228,42.80188],[116.8942,42.78396],[116.89947,42.76982],[116.90809,42.75946],[116.92006,42.75287],[116.93537,42.75007],[116.95069,42.74726],[116.966,42.74444],[116.98131,42.74163],[116.99662,42.73881],[117.00936,42.73495],[117.01954,42.73006],[117.02715,42.72412],[117.03219,42.71714],[117.03723,42.71017],[117.04227,42.70319],[117.04731,42.69621],[117.05235,42.68924],[117.05864,42.68052],[117.06619,42.67005],[117.075,42.65784],[117.08506,42.64388],[117.09386,42.63167],[117.1014,42.6212],[117.10768,42.61248],[117.11271,42.6055],[117.11773,42.59852],[117.12275,42.59154],[117.12777,42.58456],[117.13279,42.57758],[117.13906,42.56885],[117.14659,42.55838],[117.15536,42.54616],[117.16539,42.5322],[117.17677,42.52178],[117.18951,42.51491],[117.20362,42.51159],[117.21909,42.51181],[117.23455,42.51203],[117.25002,42.51224],[117.26549,42.51246],[117.28096,42.51267],[117.29643,42.51288],[117.3119,42.51309],[117.32737,42.51329],[117.34284,42.5135],[117.3583,42.5137],[117.37377,42.5139],[117.38924,42.5141],[117.40471,42.51429],[117.41626,42.51155],[117.42389,42.50586],[117.4276,42.49724],[117.42739,42.48568],[117.42719,42.47412],[117.42698,42.46255],[117.42677,42.45099],[117.42656,42.43943],[117.42635,42.42787],[117.42614,42.4163],[117.42594,42.40474],[117.42573,42.39318],[117.42552,42.38162],[117.42531,42.37005],[117.4251,42.35849],[117.42489,42.34693],[117.43016,42.33683],[117.44091,42.3282],[117.45713,42.32103],[117.47882,42.31533],[117.5005,42.30962],[117.52219,42.30391],[117.54386,42.29819],[117.56554,42.29247],[117.58721,42.28675],[117.60888,42.28102],[117.63054,42.27528],[117.6522,42.26955],[117.67385,42.26381],[117.6955,42.25806],[117.71715,42.25231],[117.73879,42.24656],[117.7552,42.2401],[117.76637,42.23295],[117.77231,42.2251],[117.77301,42.21656],[117.77372,42.20802],[117.77443,42.19948],[117.77513,42.19094],[117.77584,42.1824],[117.77654,42.17386],[117.77725,42.16532],[117.77795,42.15677],[117.77865,42.14823],[117.77936,42.13969],[117.78006,42.13115],[117.78077,42.12261],[117.78147,42.11407],[117.78217,42.10553],[117.78288,42.09698],[117.78358,42.08844],[117.78428,42.0799],[117.78498,42.07136],[117.78569,42.06282],[117.78639,42.05427],[117.78709,42.04573],[117.78779,42.03719],[117.78849,42.02865],[117.7892,42.02011],[117.7899,42.01157],[117.7906,42.00302],[117.7913,41.99448],[117.792,41.98594],[117.7927,41.9774],[117.79768,41.97227],[117.80693,41.97055],[117.82045,41.97225],[117.83826,41.97736],[117.85607,41.98247],[117.87388,41.98757],[117.8917,41.99268],[117.90952,41.99777],[117.9255,42.00044],[117.93965,42.00067],[117.95197,41.99847],[117.96245,41.99384],[117.97292,41.98921],[117.9834,41.98458],[117.99387,41.97995],[118.00434,41.97532],[118.01481,41.97068],[118.02528,41.96605],[118.03575,41.96141],[118.04622,41.95677],[118.05668,41.95213],[118.06714,41.9475],[118.0776,41.94286],[118.08806,41.93821],[118.0963,41.93137],[118.10231,41.92233],[118.1061,41.91109],[118.10767,41.89766],[118.10923,41.88422],[118.1108,41.87078],[118.11236,41.85735],[118.11393,41.84391],[118.11549,41.83047],[118.11705,41.81703],[118.11861,41.8036],[118.12018,41.79016],[118.12174,41.77672],[118.1233,41.76328],[118.12485,41.74985],[118.12641,41.73641],[118.13048,41.72388],[118.13705,41.71227],[118.14613,41.70158],[118.15772,41.69179],[118.1693,41.68201],[118.18087,41.67222],[118.19245,41.66243],[118.20402,41.65264],[118.21558,41.64285],[118.22715,41.63306],[118.2387,41.62327],[118.25026,41.61347],[118.26181,41.60368],[118.27336,41.59388],[118.2849,41.58408],[118.29645,41.57428],[118.30359,41.56397],[118.30633,41.55313],[118.30468,41.54177],[118.29863,41.5299],[118.29259,41.51802],[118.28654,41.50615],[118.28051,41.49427],[118.27447,41.4824],[118.27135,41.47138],[118.27116,41.46121],[118.27389,41.4519],[118.27953,41.44344],[118.28518,41.43498],[118.29082,41.42652],[118.29646,41.41806],[118.3021,41.4096],[118.30774,41.40114],[118.31338,41.39268],[118.31901,41.38421],[118.32465,41.37575],[118.33028,41.36729],[118.33591,41.35883],[118.34154,41.35037],[118.34717,41.3419],[118.3528,41.33344],[118.35842,41.32498],[118.36404,41.31651],[118.36967,41.30805],[118.37529,41.29958],[118.38091,41.29112],[118.38652,41.28265],[118.39214,41.27419],[118.39775,41.26572],[118.40337,41.25726],[118.40898,41.24879],[118.41459,41.24032],[118.4202,41.23186],[118.4258,41.22339],[118.43141,41.21492],[118.43701,41.20645],[118.4437,41.19999],[118.45148,41.19553],[118.46034,41.19307],[118.47029,41.19261],[118.48024,41.19215],[118.49019,41.1917],[118.50014,41.19124],[118.51009,41.19078],[118.52253,41.1902],[118.53745,41.18951],[118.55486,41.1887],[118.57476,41.18777],[118.59217,41.18695],[118.60709,41.18625],[118.61952,41.18566],[118.62947,41.18519],[118.63942,41.18472],[118.64937,41.18425],[118.65931,41.18377],[118.66926,41.1833],[118.68169,41.1827],[118.69661,41.18199],[118.71402,41.18115],[118.73391,41.18019],[118.75106,41.17803],[118.76547,41.17466],[118.77713,41.17009],[118.78604,41.16431],[118.79496,41.15853],[118.80387,41.15275],[118.81278,41.14697],[118.82169,41.14119],[118.83051,41.13547],[118.83924,41.1298],[118.84789,41.12419],[118.85645,41.11863],[118.86518,41.11296],[118.87408,41.10718],[118.88315,41.10128],[118.89239,41.09527],[118.89943,41.09306],[118.90426,41.09467],[118.90689,41.10008],[118.90732,41.10929],[118.90774,41.11837],[118.90816,41.1273],[118.90857,41.13609],[118.90897,41.14474],[118.90937,41.15346],[118.90978,41.16225],[118.9102,41.17111],[118.91061,41.18005],[118.91103,41.18898],[118.91144,41.19791],[118.91186,41.20684],[118.91228,41.21578],[118.91269,41.22471],[118.91311,41.23364],[118.91353,41.24257],[118.91394,41.2515],[118.91436,41.26044],[118.91478,41.26937],[118.9152,41.2783],[118.91561,41.28723],[118.91603,41.29616],[118.91645,41.3051],[118.91687,41.31403],[118.91728,41.32296],[118.9177,41.33189],[118.91812,41.34082],[118.91854,41.34975],[118.91896,41.35869],[118.92131,41.36656],[118.9256,41.37337],[118.93184,41.37912],[118.94001,41.38381],[118.94818,41.3885],[118.95635,41.39319],[118.96452,41.39788],[118.9727,41.40257],[118.98292,41.40843],[118.99518,41.41546],[119.0095,41.42366],[119.02586,41.43303],[119.04211,41.43932],[119.05825,41.44253],[119.07426,41.44265],[119.09016,41.4397],[119.10605,41.43674],[119.12194,41.43378],[119.13783,41.43082],[119.15372,41.42786],[119.1696,41.42489],[119.18549,41.42192],[119.20137,41.41895],[119.21726,41.41598],[119.23314,41.413],[119.24902,41.41002],[119.26489,41.40704],[119.28077,41.40406],[119.29541,41.40254],[119.30881,41.40248],[119.32098,41.40389],[119.33191,41.40676],[119.34284,41.40963],[119.35378,41.4125],[119.36471,41.41537],[119.37565,41.41824],[119.38658,41.4211],[119.39752,41.42397],[119.40846,41.42683],[119.4194,41.42969],[119.43034,41.43255],[119.44128,41.43541],[119.45222,41.43827],[119.46317,41.44113],[119.47319,41.44537],[119.48231,41.45097],[119.49051,41.45796],[119.49779,41.46632],[119.50508,41.47468],[119.51237,41.48304],[119.51966,41.4914],[119.52696,41.49976],[119.53425,41.50812],[119.54155,41.51648],[119.54885,41.52484],[119.55615,41.5332],[119.56345,41.54156],[119.57076,41.54991],[119.57806,41.55827],[119.58537,41.56662],[119.59268,41.57498],[119.59999,41.58333],[119.60731,41.59169],[119.61463,41.60004],[119.62194,41.60839],[119.62926,41.61675],[119.63659,41.6251],[119.64391,41.63345],[119.65124,41.6418],[119.65857,41.65015],[119.6659,41.6585],[119.67323,41.66685],[119.68056,41.6752],[119.6879,41.68355],[119.69524,41.6919],[119.70258,41.70024],[119.70992,41.70859],[119.71726,41.71694],[119.72461,41.72528],[119.73195,41.73363],[119.7393,41.74197],[119.74665,41.75032],[119.75401,41.75866],[119.76136,41.767],[119.76872,41.77535],[119.77608,41.78369],[119.78344,41.79203],[119.7908,41.80037],[119.79817,41.80871],[119.80554,41.81705],[119.8129,41.82539],[119.82028,41.83373],[119.82765,41.84207],[119.83502,41.85041],[119.8424,41.85875],[119.84978,41.86708],[119.85716,41.87542],[119.86454,41.88376],[119.87193,41.89209],[119.87931,41.90043],[119.8867,41.90876],[119.89409,41.9171],[119.90148,41.92543]]]]}},{"type":"Feature","properties":{"basin_id":"basins_qhh"},"geometry":{"type":"MultiPolygon","coordinates":[[[[98.04034,37.58916],[98.04304,37.57699],[98.04713,37.56755],[98.05263,37.56084],[98.05952,37.55686],[98.06781,37.5556],[98.0761,37.55435],[98.08439,37.55309],[98.09268,37.55183],[98.10097,37.55057],[98.10926,37.54931],[98.11755,37.54805],[98.12584,37.54679],[98.13413,37.54553],[98.14242,37.54427],[98.15071,37.54301],[98.159,37.54174],[98.16728,37.54048],[98.17393,37.53738],[98.17893,37.53246],[98.18229,37.5257],[98.18401,37.51712],[98.1873,37.51024],[98.19218,37.50505],[98.19863,37.50158],[98.20667,37.4998],[98.2147,37.49802],[98.22274,37.49624],[98.23077,37.49447],[98.23881,37.49269],[98.24885,37.49046],[98.2609,37.48779],[98.27495,37.48467],[98.29102,37.48111],[98.30699,37.47568],[98.32289,37.46839],[98.33869,37.45923],[98.3544,37.44821],[98.36684,37.43835],[98.37599,37.42966],[98.38187,37.42214],[98.38448,37.41578],[98.38875,37.41007],[98.39468,37.405],[98.40228,37.40058],[98.41154,37.3968],[98.42081,37.39302],[98.43007,37.38924],[98.43932,37.38546],[98.44858,37.38168],[98.45784,37.3779],[98.4671,37.37412],[98.47635,37.37033],[98.4856,37.36655],[98.49486,37.36277],[98.50411,37.35898],[98.51336,37.3552],[98.52261,37.35141],[98.53107,37.34655],[98.53875,37.34062],[98.54563,37.33362],[98.55172,37.32555],[98.55781,37.31748],[98.5639,37.30941],[98.56999,37.30134],[98.57608,37.29327],[98.5832,37.28726],[98.59137,37.28329],[98.60057,37.28139],[98.6108,37.28153],[98.6207,37.2803],[98.63026,37.27767],[98.63948,37.27366],[98.64836,37.26826],[98.65724,37.26286],[98.66611,37.25746],[98.67498,37.25206],[98.68386,37.24666],[98.69311,37.24227],[98.70276,37.23889],[98.71278,37.23652],[98.7232,37.23517],[98.73361,37.23381],[98.74402,37.23245],[98.75443,37.23109],[98.76484,37.22973],[98.77499,37.22641],[98.78488,37.22114],[98.7945,37.21391],[98.80386,37.20472],[98.81312,37.19716],[98.82227,37.19121],[98.83131,37.18689],[98.84026,37.18419],[98.8492,37.18148],[98.85814,37.17878],[98.86708,37.17607],[98.87602,37.17337],[98.88567,37.16867],[98.89603,37.162],[98.90709,37.15334],[98.91885,37.14269],[98.93126,37.13448],[98.94432,37.1287],[98.95803,37.12536],[98.97238,37.12444],[98.98304,37.12201],[98.99,37.11805],[98.99325,37.11258],[98.99281,37.10559],[98.99522,37.09865],[99.00048,37.09179],[99.0086,37.08498],[99.01956,37.07823],[99.02925,37.07355],[99.03766,37.07094],[99.04479,37.0704],[99.05064,37.07193],[99.05611,37.07116],[99.0612,37.06811],[99.06591,37.06277],[99.07024,37.05514],[99.07456,37.04752],[99.07888,37.03989],[99.08321,37.03226],[99.08753,37.02463],[99.09298,37.01813],[99.09955,37.01274],[99.10726,37.00849],[99.11608,37.00535],[99.12491,37.00222],[99.13374,36.99908],[99.14257,36.99595],[99.1514,36.99281],[99.15748,36.98816],[99.16081,36.98201],[99.1614,36.97434],[99.15924,36.96517],[99.16094,36.95886],[99.16651,36.95542],[99.17593,36.95485],[99.18921,36.95715],[99.20158,36.95784],[99.21304,36.95693],[99.22359,36.95442],[99.23323,36.9503],[99.24287,36.94618],[99.2525,36.94205],[99.26214,36.93793],[99.27177,36.93381],[99.28138,36.93353],[99.29095,36.93709],[99.3005,36.9445],[99.31002,36.95575],[99.31928,36.96294],[99.32829,36.96607],[99.33703,36.96512],[99.34552,36.96012],[99.354,36.95511],[99.36249,36.95011],[99.37097,36.9451],[99.37945,36.94009],[99.38955,36.93524],[99.40127,36.93055],[99.41461,36.92601],[99.42957,36.92163],[99.44266,36.91779],[99.45387,36.91451],[99.46322,36.91176],[99.4707,36.90957],[99.47817,36.90738],[99.48565,36.90518],[99.49313,36.90299],[99.5006,36.90079],[99.50772,36.89805],[99.51449,36.89475],[99.52091,36.89091],[99.52698,36.88652],[99.53304,36.88213],[99.53911,36.87773],[99.54517,36.87334],[99.55124,36.86895],[99.55536,36.86346],[99.55754,36.85688],[99.55778,36.84921],[99.55608,36.84045],[99.55687,36.83251],[99.56016,36.82541],[99.56595,36.81913],[99.57423,36.81368],[99.57915,36.80899],[99.58071,36.80506],[99.5789,36.80189],[99.57374,36.79948],[99.57008,36.79556],[99.56791,36.79013],[99.56725,36.78318],[99.56809,36.77472],[99.57142,36.76777],[99.57723,36.76232],[99.58553,36.75838],[99.59632,36.75595],[99.60634,36.75087],[99.61559,36.74314],[99.62407,36.73276],[99.63178,36.71973],[99.63852,36.70833],[99.6443,36.69856],[99.64912,36.69042],[99.65297,36.68391],[99.65682,36.67739],[99.66067,36.67088],[99.66452,36.66436],[99.66836,36.65785],[99.67495,36.65104],[99.68426,36.64393],[99.69631,36.63652],[99.71109,36.62881],[99.72402,36.62206],[99.7351,36.61628],[99.74433,36.61146],[99.75172,36.6076],[99.7591,36.60374],[99.76649,36.59988],[99.77387,36.59602],[99.78125,36.59216],[99.7877,36.58781],[99.79322,36.58297],[99.7978,36.57764],[99.80145,36.57182],[99.80547,36.5654],[99.80988,36.55837],[99.81466,36.55074],[99.81982,36.5425],[99.82534,36.53708],[99.83119,36.53448],[99.8374,36.53469],[99.84396,36.53773],[99.85193,36.53917],[99.8613,36.53902],[99.87208,36.53728],[99.88426,36.53394],[99.89406,36.52977],[99.90148,36.52477],[99.90652,36.51893],[99.90918,36.51225],[99.91387,36.50708],[99.92058,36.50341],[99.92933,36.50124],[99.94011,36.50056],[99.95089,36.49989],[99.96166,36.49922],[99.97244,36.49854],[99.98322,36.49787],[99.99449,36.49603],[100.00627,36.49304],[100.01855,36.48889],[100.03134,36.48359],[100.04236,36.48048],[100.05162,36.47957],[100.05913,36.48085],[100.06489,36.48433],[100.07383,36.48634],[100.08596,36.48688],[100.10128,36.48593],[100.11978,36.48351],[100.13573,36.48215],[100.14912,36.48184],[100.15996,36.48259],[100.16825,36.4844],[100.17654,36.48622],[100.18482,36.48803],[100.19311,36.48984],[100.2014,36.49165],[100.2097,36.49212],[100.21802,36.49126],[100.22634,36.48906],[100.23468,36.48553],[100.24302,36.482],[100.25136,36.47847],[100.2597,36.47494],[100.26803,36.47141],[100.27672,36.46999],[100.28577,36.47069],[100.29517,36.4735],[100.30493,36.47843],[100.31469,36.48336],[100.32445,36.48829],[100.33421,36.49321],[100.34397,36.49814],[100.35293,36.50154],[100.36107,36.50343],[100.3684,36.50379],[100.37492,36.50263],[100.37957,36.50373],[100.38234,36.50707],[100.38323,36.51266],[100.38224,36.5205],[100.38424,36.52816],[100.38923,36.53564],[100.39721,36.54293],[100.40818,36.55005],[100.4194,36.55403],[100.43087,36.55488],[100.44259,36.55261],[100.45455,36.54721],[100.46652,36.5418],[100.47848,36.53639],[100.49044,36.53099],[100.5024,36.52558],[100.51436,36.52017],[100.52632,36.51476],[100.53827,36.50935],[100.55022,36.50393],[100.56217,36.49852],[100.57412,36.4931],[100.58607,36.48769],[100.59802,36.48227],[100.61157,36.47765],[100.62673,36.47383],[100.64349,36.47081],[100.66187,36.46859],[100.67794,36.46664],[100.69172,36.46497],[100.7032,36.46358],[100.71239,36.46246],[100.72157,36.46135],[100.73076,36.46023],[100.73994,36.45911],[100.74912,36.458],[100.75788,36.45508],[100.76621,36.45038],[100.77411,36.44388],[100.78158,36.43559],[100.78942,36.4299],[100.79762,36.42683],[100.80619,36.42636],[100.81512,36.42851],[100.82393,36.42883],[100.83261,36.42733],[100.84116,36.42401],[100.84958,36.41886],[100.858,36.41372],[100.86642,36.40857],[100.87483,36.40342],[100.88325,36.39827],[100.89083,36.39253],[100.89756,36.38619],[100.90346,36.37925],[100.90852,36.37172],[100.91358,36.36418],[100.91864,36.35665],[100.92369,36.34912],[100.92875,36.34158],[100.93465,36.3356],[100.94139,36.33117],[100.94898,36.32829],[100.95741,36.32696],[100.965,36.32409],[100.97176,36.31969],[100.97767,36.31376],[100.98275,36.30629],[100.98861,36.30193],[100.99524,36.30067],[101.00265,36.30252],[101.01084,36.30749],[101.01939,36.31092],[101.0283,36.31283],[101.03756,36.3132],[101.04717,36.31206],[101.05679,36.31091],[101.0664,36.30976],[101.07601,36.30861],[101.08563,36.30746],[101.0949,36.30818],[101.10382,36.31077],[101.1124,36.31524],[101.12063,36.32158],[101.12886,36.32791],[101.1371,36.33425],[101.14534,36.34059],[101.15357,36.34693],[101.16111,36.35131],[101.16794,36.35374],[101.17407,36.35422],[101.17949,36.35275],[101.18333,36.35292],[101.18558,36.35474],[101.18626,36.35819],[101.18534,36.36329],[101.18167,36.36793],[101.17524,36.37214],[101.16606,36.3759],[101.15411,36.37921],[101.14432,36.38328],[101.13667,36.38813],[101.13117,36.39373],[101.12782,36.40011],[101.12447,36.40648],[101.12112,36.41286],[101.11777,36.41923],[101.11442,36.4256],[101.10996,36.43111],[101.10439,36.43574],[101.09772,36.43949],[101.08994,36.44238],[101.08335,36.44728],[101.07794,36.45419],[101.07371,36.46312],[101.07066,36.47406],[101.06656,36.48337],[101.06141,36.49107],[101.0552,36.49714],[101.04794,36.50159],[101.04068,36.50604],[101.03342,36.51049],[101.02616,36.51494],[101.0189,36.51939],[101.01285,36.52582],[101.00801,36.53424],[101.00439,36.54464],[101.00198,36.55702],[100.99957,36.5694],[100.99716,36.58178],[100.99475,36.59417],[100.99233,36.60655],[100.98813,36.61784],[100.98214,36.62805],[100.97435,36.63716],[100.96477,36.64519],[100.95777,36.65336],[100.95334,36.66167],[100.95148,36.67012],[100.9522,36.67871],[100.95021,36.68755],[100.94552,36.69665],[100.93811,36.70599],[100.92799,36.71558],[100.92085,36.72483],[100.91669,36.73374],[100.9155,36.7423],[100.9173,36.75053],[100.91756,36.75868],[100.91627,36.76676],[100.91345,36.77477],[100.90908,36.78271],[100.90472,36.79065],[100.90035,36.79859],[100.89598,36.80653],[100.89161,36.81446],[100.88835,36.82279],[100.8862,36.83151],[100.88517,36.84062],[100.88524,36.85011],[100.88335,36.85787],[100.87948,36.86389],[100.87365,36.86817],[100.86584,36.87071],[100.85803,36.87324],[100.85023,36.87578],[100.84242,36.87831],[100.83461,36.88085],[100.82624,36.88559],[100.8173,36.89253],[100.80781,36.90167],[100.79774,36.91301],[100.78937,36.92307],[100.78271,36.93184],[100.77774,36.93932],[100.77448,36.94552],[100.77122,36.95171],[100.76796,36.95791],[100.76469,36.96411],[100.76143,36.97031],[100.75735,36.97806],[100.75245,36.98735],[100.74673,36.9982],[100.7402,37.01059],[100.73366,37.02299],[100.72712,37.03538],[100.72058,37.04777],[100.71404,37.06017],[100.70831,37.07101],[100.7034,37.0803],[100.69931,37.08805],[100.69604,37.09425],[100.69276,37.10044],[100.68949,37.10664],[100.68621,37.11283],[100.68294,37.11903],[100.68296,37.12482],[100.68629,37.13022],[100.69291,37.13521],[100.70284,37.1398],[100.71278,37.14439],[100.72271,37.14898],[100.73264,37.15356],[100.74258,37.15815],[100.75065,37.16314],[100.75686,37.16852],[100.76122,37.17431],[100.76371,37.1805],[100.76619,37.18669],[100.76869,37.19288],[100.77118,37.19907],[100.77367,37.20526],[100.7743,37.21143],[100.77308,37.21758],[100.76999,37.2237],[100.76505,37.22981],[100.76409,37.2368],[100.7671,37.24466],[100.77409,37.25341],[100.78506,37.26302],[100.79466,37.27144],[100.80289,37.27865],[100.80975,37.28466],[100.81524,37.28947],[100.82073,37.29428],[100.82622,37.29909],[100.83171,37.30389],[100.8372,37.3087],[100.84393,37.31214],[100.85189,37.3142],[100.86108,37.31489],[100.87151,37.3142],[100.88005,37.31456],[100.88671,37.31597],[100.89147,37.31843],[100.89434,37.32194],[100.89458,37.3262],[100.89217,37.3312],[100.88712,37.33696],[100.87943,37.34347],[100.87389,37.35048],[100.87051,37.35799],[100.86929,37.36602],[100.87023,37.37455],[100.87105,37.38201],[100.87175,37.38841],[100.87234,37.39374],[100.8728,37.398],[100.87327,37.40226],[100.87374,37.40653],[100.87421,37.41079],[100.87468,37.41506],[100.87388,37.41845],[100.87182,37.42097],[100.86849,37.42262],[100.8639,37.42339],[100.85988,37.4223],[100.85644,37.41933],[100.85359,37.41449],[100.85131,37.40777],[100.84653,37.40167],[100.83927,37.39618],[100.8295,37.39131],[100.81724,37.38705],[100.80557,37.38408],[100.79448,37.38239],[100.78398,37.382],[100.77406,37.38289],[100.76414,37.38379],[100.75423,37.38468],[100.74431,37.38557],[100.73439,37.38646],[100.72608,37.38913],[100.71939,37.39356],[100.71431,37.39978],[100.71084,37.40776],[100.70547,37.41438],[100.6982,37.41963],[100.68903,37.42351],[100.67796,37.42602],[100.6686,37.42988],[100.66094,37.4351],[100.65499,37.44166],[100.65075,37.44958],[100.64651,37.4575],[100.64226,37.46541],[100.63802,37.47333],[100.63377,37.48125],[100.62876,37.48803],[100.62298,37.49368],[100.61643,37.49819],[100.60912,37.50158],[100.60234,37.5033],[100.59609,37.50338],[100.59037,37.5018],[100.58519,37.49856],[100.58003,37.49655],[100.5749,37.49576],[100.56981,37.49619],[100.56473,37.49784],[100.55983,37.50058],[100.55508,37.50442],[100.5505,37.50934],[100.54608,37.51536],[100.54166,37.52138],[100.53724,37.52739],[100.53282,37.53341],[100.5284,37.53943],[100.52612,37.5453],[100.52599,37.55102],[100.528,37.55659],[100.53216,37.56201],[100.53631,37.56743],[100.54047,37.57285],[100.54463,37.57828],[100.54878,37.5837],[100.55028,37.58864],[100.5491,37.5931],[100.54526,37.59708],[100.53876,37.60057],[100.53225,37.60407],[100.52574,37.60757],[100.51924,37.61107],[100.51273,37.61456],[100.50459,37.61893],[100.49483,37.62418],[100.48343,37.63029],[100.47041,37.63728],[100.46081,37.64395],[100.45464,37.65031],[100.45189,37.65636],[100.45257,37.66209],[100.45193,37.6675],[100.44995,37.6726],[100.44664,37.67739],[100.44201,37.68187],[100.43737,37.68634],[100.43273,37.69081],[100.42809,37.69529],[100.42346,37.69976],[100.41766,37.70535],[100.4107,37.71206],[100.40257,37.71989],[100.39329,37.72883],[100.38311,37.73482],[100.37202,37.73784],[100.36004,37.7379],[100.34717,37.735],[100.33427,37.73379],[100.32135,37.73427],[100.30841,37.73644],[100.29545,37.7403],[100.28248,37.74416],[100.26951,37.74802],[100.25655,37.75188],[100.24358,37.75574],[100.23187,37.75781],[100.22142,37.75811],[100.21224,37.75662],[100.20433,37.75335],[100.19719,37.75213],[100.19083,37.75294],[100.18525,37.7558],[100.18045,37.7607],[100.17344,37.76437],[100.16421,37.7668],[100.15278,37.76799],[100.13913,37.76795],[100.12515,37.76916],[100.11085,37.77161],[100.09621,37.77531],[100.08124,37.78026],[100.06733,37.78486],[100.05448,37.78911],[100.04268,37.79301],[100.03195,37.79655],[100.02315,37.79875],[100.01628,37.7996],[100.01136,37.79911],[100.00837,37.79727],[100.00333,37.79711],[99.99624,37.79864],[99.98709,37.80185],[99.97588,37.80674],[99.96492,37.81152],[99.95422,37.81618],[99.94377,37.82074],[99.93358,37.82518],[99.92582,37.827],[99.92049,37.8262],[99.91761,37.82278],[99.91717,37.81673],[99.91378,37.81269],[99.90746,37.81066],[99.8982,37.81062],[99.88601,37.81259],[99.87566,37.81287],[99.86715,37.81146],[99.8605,37.80836],[99.85569,37.80357],[99.85088,37.79878],[99.84608,37.794],[99.84127,37.78921],[99.83646,37.78442],[99.83029,37.7814],[99.82276,37.78013],[99.81385,37.78062],[99.80358,37.78288],[99.79583,37.78589],[99.79058,37.78966],[99.78784,37.79419],[99.78762,37.79948],[99.78559,37.80465],[99.78175,37.80971],[99.77609,37.81465],[99.76863,37.81948],[99.76071,37.82218],[99.75233,37.82273],[99.74349,37.82116],[99.73419,37.81745],[99.72504,37.8171],[99.71603,37.82011],[99.70716,37.8265],[99.69843,37.83624],[99.68859,37.84297],[99.67765,37.84666],[99.66561,37.84733],[99.65246,37.84497],[99.64196,37.84215],[99.63411,37.83886],[99.62892,37.83512],[99.62637,37.83091],[99.62107,37.82881],[99.613,37.82883],[99.60217,37.83097],[99.58858,37.83522],[99.57499,37.83947],[99.56139,37.84372],[99.54779,37.84797],[99.53419,37.85221],[99.52211,37.85407],[99.51153,37.85355],[99.50247,37.85064],[99.49493,37.84534],[99.48824,37.84321],[99.48243,37.84425],[99.47747,37.84846],[99.47338,37.85583],[99.46928,37.8632],[99.46518,37.87058],[99.46109,37.87795],[99.45699,37.88532],[99.45152,37.89167],[99.44466,37.89699],[99.43644,37.90128],[99.42684,37.90454],[99.41723,37.90781],[99.40763,37.91107],[99.39802,37.91434],[99.38841,37.9176],[99.37905,37.92018],[99.36994,37.9221],[99.36106,37.92333],[99.35244,37.9239],[99.34381,37.92446],[99.33518,37.92502],[99.32655,37.92558],[99.31793,37.92614],[99.31117,37.92757],[99.3063,37.92989],[99.3033,37.93308],[99.30218,37.93716],[99.29887,37.94083],[99.29338,37.9441],[99.28569,37.94696],[99.27582,37.94943],[99.26595,37.95189],[99.25607,37.95436],[99.2462,37.95682],[99.23632,37.95928],[99.22703,37.96077],[99.21832,37.96128],[99.2102,37.96082],[99.20266,37.95938],[99.19676,37.96005],[99.19249,37.96283],[99.18985,37.96773],[99.18885,37.97474],[99.18505,37.98093],[99.17846,37.98631],[99.16908,37.99088],[99.1569,37.99464],[99.1479,37.99926],[99.14208,38.00473],[99.13944,38.01106],[99.13998,38.01825],[99.14048,38.02479],[99.14092,38.03069],[99.14132,38.03594],[99.14166,38.04055],[99.14035,38.04343],[99.13738,38.04459],[99.13275,38.04402],[99.12646,38.04173],[99.12141,38.04111],[99.11759,38.04216],[99.11501,38.04487],[99.11366,38.04926],[99.11232,38.05364],[99.11097,38.05803],[99.10963,38.06241],[99.10828,38.0668],[99.10628,38.07004],[99.10362,38.07213],[99.10031,38.07307],[99.09634,38.07287],[99.09302,38.07148],[99.09034,38.0689],[99.08832,38.06513],[99.08694,38.06018],[99.08469,38.05677],[99.08159,38.05492],[99.07763,38.05462],[99.0728,38.05587],[99.06829,38.05888],[99.06408,38.06366],[99.06019,38.0702],[99.05661,38.07851],[99.05303,38.08682],[99.04945,38.09512],[99.04586,38.10343],[99.04228,38.11173],[99.03538,38.11849],[99.02517,38.1237],[99.01165,38.12737],[98.99481,38.12948],[98.9818,38.13319],[98.97262,38.13849],[98.96727,38.14539],[98.96576,38.15389],[98.96303,38.16088],[98.95909,38.16637],[98.95395,38.17035],[98.9476,38.17283],[98.94124,38.17531],[98.93489,38.17778],[98.92854,38.18026],[98.92218,38.18274],[98.91648,38.18613],[98.91144,38.19045],[98.90705,38.19569],[98.90331,38.20185],[98.89957,38.20801],[98.89583,38.21417],[98.89209,38.22033],[98.88835,38.22649],[98.88207,38.23206],[98.87323,38.23702],[98.86185,38.24138],[98.84792,38.24515],[98.83399,38.24891],[98.82005,38.25267],[98.80612,38.25643],[98.79218,38.26019],[98.77846,38.26008],[98.76497,38.2561],[98.75171,38.24825],[98.73867,38.23653],[98.72684,38.22742],[98.7162,38.22091],[98.70676,38.21701],[98.69852,38.21571],[98.69066,38.21589],[98.68318,38.21756],[98.67608,38.22071],[98.66937,38.22534],[98.6607,38.22911],[98.65006,38.23202],[98.63747,38.23407],[98.62292,38.23526],[98.60837,38.23645],[98.59382,38.23764],[98.57927,38.23882],[98.56471,38.24001],[98.55158,38.24247],[98.53988,38.24621],[98.52959,38.25123],[98.52073,38.25753],[98.51073,38.26248],[98.4996,38.26609],[98.48733,38.26835],[98.47393,38.26927],[98.46193,38.27122],[98.45131,38.27419],[98.44209,38.2782],[98.43425,38.28325],[98.42662,38.2851],[98.4192,38.28376],[98.41197,38.27924],[98.40496,38.27152],[98.3972,38.26579],[98.38869,38.26203],[98.37943,38.26026],[98.36942,38.26046],[98.35903,38.2617],[98.34825,38.26397],[98.3371,38.26727],[98.32556,38.27161],[98.31427,38.27586],[98.30321,38.28001],[98.2924,38.28407],[98.28183,38.28804],[98.27258,38.29151],[98.26465,38.29449],[98.25804,38.29696],[98.25276,38.29895],[98.24747,38.30093],[98.24218,38.30291],[98.23689,38.30489],[98.2316,38.30688],[98.22715,38.30754],[98.22354,38.30689],[98.22076,38.30493],[98.21882,38.30165],[98.21604,38.2998],[98.21242,38.29938],[98.20797,38.3004],[98.20268,38.30285],[98.1964,38.30345],[98.18911,38.3022],[98.18083,38.29911],[98.17156,38.29416],[98.16362,38.29186],[98.157,38.29219],[98.15171,38.29516],[98.14775,38.30076],[98.14235,38.30556],[98.13551,38.30956],[98.12723,38.31277],[98.11751,38.31516],[98.10953,38.31617],[98.10327,38.31577],[98.09875,38.31398],[98.09596,38.31079],[98.0949,38.30661],[98.09557,38.30143],[98.09798,38.29526],[98.10211,38.2881],[98.10624,38.28094],[98.11038,38.27377],[98.11451,38.26661],[98.11864,38.25944],[98.12005,38.25209],[98.11875,38.24456],[98.11472,38.23683],[98.10799,38.22892],[98.10125,38.22101],[98.09451,38.2131],[98.08778,38.20519],[98.08105,38.19728],[98.07613,38.1894],[98.07303,38.18155],[98.07175,38.17374],[98.07228,38.16596],[98.07281,38.15819],[98.07334,38.15041],[98.07387,38.14263],[98.07441,38.13486],[98.07397,38.12798],[98.07255,38.122],[98.07017,38.11692],[98.06682,38.11274],[98.06544,38.10837],[98.06604,38.10381],[98.06861,38.09905],[98.07316,38.0941],[98.07655,38.08849],[98.0788,38.08224],[98.0799,38.07534],[98.07985,38.06778],[98.07981,38.06023],[98.07976,38.05267],[98.07971,38.04512],[98.07967,38.03756],[98.07594,38.03136],[98.06852,38.02652],[98.05743,38.02303],[98.04265,38.02089],[98.02943,38.01995],[98.01778,38.0202],[98.0077,38.02164],[97.99918,38.02428],[97.99065,38.02692],[97.98213,38.02956],[97.9736,38.0322],[97.96508,38.03484],[97.95678,38.03582],[97.94871,38.03515],[97.94088,38.03283],[97.93327,38.02886],[97.92646,38.02628],[97.92046,38.0251],[97.91525,38.02531],[97.91085,38.02693],[97.90441,38.02606],[97.89592,38.02271],[97.88539,38.01689],[97.87282,38.00858],[97.86382,38.00023],[97.85839,37.99185],[97.85652,37.98343],[97.85821,37.97497],[97.85833,37.96835],[97.85689,37.96358],[97.85388,37.96064],[97.84931,37.95955],[97.84449,37.95839],[97.83941,37.95718],[97.83408,37.9559],[97.82851,37.95457],[97.82518,37.95286],[97.8241,37.95077],[97.82527,37.94832],[97.82869,37.94549],[97.83032,37.94038],[97.83018,37.933],[97.82825,37.92334],[97.82455,37.91141],[97.82316,37.90123],[97.8241,37.8928],[97.82736,37.88613],[97.83293,37.88121],[97.83851,37.87629],[97.84408,37.87137],[97.84966,37.86645],[97.85523,37.86152],[97.85967,37.85607],[97.86299,37.85009],[97.86517,37.84358],[97.86622,37.83653],[97.86718,37.8301],[97.86804,37.82429],[97.86882,37.81909],[97.8695,37.81451],[97.87144,37.8111],[97.87463,37.80885],[97.87908,37.80778],[97.88478,37.80788],[97.89003,37.80617],[97.89484,37.80267],[97.8992,37.79737],[97.90311,37.79026],[97.90826,37.78548],[97.91466,37.78301],[97.92229,37.78287],[97.93116,37.78505],[97.93703,37.78346],[97.93989,37.77811],[97.93974,37.76899],[97.93659,37.7561],[97.93815,37.74515],[97.94442,37.73613],[97.9554,37.72903],[97.9711,37.72387],[97.98424,37.71825],[97.99484,37.71216],[98.00288,37.7056],[98.00837,37.69859],[98.01325,37.69235],[98.01753,37.68688],[98.0212,37.68219],[98.02427,37.67827],[98.02807,37.67648],[98.03259,37.6768],[98.03786,37.67925],[98.04385,37.68382],[98.04974,37.68645],[98.05553,37.68714],[98.06122,37.68588],[98.0668,37.68268],[98.06938,37.67849],[98.06894,37.67332],[98.0655,37.66716],[98.05905,37.66002],[98.05336,37.65372],[98.04845,37.64828],[98.0443,37.64368],[98.04091,37.63993],[98.03961,37.6362],[98.04039,37.63248],[98.04326,37.62878],[98.0482,37.62509],[98.0507,37.62157],[98.05076,37.61821],[98.04837,37.615],[98.04354,37.61196],[98.04059,37.60664],[98.03952,37.59904],[98.04034,37.58916]]]]}},{"type":"Feature","properties":{"basin_id":"basins_qinyijiang"},"geometry":{"type":"MultiPolygon","coordinates":[[[[117.82104,29.96565],[117.82645,29.96748],[117.83187,29.9693],[117.83729,29.97113],[117.8427,29.97295],[117.84812,29.97477],[117.85354,29.9766],[117.85895,29.97842],[117.86437,29.98024],[117.86979,29.98206],[117.8752,29.98389],[117.88062,29.98571],[117.88604,29.98753],[117.89146,29.98935],[117.89621,29.99156],[117.9003,29.99417],[117.90372,29.99716],[117.90648,30.00055],[117.90924,30.00393],[117.912,30.00732],[117.91476,30.0107],[117.91752,30.01409],[117.92028,30.01748],[117.92304,30.02086],[117.9258,30.02425],[117.92856,30.02763],[117.93132,30.03102],[117.93408,30.0344],[117.93685,30.03779],[117.93961,30.04117],[117.94366,30.04356],[117.949,30.04494],[117.95563,30.04531],[117.96354,30.04469],[117.97073,30.04516],[117.97719,30.04672],[117.98291,30.04938],[117.98791,30.05313],[117.99291,30.05688],[117.99791,30.06063],[118.00291,30.06438],[118.00791,30.06813],[118.01437,30.07141],[118.02229,30.07422],[118.03166,30.07657],[118.0425,30.07844],[118.05198,30.08009],[118.0601,30.08149],[118.06687,30.08266],[118.07229,30.0836],[118.07771,30.08454],[118.08312,30.08547],[118.08854,30.08641],[118.09396,30.08735],[118.09919,30.08886],[118.10424,30.09094],[118.10911,30.09359],[118.1138,30.09682],[118.11849,30.10005],[118.12317,30.10328],[118.12786,30.10651],[118.13255,30.10974],[118.13685,30.11125],[118.14076,30.11104],[118.14427,30.10912],[118.1474,30.10547],[118.15053,30.10182],[118.15365,30.09818],[118.15678,30.09453],[118.1599,30.09089],[118.16303,30.08724],[118.16615,30.0836],[118.16928,30.07995],[118.1724,30.0763],[118.17553,30.07266],[118.17865,30.06901],[118.18177,30.06537],[118.1849,30.06172],[118.18819,30.05941],[118.19165,30.05845],[118.19529,30.05883],[118.19909,30.06055],[118.20289,30.06227],[118.20669,30.06399],[118.21049,30.06571],[118.21429,30.06743],[118.21905,30.06957],[118.22475,30.07215],[118.2314,30.07516],[118.23901,30.0786],[118.24601,30.08083],[118.25242,30.08188],[118.25823,30.08172],[118.26344,30.08037],[118.26865,30.07901],[118.27386,30.07766],[118.27906,30.0763],[118.28427,30.07495],[118.28917,30.0747],[118.29375,30.07556],[118.29802,30.07753],[118.30197,30.0806],[118.30593,30.08367],[118.30989,30.08675],[118.31385,30.08982],[118.3178,30.09289],[118.32275,30.09674],[118.32869,30.10134],[118.33562,30.10672],[118.34354,30.11287],[118.35036,30.11742],[118.35609,30.12039],[118.36073,30.12177],[118.36427,30.12156],[118.36781,30.12135],[118.37135,30.12115],[118.3749,30.12094],[118.37844,30.12073],[118.38184,30.12158],[118.38509,30.12348],[118.3882,30.12643],[118.39117,30.13044],[118.39414,30.13445],[118.3971,30.13847],[118.40007,30.14248],[118.40304,30.14649],[118.40601,30.1505],[118.40898,30.15451],[118.41195,30.15852],[118.41491,30.16253],[118.41788,30.16654],[118.42085,30.17055],[118.42382,30.17456],[118.42679,30.17857],[118.43022,30.18137],[118.4341,30.18296],[118.43844,30.18333],[118.44323,30.1825],[118.44758,30.18247],[118.45148,30.18326],[118.45495,30.18484],[118.45797,30.18724],[118.46099,30.18964],[118.46401,30.19203],[118.46703,30.19443],[118.47005,30.19682],[118.47273,30.19766],[118.47508,30.19693],[118.47708,30.19464],[118.47875,30.19078],[118.48042,30.18693],[118.48208,30.18307],[118.48375,30.17922],[118.48542,30.17536],[118.48772,30.17208],[118.49066,30.16938],[118.49425,30.16724],[118.49847,30.16568],[118.50269,30.16412],[118.5069,30.16256],[118.51112,30.16099],[118.51534,30.15943],[118.51956,30.15787],[118.52378,30.15631],[118.528,30.15474],[118.53222,30.15318],[118.53644,30.15162],[118.54065,30.15006],[118.54487,30.14849],[118.54909,30.14693],[118.55294,30.14699],[118.55643,30.14869],[118.55955,30.15201],[118.56231,30.15695],[118.56507,30.1619],[118.56783,30.16685],[118.57059,30.1718],[118.57335,30.17675],[118.57611,30.18169],[118.57887,30.18664],[118.58163,30.19159],[118.58439,30.19654],[118.58715,30.20149],[118.58992,30.20643],[118.59268,30.21138],[118.59544,30.21633],[118.59857,30.22051],[118.60206,30.22391],[118.60591,30.22655],[118.61013,30.22841],[118.61448,30.23033],[118.61895,30.23231],[118.62356,30.23435],[118.62831,30.23644],[118.63072,30.23895],[118.63079,30.24187],[118.62854,30.24521],[118.62396,30.24896],[118.61938,30.25271],[118.61479,30.25646],[118.61021,30.26021],[118.60563,30.26396],[118.603,30.26813],[118.60232,30.27271],[118.60359,30.27771],[118.60682,30.28313],[118.61005,30.28854],[118.61328,30.29396],[118.61651,30.29938],[118.61974,30.30479],[118.6212,30.31023],[118.62089,30.3157],[118.6188,30.3212],[118.61495,30.32672],[118.6111,30.33224],[118.60724,30.33776],[118.60339,30.34328],[118.59953,30.3488],[118.59727,30.35398],[118.59659,30.35883],[118.5975,30.36333],[118.6,30.3675],[118.6025,30.37167],[118.605,30.37583],[118.6075,30.38],[118.61,30.38417],[118.61057,30.38792],[118.60922,30.39125],[118.60594,30.39417],[118.60073,30.39667],[118.59552,30.39917],[118.59031,30.40167],[118.58511,30.40417],[118.5799,30.40667],[118.57568,30.40974],[118.57245,30.41339],[118.57021,30.4176],[118.56896,30.4224],[118.56893,30.42725],[118.57013,30.43218],[118.57255,30.43716],[118.57619,30.44222],[118.57984,30.44727],[118.58348,30.45232],[118.58712,30.45737],[118.59077,30.46243],[118.59442,30.46748],[118.59806,30.47253],[118.60171,30.47758],[118.60535,30.48263],[118.609,30.48769],[118.61265,30.49274],[118.6163,30.49779],[118.61994,30.50284],[118.62455,30.50699],[118.63013,30.51025],[118.63667,30.51261],[118.64417,30.51407],[118.65166,30.51552],[118.65916,30.51698],[118.66667,30.51844],[118.67417,30.5199],[118.67995,30.52221],[118.68401,30.52539],[118.68635,30.52943],[118.68698,30.53432],[118.6876,30.53922],[118.68823,30.54411],[118.68885,30.54901],[118.68948,30.55391],[118.68931,30.5582],[118.68835,30.5619],[118.68659,30.565],[118.68404,30.5675],[118.68149,30.57],[118.67894,30.5725],[118.67638,30.575],[118.67383,30.5775],[118.67064,30.58063],[118.66681,30.58438],[118.66235,30.58875],[118.65724,30.59375],[118.65406,30.59828],[118.65281,30.60234],[118.65349,30.60594],[118.65609,30.60906],[118.6587,30.61219],[118.6613,30.61531],[118.66391,30.61844],[118.66651,30.62156],[118.66818,30.62513],[118.66891,30.62914],[118.6687,30.63359],[118.66755,30.63849],[118.66641,30.64339],[118.66526,30.64828],[118.66412,30.65318],[118.66297,30.65807],[118.66296,30.66263],[118.66407,30.66685],[118.66633,30.67073],[118.66971,30.67427],[118.67309,30.67781],[118.67648,30.68136],[118.67986,30.6849],[118.68325,30.68844],[118.68663,30.69198],[118.69002,30.69552],[118.6934,30.69907],[118.69679,30.70261],[118.70018,30.70615],[118.70356,30.70969],[118.70695,30.71323],[118.71034,30.71677],[118.71225,30.72073],[118.7127,30.7251],[118.71167,30.7299],[118.70917,30.7351],[118.70667,30.74031],[118.70417,30.74552],[118.70167,30.75073],[118.69917,30.75594],[118.69779,30.76078],[118.69753,30.76526],[118.69838,30.76938],[118.70036,30.77313],[118.70234,30.77688],[118.70432,30.78063],[118.7063,30.78438],[118.70828,30.78813],[118.70852,30.79193],[118.70701,30.79578],[118.70375,30.79969],[118.69875,30.80365],[118.69499,30.80741],[118.69246,30.81098],[118.69117,30.81435],[118.69112,30.81753],[118.69107,30.8207],[118.69102,30.82388],[118.69096,30.82706],[118.69091,30.83023],[118.69085,30.83421],[118.69077,30.83897],[118.69068,30.84453],[118.69057,30.85089],[118.6894,30.85612],[118.68716,30.86023],[118.68385,30.86323],[118.67948,30.8651],[118.67692,30.86744],[118.67617,30.87023],[118.67724,30.87348],[118.68012,30.87719],[118.68266,30.88045],[118.68485,30.88326],[118.68669,30.88562],[118.68818,30.88754],[118.68865,30.88911],[118.68809,30.89032],[118.6865,30.89119],[118.68389,30.8917],[118.68113,30.89224],[118.67821,30.89282],[118.67514,30.89342],[118.67192,30.89405],[118.66804,30.89481],[118.66352,30.8957],[118.65833,30.89672],[118.6525,30.89787],[118.64734,30.89971],[118.64287,30.90227],[118.63906,30.90552],[118.63594,30.90948],[118.63281,30.91344],[118.62969,30.9174],[118.62656,30.92135],[118.62344,30.92531],[118.61885,30.92802],[118.61281,30.92948],[118.60531,30.92969],[118.59635,30.92865],[118.58859,30.92857],[118.58203,30.92945],[118.57667,30.9313],[118.5725,30.93412],[118.56834,30.93693],[118.56417,30.93974],[118.56,30.94255],[118.55583,30.94537],[118.5526,30.94893],[118.55031,30.95326],[118.54896,30.95833],[118.54854,30.96417],[118.54656,30.96906],[118.54302,30.97302],[118.53792,30.97604],[118.53125,30.97813],[118.52625,30.981],[118.52292,30.98467],[118.52125,30.98914],[118.52125,30.9944],[118.52125,30.99966],[118.52125,31.00492],[118.52125,31.01018],[118.52125,31.01544],[118.52125,31.02005],[118.52125,31.02399],[118.52125,31.02728],[118.52125,31.02991],[118.52125,31.03254],[118.52125,31.03517],[118.52125,31.0378],[118.52125,31.04043],[118.52125,31.04306],[118.52125,31.04569],[118.52125,31.04832],[118.52125,31.05095],[118.52125,31.05325],[118.52125,31.05522],[118.52125,31.05687],[118.52125,31.05818],[118.52125,31.0595],[118.52125,31.06081],[118.52125,31.06213],[118.52125,31.06344],[118.52177,31.06466],[118.52281,31.06579],[118.52437,31.06682],[118.52646,31.06776],[118.52854,31.0687],[118.53062,31.06964],[118.53271,31.07057],[118.53479,31.07151],[118.53597,31.07257],[118.53626,31.07375],[118.53564,31.07505],[118.53412,31.07648],[118.53253,31.07797],[118.53086,31.07953],[118.52912,31.08116],[118.52731,31.08287],[118.52574,31.08359],[118.52443,31.08334],[118.52337,31.08211],[118.52256,31.07991],[118.52174,31.07768],[118.5209,31.07541],[118.52006,31.07312],[118.5192,31.07079],[118.51845,31.06876],[118.51781,31.06703],[118.51729,31.06559],[118.51687,31.06446],[118.51645,31.06333],[118.51604,31.06219],[118.51562,31.06106],[118.5152,31.05993],[118.51468,31.05851],[118.51406,31.05681],[118.51333,31.05483],[118.5125,31.05257],[118.51166,31.0503],[118.51083,31.04803],[118.51,31.04577],[118.50916,31.0435],[118.50833,31.04124],[118.5075,31.03897],[118.50666,31.03671],[118.50583,31.03444],[118.50479,31.03161],[118.50354,31.02821],[118.50208,31.02425],[118.50041,31.01971],[118.49781,31.01632],[118.49427,31.01405],[118.48979,31.01292],[118.48438,31.01292],[118.48026,31.01156],[118.47745,31.00885],[118.47594,31.00479],[118.47573,30.99938],[118.47417,30.99495],[118.47125,30.99151],[118.46698,30.98906],[118.46135,30.9876],[118.45854,30.98604],[118.45854,30.98438],[118.46135,30.9826],[118.46698,30.98073],[118.47112,30.97818],[118.47378,30.97495],[118.47495,30.97104],[118.47464,30.96646],[118.47432,30.96188],[118.47401,30.95729],[118.4737,30.95271],[118.47339,30.94813],[118.47419,30.94432],[118.47612,30.9413],[118.47917,30.93906],[118.48333,30.93761],[118.4875,30.93615],[118.49167,30.93469],[118.49583,30.93323],[118.5,30.93177],[118.50224,30.92987],[118.50255,30.92753],[118.50094,30.92474],[118.49739,30.92151],[118.49385,30.91828],[118.49031,30.91505],[118.48677,30.91182],[118.48323,30.90859],[118.48083,30.90497],[118.47958,30.90096],[118.47948,30.89656],[118.48052,30.89177],[118.47984,30.88776],[118.47745,30.88453],[118.47333,30.88208],[118.4675,30.88042],[118.46299,30.87784],[118.45982,30.87435],[118.45797,30.86995],[118.45745,30.86464],[118.45693,30.85932],[118.45641,30.85401],[118.45589,30.8487],[118.45536,30.84339],[118.45552,30.83802],[118.45635,30.8326],[118.45787,30.82714],[118.46005,30.82161],[118.46224,30.81609],[118.46443,30.81057],[118.46662,30.80505],[118.4688,30.79953],[118.46971,30.79378],[118.46935,30.78779],[118.46771,30.78156],[118.46479,30.7751],[118.46094,30.77036],[118.45615,30.76734],[118.45042,30.76604],[118.44375,30.76646],[118.438,30.76807],[118.43315,30.77089],[118.42922,30.7749],[118.4262,30.7801],[118.42318,30.78531],[118.42016,30.79052],[118.41714,30.79573],[118.41412,30.80094],[118.41039,30.80542],[118.40596,30.80917],[118.40083,30.81219],[118.395,30.81448],[118.3901,30.81539],[118.38615,30.81492],[118.38312,30.81307],[118.38104,30.80984],[118.37896,30.80661],[118.37687,30.80339],[118.37479,30.80016],[118.37271,30.79693],[118.36974,30.79466],[118.36589,30.79336],[118.36115,30.79302],[118.35552,30.79365],[118.35008,30.79346],[118.34482,30.79247],[118.33974,30.79068],[118.33484,30.78807],[118.32995,30.78547],[118.32505,30.78287],[118.32015,30.78026],[118.31526,30.77766],[118.31148,30.77482],[118.30883,30.77174],[118.30729,30.76844],[118.30687,30.7649],[118.30497,30.76169],[118.30159,30.75883],[118.29672,30.7563],[118.29036,30.75412],[118.28401,30.75193],[118.27765,30.74974],[118.2713,30.74755],[118.26495,30.74537],[118.25911,30.74211],[118.2538,30.73779],[118.24901,30.7324],[118.24474,30.72594],[118.24046,30.71948],[118.23619,30.71302],[118.23192,30.70656],[118.22765,30.7001],[118.22216,30.69594],[118.21544,30.69406],[118.2075,30.69448],[118.19833,30.69719],[118.18964,30.69828],[118.18141,30.69776],[118.17364,30.69563],[118.16635,30.69188],[118.15992,30.68779],[118.15435,30.68336],[118.14963,30.67859],[118.14578,30.67349],[118.14192,30.66839],[118.13807,30.66328],[118.13422,30.65818],[118.13036,30.65307],[118.12648,30.64956],[118.12258,30.64763],[118.11865,30.64729],[118.11469,30.64854],[118.11057,30.64867],[118.1063,30.64768],[118.10187,30.64557],[118.09729,30.64234],[118.09271,30.63912],[118.08812,30.63589],[118.08354,30.63266],[118.07896,30.62943],[118.07557,30.62602],[118.07339,30.62242],[118.0724,30.61865],[118.0726,30.61469],[118.07281,30.61073],[118.07302,30.60677],[118.07323,30.60281],[118.07344,30.59885],[118.07195,30.59564],[118.06878,30.59317],[118.0639,30.59144],[118.05734,30.59045],[118.05078,30.58946],[118.04422,30.58847],[118.03765,30.58748],[118.03109,30.58649],[118.02453,30.58551],[118.01796,30.58452],[118.0114,30.58353],[118.00484,30.58254],[117.99828,30.58154],[117.99172,30.58055],[117.98515,30.57956],[117.97859,30.57857],[117.97396,30.57629],[117.97125,30.57272],[117.97047,30.56786],[117.97162,30.56172],[117.97276,30.55557],[117.97391,30.54943],[117.97505,30.54328],[117.9762,30.53714],[117.97617,30.53156],[117.97497,30.52656],[117.9726,30.52214],[117.96906,30.51828],[117.96552,30.51443],[117.96198,30.51057],[117.95844,30.50672],[117.95489,30.50287],[117.95094,30.50026],[117.94656,30.49891],[117.94177,30.4988],[117.93656,30.49995],[117.93136,30.5011],[117.92615,30.50224],[117.92094,30.50339],[117.91573,30.50453],[117.91141,30.50393],[117.90797,30.50159],[117.90542,30.4975],[117.90375,30.49167],[117.90208,30.48583],[117.90042,30.48],[117.89875,30.47417],[117.89708,30.46833],[117.89453,30.46383],[117.89109,30.46065],[117.88677,30.4588],[117.88156,30.45828],[117.87635,30.45776],[117.87115,30.45724],[117.86594,30.45672],[117.86073,30.4562],[117.85604,30.45667],[117.85188,30.45813],[117.84823,30.46057],[117.84511,30.46401],[117.84198,30.46745],[117.83886,30.47089],[117.83573,30.47432],[117.83261,30.47776],[117.82972,30.47928],[117.82709,30.47889],[117.82469,30.47658],[117.82255,30.47235],[117.8204,30.46812],[117.81825,30.46389],[117.8161,30.45967],[117.81396,30.45544],[117.81175,30.4511],[117.80949,30.44665],[117.80718,30.44209],[117.80481,30.43742],[117.80183,30.4334],[117.79825,30.43002],[117.79406,30.42729],[117.78927,30.42521],[117.78559,30.4224],[117.78301,30.41885],[117.78154,30.41458],[117.78117,30.40958],[117.78081,30.40458],[117.78044,30.39958],[117.78008,30.39458],[117.77971,30.38958],[117.77935,30.38458],[117.77898,30.37958],[117.77862,30.37458],[117.77825,30.36958],[117.77789,30.36458],[117.77753,30.35958],[117.77716,30.35458],[117.7768,30.34958],[117.77553,30.3448],[117.77337,30.34025],[117.77031,30.33591],[117.76635,30.3318],[117.76239,30.32769],[117.75843,30.32357],[117.75447,30.31946],[117.75051,30.31534],[117.74655,30.31123],[117.74259,30.30711],[117.73864,30.303],[117.73468,30.29888],[117.73072,30.29477],[117.72676,30.29065],[117.72281,30.28654],[117.71885,30.28242],[117.71614,30.27856],[117.71469,30.27494],[117.71448,30.27156],[117.71552,30.26844],[117.71656,30.26531],[117.7176,30.26219],[117.71865,30.25906],[117.71969,30.25594],[117.71854,30.25245],[117.71521,30.24859],[117.70969,30.24438],[117.70198,30.23979],[117.69604,30.23482],[117.69187,30.22945],[117.68948,30.2237],[117.68885,30.21755],[117.68823,30.21141],[117.6876,30.20526],[117.68698,30.19911],[117.68635,30.19297],[117.68698,30.18721],[117.68885,30.18185],[117.69198,30.17688],[117.69635,30.17229],[117.69872,30.16753],[117.69909,30.16258],[117.69744,30.15745],[117.6938,30.15214],[117.69015,30.14683],[117.6865,30.14151],[117.68285,30.1362],[117.67921,30.13089],[117.67556,30.12558],[117.67191,30.12026],[117.66827,30.11495],[117.66462,30.10964],[117.66098,30.10433],[117.65734,30.09901],[117.65369,30.0937],[117.65005,30.08839],[117.64864,30.08448],[117.64947,30.08198],[117.65253,30.08088],[117.65783,30.08119],[117.66272,30.08147],[117.6672,30.08174],[117.67127,30.08197],[117.67493,30.08219],[117.67879,30.08241],[117.68286,30.08265],[117.68713,30.0829],[117.69161,30.08316],[117.69609,30.08342],[117.70057,30.08368],[117.70505,30.08393],[117.70953,30.08419],[117.71328,30.0829],[117.7163,30.08007],[117.71859,30.07568],[117.72016,30.06974],[117.72172,30.0638],[117.72328,30.05786],[117.72485,30.05193],[117.72641,30.04599],[117.72581,30.04055],[117.72305,30.0356],[117.71812,30.03115],[117.71104,30.02719],[117.70615,30.02323],[117.70344,30.01927],[117.70292,30.01531],[117.70458,30.01135],[117.70784,30.00831],[117.71268,30.00617],[117.71911,30.00495],[117.72714,30.00464],[117.73415,30.00437],[117.74017,30.00413],[117.74518,30.00394],[117.74919,30.00378],[117.7532,30.00362],[117.75721,30.00347],[117.76122,30.00331],[117.76523,30.00315],[117.76858,30.00223],[117.77126,30.00053],[117.77328,29.99807],[117.77464,29.99484],[117.77599,29.99161],[117.77734,29.98839],[117.7787,29.98516],[117.78005,29.98193],[117.783,29.97862],[117.78753,29.97523],[117.79365,29.97177],[117.80136,29.96823],[117.80849,29.96603],[117.81505,29.96517],[117.82104,29.96565]]]]}},{"type":"Feature","properties":{"basin_id":"basins_tailanhe"},"geometry":{"type":"MultiPolygon","coordinates":[[[[80.20518,42.04019],[80.20836,42.04337],[80.21167,42.04667],[80.21511,42.05011],[80.21867,42.05368],[80.22237,42.05737],[80.22608,42.05952],[80.22981,42.06012],[80.23354,42.05917],[80.23729,42.05667],[80.24167,42.05487],[80.24667,42.05378],[80.25229,42.05339],[80.25854,42.0537],[80.26401,42.05397],[80.2687,42.05421],[80.2726,42.0544],[80.27573,42.05456],[80.27885,42.05472],[80.28198,42.05487],[80.2851,42.05503],[80.28823,42.05518],[80.29137,42.05587],[80.29452,42.0571],[80.29768,42.05886],[80.30086,42.06115],[80.30403,42.06344],[80.30721,42.06573],[80.31038,42.06802],[80.31356,42.07032],[80.31674,42.07261],[80.31991,42.0749],[80.32309,42.07719],[80.32627,42.07948],[80.32945,42.08177],[80.33263,42.08406],[80.3358,42.08636],[80.33898,42.08865],[80.34246,42.08997],[80.34624,42.09034],[80.35031,42.08974],[80.35469,42.08818],[80.35907,42.08662],[80.36344,42.08506],[80.36782,42.08349],[80.37219,42.08193],[80.37657,42.08037],[80.38094,42.07881],[80.38532,42.07724],[80.38969,42.07568],[80.39407,42.07412],[80.39844,42.07256],[80.40282,42.07099],[80.40719,42.06943],[80.41133,42.06828],[80.41523,42.06755],[80.41891,42.06724],[80.42234,42.06734],[80.42578,42.06745],[80.42922,42.06755],[80.43266,42.06766],[80.43609,42.06776],[80.43947,42.06745],[80.44278,42.06672],[80.44602,42.06557],[80.4492,42.06401],[80.45238,42.06245],[80.45556,42.06089],[80.45874,42.05933],[80.46191,42.05777],[80.46589,42.05582],[80.47065,42.05347],[80.47622,42.05074],[80.48257,42.04762],[80.48813,42.04488],[80.4929,42.04254],[80.49687,42.04058],[80.50005,42.03902],[80.50322,42.03746],[80.5064,42.0359],[80.50957,42.03433],[80.51275,42.03277],[80.51672,42.03082],[80.52148,42.02847],[80.52704,42.02574],[80.53339,42.02261],[80.53784,42.01927],[80.54039,42.01573],[80.54104,42.01198],[80.53979,42.00802],[80.5376,42.005],[80.53448,42.00292],[80.53042,42.00177],[80.52542,42.00156],[80.52176,42.00014],[80.51944,41.99751],[80.51846,41.99367],[80.51883,41.98862],[80.51919,41.98357],[80.51956,41.97852],[80.51992,41.97346],[80.52029,41.96841],[80.52061,41.96399],[80.52088,41.9602],[80.52111,41.95704],[80.52129,41.95452],[80.52147,41.95199],[80.52166,41.94947],[80.52184,41.94694],[80.52202,41.94441],[80.52225,41.94126],[80.52252,41.93747],[80.52284,41.93305],[80.5232,41.92799],[80.52293,41.92303],[80.52202,41.91816],[80.52047,41.91339],[80.51828,41.9087],[80.51609,41.90401],[80.5139,41.89932],[80.51172,41.89464],[80.50953,41.88995],[80.50857,41.88547],[80.50883,41.8812],[80.51031,41.87714],[80.51302,41.87328],[80.51573,41.86943],[80.51844,41.86557],[80.52115,41.86172],[80.52386,41.85786],[80.52719,41.85492],[80.53115,41.85289],[80.53573,41.85177],[80.54094,41.85156],[80.54422,41.85021],[80.54557,41.84771],[80.545,41.84406],[80.5425,41.83927],[80.54135,41.83505],[80.54156,41.83141],[80.54313,41.82833],[80.54604,41.82583],[80.54823,41.82293],[80.54969,41.81962],[80.55042,41.81591],[80.55042,41.8118],[80.55042,41.80768],[80.55042,41.80357],[80.55042,41.79945],[80.55042,41.79534],[80.55042,41.79122],[80.55042,41.78711],[80.55042,41.78299],[80.55042,41.77888],[80.55042,41.77477],[80.55042,41.77065],[80.55042,41.76654],[80.55042,41.76242],[80.55156,41.75879],[80.55386,41.75564],[80.55729,41.75297],[80.56188,41.75078],[80.56646,41.7486],[80.57104,41.74641],[80.57563,41.74422],[80.58021,41.74203],[80.58375,41.7394],[80.58625,41.73633],[80.58771,41.73281],[80.58813,41.72885],[80.58779,41.72549],[80.58669,41.72273],[80.58484,41.72057],[80.58224,41.71901],[80.57963,41.71745],[80.57703,41.71589],[80.57443,41.71432],[80.57182,41.71276],[80.56949,41.71085],[80.56743,41.70858],[80.56565,41.70596],[80.56414,41.703],[80.56263,41.70003],[80.56112,41.69706],[80.55961,41.69409],[80.55809,41.69112],[80.55658,41.68815],[80.55507,41.68518],[80.55356,41.68221],[80.55205,41.67925],[80.55054,41.67628],[80.54903,41.67331],[80.54752,41.67034],[80.54601,41.66737],[80.5441,41.66478],[80.54178,41.66257],[80.53906,41.66073],[80.53594,41.65927],[80.53281,41.65781],[80.52969,41.65635],[80.52656,41.6549],[80.52344,41.65344],[80.51984,41.65253],[80.51578,41.65216],[80.51125,41.65234],[80.50625,41.65307],[80.50125,41.6538],[80.49625,41.65453],[80.49125,41.65526],[80.48625,41.65599],[80.48279,41.65534],[80.48088,41.65331],[80.48051,41.6499],[80.48169,41.6451],[80.48286,41.64031],[80.48403,41.63552],[80.48521,41.63073],[80.48638,41.62594],[80.48756,41.62115],[80.48873,41.61636],[80.4899,41.61156],[80.49107,41.60677],[80.4921,41.60258],[80.49298,41.59899],[80.49371,41.59599],[80.4943,41.5936],[80.49489,41.5912],[80.49547,41.5888],[80.49606,41.58641],[80.49664,41.58401],[80.49738,41.58102],[80.49825,41.57742],[80.49928,41.57323],[80.50045,41.56844],[80.50148,41.56425],[80.50235,41.56065],[80.50309,41.55766],[80.50367,41.55526],[80.50426,41.55287],[80.50484,41.55047],[80.50543,41.54807],[80.50601,41.54568],[80.50675,41.54268],[80.50762,41.53909],[80.50865,41.5349],[80.50982,41.53011],[80.51084,41.52591],[80.51172,41.52232],[80.51245,41.51932],[80.51303,41.51693],[80.51362,41.51453],[80.5142,41.51214],[80.51479,41.50974],[80.51537,41.50734],[80.51487,41.50477],[80.51329,41.50201],[80.51062,41.49906],[80.50687,41.49594],[80.50312,41.49281],[80.49937,41.48969],[80.49562,41.48656],[80.49187,41.48344],[80.48849,41.48195],[80.48547,41.48211],[80.48281,41.48391],[80.48052,41.48734],[80.47823,41.49078],[80.47594,41.49422],[80.47365,41.49766],[80.47136,41.50109],[80.46854,41.50362],[80.46521,41.50523],[80.46135,41.50594],[80.45698,41.50573],[80.453,41.50635],[80.4494,41.50781],[80.4462,41.5101],[80.44339,41.51323],[80.44058,41.51635],[80.43776,41.51948],[80.43495,41.5226],[80.43214,41.52573],[80.42861,41.52826],[80.42436,41.53018],[80.4194,41.53151],[80.41373,41.53224],[80.40805,41.53297],[80.40237,41.53371],[80.3967,41.53444],[80.39102,41.53516],[80.38534,41.53589],[80.37967,41.53662],[80.37399,41.53735],[80.36831,41.53808],[80.36263,41.53881],[80.35696,41.53954],[80.35128,41.54027],[80.3456,41.54099],[80.34117,41.54275],[80.338,41.54553],[80.33607,41.54935],[80.33539,41.55419],[80.3348,41.55843],[80.33429,41.56206],[80.33387,41.56509],[80.33353,41.56751],[80.33319,41.56994],[80.33285,41.57236],[80.33252,41.57478],[80.33218,41.5772],[80.33175,41.58023],[80.33125,41.58386],[80.33065,41.5881],[80.32998,41.59294],[80.3293,41.59779],[80.32862,41.60263],[80.32794,41.60747],[80.32727,41.61232],[80.32595,41.61686],[80.324,41.62111],[80.32141,41.62505],[80.31818,41.6287],[80.31536,41.63189],[80.31294,41.63462],[80.31092,41.6369],[80.30931,41.63873],[80.30769,41.64055],[80.30608,41.64237],[80.30446,41.6442],[80.30285,41.64602],[80.30083,41.6483],[80.29841,41.65103],[80.29558,41.65422],[80.29235,41.65787],[80.28912,41.66151],[80.28589,41.66516],[80.28266,41.6688],[80.27943,41.67245],[80.27686,41.67602],[80.27496,41.67951],[80.27372,41.68292],[80.27315,41.68625],[80.27258,41.68958],[80.27201,41.69292],[80.27143,41.69625],[80.27086,41.69958],[80.27029,41.70292],[80.26972,41.70625],[80.26914,41.70958],[80.26857,41.71292],[80.268,41.71625],[80.26742,41.71958],[80.26685,41.72292],[80.26628,41.72625],[80.26521,41.72939],[80.26365,41.73233],[80.26159,41.73508],[80.25904,41.73763],[80.25649,41.74018],[80.25394,41.74274],[80.25139,41.74529],[80.24883,41.74784],[80.24628,41.75039],[80.24373,41.75294],[80.24118,41.7555],[80.23863,41.75805],[80.23607,41.7606],[80.23352,41.76315],[80.23097,41.7657],[80.22841,41.76826],[80.22606,41.7716],[80.22389,41.77574],[80.22193,41.78068],[80.22016,41.78641],[80.21861,41.79142],[80.21728,41.79572],[80.21617,41.7993],[80.21529,41.80216],[80.2144,41.80503],[80.21352,41.80789],[80.21263,41.81076],[80.21175,41.81362],[80.20988,41.81621],[80.20705,41.81853],[80.20323,41.82057],[80.19844,41.82235],[80.19365,41.82412],[80.18886,41.82589],[80.18406,41.82766],[80.17927,41.82943],[80.17539,41.83182],[80.17242,41.83484],[80.17037,41.83849],[80.16922,41.84276],[80.16807,41.84703],[80.16693,41.8513],[80.16578,41.85557],[80.16464,41.85984],[80.16232,41.86336],[80.15883,41.86612],[80.15417,41.86813],[80.14833,41.86938],[80.14323,41.87162],[80.13885,41.87484],[80.13521,41.87906],[80.13229,41.88427],[80.12914,41.88865],[80.12576,41.89219],[80.12214,41.8949],[80.11828,41.89677],[80.11443,41.89865],[80.11057,41.90052],[80.10672,41.9024],[80.10287,41.90427],[80.10005,41.90701],[80.09828,41.9106],[80.09755,41.91505],[80.09786,41.92036],[80.09818,41.92568],[80.09849,41.93099],[80.0988,41.9363],[80.09911,41.94161],[80.09872,41.94667],[80.09763,41.95146],[80.09583,41.95599],[80.09334,41.96026],[80.09084,41.96453],[80.08834,41.9688],[80.08584,41.97307],[80.08333,41.97734],[80.08224,41.98134],[80.08255,41.98507],[80.08427,41.98852],[80.08739,41.99169],[80.09051,41.99487],[80.09364,41.99805],[80.09676,42.00123],[80.09989,42.0044],[80.10301,42.00758],[80.10614,42.01076],[80.10926,42.01393],[80.11239,42.01711],[80.11551,42.02029],[80.11864,42.02347],[80.12177,42.02664],[80.12489,42.02982],[80.12834,42.03221],[80.13212,42.03383],[80.13622,42.03466],[80.14065,42.03472],[80.14508,42.03477],[80.14951,42.03482],[80.15393,42.03487],[80.15836,42.03493],[80.16279,42.03498],[80.16721,42.03503],[80.17164,42.03508],[80.17607,42.03514],[80.18049,42.03519],[80.18492,42.03524],[80.18935,42.03529],[80.19378,42.03534],[80.19789,42.03617],[80.20169,42.03779],[80.20518,42.04019]]]]}},{"type":"Feature","properties":{"basin_id":"basins_weiganhe"},"geometry":{"type":"MultiPolygon","coordinates":[[[[82.30245,42.49194],[82.3163,42.491],[82.32865,42.49236],[82.3395,42.49603],[82.34885,42.50201],[82.35669,42.5103],[82.36436,42.5184],[82.37186,42.52631],[82.37919,42.53405],[82.38635,42.5416],[82.39317,42.54601],[82.39967,42.54728],[82.40584,42.54542],[82.41167,42.54042],[82.41876,42.53684],[82.42712,42.53468],[82.43674,42.53394],[82.44763,42.53463],[82.45851,42.53531],[82.4694,42.53599],[82.48028,42.53667],[82.49116,42.53735],[82.50477,42.5382],[82.5211,42.53921],[82.54015,42.54039],[82.56192,42.54174],[82.58023,42.54598],[82.59507,42.5531],[82.60645,42.56313],[82.61437,42.57604],[82.62322,42.58573],[82.63302,42.59219],[82.64375,42.59542],[82.65542,42.59542],[82.66708,42.59543],[82.67875,42.59543],[82.69042,42.59542],[82.70208,42.59542],[82.71338,42.59711],[82.72432,42.6005],[82.73489,42.60558],[82.74509,42.61235],[82.7553,42.61912],[82.7655,42.62589],[82.77571,42.63266],[82.78593,42.63943],[82.79479,42.64188],[82.80229,42.64],[82.80845,42.6338],[82.81324,42.62328],[82.81803,42.61276],[82.82283,42.60224],[82.82762,42.59172],[82.8324,42.5812],[82.83995,42.57532],[82.85025,42.57407],[82.86331,42.57746],[82.87914,42.58548],[82.89497,42.59351],[82.9108,42.60153],[82.92664,42.60955],[82.94248,42.61756],[82.95804,42.62105],[82.97332,42.62001],[82.9883,42.61444],[83.003,42.60434],[83.01769,42.59423],[83.03238,42.58413],[83.04706,42.57402],[83.06174,42.56392],[83.0765,42.55748],[83.09133,42.55472],[83.10624,42.55563],[83.12124,42.56022],[83.13623,42.56481],[83.15123,42.56939],[83.16624,42.57397],[83.18124,42.57855],[83.19494,42.581],[83.20735,42.58131],[83.21844,42.57948],[83.22824,42.57553],[83.23803,42.57157],[83.24782,42.56761],[83.25761,42.56365],[83.2674,42.55969],[83.27761,42.55735],[83.28823,42.55662],[83.29927,42.5575],[83.31073,42.56],[83.32029,42.55969],[83.32796,42.55655],[83.33373,42.55061],[83.3376,42.54184],[83.3413,42.53345],[83.34484,42.52543],[83.34822,42.51778],[83.35143,42.5105],[83.35739,42.50398],[83.36608,42.4982],[83.37751,42.49319],[83.39168,42.48892],[83.40585,42.48465],[83.42002,42.48038],[83.43418,42.47611],[83.44834,42.47183],[83.46383,42.4698],[83.48065,42.47001],[83.49879,42.47246],[83.51826,42.47716],[83.53774,42.48185],[83.55722,42.48654],[83.5767,42.49122],[83.59618,42.4959],[83.61265,42.49713],[83.6261,42.49491],[83.63653,42.48925],[83.64394,42.48014],[83.65135,42.47103],[83.65875,42.46191],[83.66616,42.4528],[83.67356,42.44369],[83.68095,42.43457],[83.68835,42.42546],[83.69574,42.41634],[83.70313,42.40723],[83.71052,42.39811],[83.71791,42.38899],[83.7253,42.37988],[83.73268,42.37076],[83.74194,42.36234],[83.75309,42.3546],[83.76611,42.34756],[83.78101,42.34121],[83.79591,42.33486],[83.8108,42.3285],[83.8257,42.32215],[83.84059,42.31579],[83.85181,42.30915],[83.85935,42.30222],[83.86323,42.295],[83.86344,42.2875],[83.85896,42.28089],[83.84979,42.27516],[83.83593,42.27032],[83.81739,42.26636],[83.80255,42.26146],[83.7914,42.25563],[83.78396,42.24885],[83.78021,42.24115],[83.77985,42.23419],[83.78287,42.228],[83.78929,42.22256],[83.79909,42.21788],[83.80889,42.2132],[83.81868,42.20851],[83.82848,42.20383],[83.83827,42.19914],[83.84807,42.19445],[83.85786,42.18977],[83.86765,42.18508],[83.87744,42.18039],[83.88722,42.1757],[83.89701,42.17101],[83.9068,42.16632],[83.91658,42.16162],[83.92399,42.15547],[83.92904,42.14787],[83.93172,42.1388],[83.93203,42.12828],[83.93234,42.11776],[83.93266,42.10724],[83.93297,42.09672],[83.93328,42.0862],[83.93483,42.07622],[83.93763,42.0668],[83.94166,42.05792],[83.94692,42.04959],[83.95219,42.04126],[83.95746,42.03292],[83.96272,42.02459],[83.96799,42.01626],[83.97325,42.00792],[83.97851,41.99959],[83.98377,41.99126],[83.98902,41.98292],[83.99428,41.97459],[83.99954,41.96626],[84.00479,41.95792],[84.01004,41.94959],[84.01376,41.9408],[84.01594,41.93157],[84.01658,41.92189],[84.01569,41.91176],[84.0148,41.90163],[84.01391,41.8915],[84.01303,41.88137],[84.01214,41.87124],[84.01125,41.86111],[84.01036,41.85098],[84.00948,41.84085],[84.00859,41.83072],[84.0077,41.82059],[84.00681,41.81046],[84.00593,41.80033],[84.00504,41.7902],[84.00416,41.78007],[84.00327,41.76994],[84.00239,41.75981],[84.0015,41.74968],[84.00062,41.73955],[83.99973,41.72942],[83.99885,41.71929],[83.99796,41.70916],[83.99708,41.69903],[83.9962,41.6889],[83.99532,41.67877],[83.99443,41.66863],[83.99355,41.6585],[83.99267,41.64837],[83.99179,41.63824],[83.99091,41.62811],[83.99147,41.61721],[83.99348,41.60553],[83.99694,41.59307],[84.00184,41.57985],[84.00673,41.56662],[84.01163,41.55339],[84.01652,41.54016],[84.02142,41.52693],[84.02326,41.51383],[84.02205,41.50086],[84.0178,41.48802],[84.0105,41.47532],[84.00321,41.46261],[83.99591,41.4499],[83.98863,41.43719],[83.98134,41.42448],[83.97697,41.41125],[83.97552,41.3975],[83.97698,41.38323],[83.98136,41.36844],[83.98005,41.35599],[83.97307,41.34589],[83.96041,41.33813],[83.94208,41.33271],[83.92768,41.32664],[83.91721,41.31992],[83.91067,41.31255],[83.90807,41.30453],[83.90546,41.29651],[83.90286,41.28849],[83.90026,41.28047],[83.89765,41.27245],[83.89138,41.26581],[83.88143,41.26055],[83.86781,41.25667],[83.85052,41.25417],[83.83562,41.25443],[83.82313,41.25745],[83.81302,41.26323],[83.80532,41.27177],[83.79542,41.27641],[83.78333,41.27714],[83.76906,41.27396],[83.7526,41.26688],[83.73677,41.26209],[83.72156,41.25959],[83.70698,41.25938],[83.69302,41.26146],[83.67789,41.26094],[83.66158,41.25782],[83.64409,41.2521],[83.62544,41.24377],[83.60912,41.23648],[83.59513,41.23023],[83.58348,41.22502],[83.57416,41.22086],[83.56484,41.21669],[83.55552,41.21252],[83.5462,41.20835],[83.53689,41.20418],[83.52713,41.20162],[83.51693,41.20068],[83.50628,41.20137],[83.4952,41.20366],[83.48411,41.20596],[83.47302,41.20826],[83.46192,41.21055],[83.45083,41.21285],[83.43974,41.21514],[83.42864,41.21743],[83.41755,41.21972],[83.40645,41.22201],[83.39536,41.2243],[83.38426,41.22659],[83.37316,41.22887],[83.36207,41.23116],[83.35187,41.23548],[83.34257,41.24183],[83.33418,41.25021],[83.32668,41.26063],[83.31919,41.27105],[83.31169,41.28146],[83.30418,41.29188],[83.29668,41.30229],[83.28683,41.31141],[83.27465,41.31923],[83.26012,41.32574],[83.24325,41.33095],[83.22638,41.33617],[83.2095,41.34137],[83.19262,41.34658],[83.17574,41.35178],[83.16162,41.35402],[83.15026,41.35328],[83.14166,41.34958],[83.13583,41.34292],[83.12922,41.33854],[83.12182,41.33646],[83.11365,41.33667],[83.10469,41.33917],[83.09485,41.34375],[83.08413,41.35042],[83.07252,41.35917],[83.06003,41.37001],[83.04753,41.38084],[83.03503,41.39168],[83.02253,41.40251],[83.01002,41.41334],[82.99777,41.42183],[82.98579,41.42797],[82.97407,41.43178],[82.96261,41.43324],[82.95115,41.4347],[82.93969,41.43615],[82.92823,41.43761],[82.91677,41.43907],[82.90396,41.44238],[82.88981,41.44753],[82.87429,41.45454],[82.85743,41.4634],[82.84056,41.47226],[82.82368,41.48111],[82.8068,41.48997],[82.78992,41.49881],[82.77538,41.50699],[82.76319,41.51448],[82.75334,41.5213],[82.74584,41.52745],[82.73834,41.5336],[82.73084,41.53974],[82.72334,41.54589],[82.71584,41.55203],[82.70972,41.56063],[82.70498,41.57167],[82.70162,41.58516],[82.69964,41.60109],[82.69791,41.61504],[82.69643,41.62699],[82.69519,41.63695],[82.6942,41.64492],[82.69321,41.65289],[82.69222,41.66086],[82.69123,41.66883],[82.69024,41.6768],[82.68541,41.68449],[82.67674,41.69192],[82.66424,41.69907],[82.64789,41.70595],[82.63358,41.71197],[82.62132,41.71713],[82.61109,41.72142],[82.60292,41.72486],[82.59474,41.7283],[82.58656,41.73173],[82.57837,41.73517],[82.57019,41.7386],[82.55881,41.73959],[82.54424,41.73815],[82.52647,41.73426],[82.5055,41.72793],[82.48716,41.72239],[82.47145,41.71763],[82.45835,41.71367],[82.44788,41.7105],[82.4374,41.70733],[82.42693,41.70415],[82.41646,41.70098],[82.40599,41.6978],[82.39552,41.69463],[82.38505,41.69145],[82.37458,41.68827],[82.36412,41.68509],[82.35365,41.68191],[82.34319,41.67873],[82.33272,41.67555],[82.32226,41.67237],[82.30918,41.66839],[82.29349,41.66361],[82.27519,41.65803],[82.25428,41.65166],[82.23567,41.64669],[82.21935,41.64314],[82.20534,41.641],[82.19362,41.64028],[82.1819,41.63956],[82.17018,41.63883],[82.15846,41.63811],[82.14674,41.63738],[82.13502,41.63665],[82.1233,41.63592],[82.11158,41.63519],[82.09986,41.63446],[82.08814,41.63373],[82.07643,41.633],[82.06471,41.63226],[82.05299,41.63152],[82.04053,41.62979],[82.02732,41.62706],[82.01336,41.62333],[81.99866,41.6186],[81.98396,41.61387],[81.96927,41.60914],[81.95457,41.6044],[81.93988,41.59967],[81.92519,41.59493],[81.9105,41.59019],[81.89582,41.58545],[81.88114,41.58071],[81.86645,41.57596],[81.85178,41.57121],[81.8371,41.56646],[81.82242,41.56171],[81.80653,41.5594],[81.7894,41.55953],[81.77105,41.56209],[81.75146,41.56709],[81.73208,41.5691],[81.71291,41.56811],[81.69394,41.56413],[81.67518,41.55716],[81.65643,41.55018],[81.63768,41.5432],[81.61893,41.53622],[81.60019,41.52923],[81.5815,41.52566],[81.56287,41.5255],[81.54428,41.52876],[81.52574,41.53542],[81.50758,41.54027],[81.48982,41.54329],[81.47245,41.54449],[81.45547,41.54387],[81.43849,41.54325],[81.42151,41.54262],[81.40453,41.542],[81.38755,41.54137],[81.37034,41.54313],[81.3529,41.5473],[81.33522,41.55386],[81.3173,41.56282],[81.30003,41.56912],[81.28341,41.57277],[81.26744,41.57376],[81.25213,41.5721],[81.23682,41.57043],[81.2215,41.56877],[81.20619,41.5671],[81.19088,41.56543],[81.1753,41.56492],[81.15945,41.56558],[81.14332,41.5674],[81.12693,41.57038],[81.11053,41.57336],[81.09413,41.57634],[81.07773,41.57931],[81.06132,41.58229],[81.04492,41.58526],[81.02851,41.58823],[81.0121,41.59119],[80.99569,41.59416],[80.97928,41.59712],[80.96287,41.60008],[80.94646,41.60303],[80.93004,41.60599],[80.91211,41.61144],[80.89266,41.61937],[80.87168,41.6298],[80.84918,41.64272],[80.82999,41.65563],[80.8141,41.66855],[80.80153,41.68146],[80.79227,41.69438],[80.783,41.7073],[80.77373,41.72021],[80.76445,41.73313],[80.75517,41.74605],[80.74993,41.75805],[80.74872,41.76914],[80.75155,41.77933],[80.75842,41.7886],[80.7653,41.79787],[80.77217,41.80714],[80.77905,41.81641],[80.78593,41.82568],[80.7907,41.83505],[80.79336,41.84453],[80.79391,41.85411],[80.79235,41.8638],[80.79078,41.87349],[80.78922,41.88318],[80.78766,41.89286],[80.7861,41.90255],[80.78117,41.91024],[80.77289,41.91591],[80.76125,41.91959],[80.74625,41.92125],[80.73336,41.9244],[80.72259,41.92904],[80.71392,41.93516],[80.70737,41.94277],[80.70082,41.95037],[80.69426,41.95798],[80.6877,41.96558],[80.68114,41.97319],[80.67458,41.98079],[80.66802,41.9884],[80.66145,41.996],[80.65489,42.0036],[80.64832,42.01121],[80.64175,42.01881],[80.63518,42.02641],[80.62861,42.03401],[80.61951,42.03948],[80.60789,42.04282],[80.59375,42.04402],[80.57708,42.04309],[80.56041,42.04215],[80.54375,42.04122],[80.52708,42.04028],[80.51041,42.03933],[80.4936,42.04032],[80.47662,42.04324],[80.4595,42.04809],[80.44221,42.05486],[80.42709,42.06079],[80.41412,42.06587],[80.40331,42.0701],[80.39466,42.07348],[80.38601,42.07687],[80.37736,42.08025],[80.36871,42.08363],[80.36006,42.08701],[80.34956,42.08788],[80.33721,42.08624],[80.32301,42.08209],[80.30697,42.07542],[80.29447,42.0727],[80.28549,42.07392],[80.28004,42.07908],[80.27813,42.08819],[80.27621,42.09729],[80.27429,42.1064],[80.27237,42.11551],[80.27046,42.12462],[80.26848,42.13399],[80.26645,42.14362],[80.26436,42.15352],[80.26222,42.16369],[80.26007,42.17385],[80.25793,42.18401],[80.25578,42.19418],[80.25364,42.20434],[80.25437,42.21488],[80.25798,42.22579],[80.26447,42.23708],[80.27385,42.24875],[80.27916,42.25984],[80.28042,42.27037],[80.27761,42.28031],[80.27073,42.28969],[80.26856,42.29735],[80.27109,42.3033],[80.27833,42.30754],[80.29028,42.31006],[80.30292,42.31273],[80.31625,42.31554],[80.33028,42.3185],[80.345,42.3216],[80.36005,42.32257],[80.37544,42.32142],[80.39115,42.31813],[80.40719,42.31271],[80.42357,42.3106],[80.44028,42.31181],[80.45732,42.31631],[80.47471,42.32413],[80.4921,42.33195],[80.5095,42.33976],[80.5269,42.34757],[80.5443,42.35538],[80.56156,42.36096],[80.57868,42.36433],[80.59566,42.36547],[80.61248,42.36439],[80.62931,42.36331],[80.64613,42.36222],[80.66296,42.36114],[80.67978,42.36005],[80.69661,42.35896],[80.71343,42.35786],[80.73025,42.35677],[80.74707,42.35567],[80.7639,42.35457],[80.78072,42.35346],[80.79754,42.35236],[80.81436,42.35125],[80.83119,42.35138],[80.84803,42.35276],[80.86489,42.35538],[80.88176,42.35924],[80.89863,42.36309],[80.9155,42.36695],[80.93238,42.3708],[80.94926,42.37465],[80.96406,42.37454],[80.97678,42.37047],[80.98741,42.36245],[80.99596,42.35047],[81.0045,42.33849],[81.01305,42.32652],[81.02158,42.31454],[81.03012,42.30256],[81.04001,42.29388],[81.05125,42.28852],[81.06385,42.28646],[81.07781,42.28771],[81.09167,42.28672],[81.10542,42.28349],[81.11907,42.27802],[81.13261,42.27032],[81.14266,42.26651],[81.14922,42.26662],[81.15229,42.27063],[81.15188,42.27854],[81.15146,42.28646],[81.15104,42.29438],[81.15063,42.30229],[81.15021,42.31021],[81.15255,42.31745],[81.15765,42.32401],[81.16552,42.3299],[81.17614,42.33511],[81.18693,42.33873],[81.19786,42.34076],[81.20896,42.3412],[81.22021,42.34006],[81.23146,42.33891],[81.24271,42.33777],[81.25396,42.33662],[81.26521,42.33547],[81.27594,42.33612],[81.28614,42.33857],[81.29583,42.34281],[81.305,42.34886],[81.31458,42.35182],[81.32459,42.35172],[81.335,42.34854],[81.34584,42.34229],[81.3585,42.33855],[81.373,42.33731],[81.38933,42.33857],[81.40749,42.34234],[81.42566,42.3461],[81.44382,42.34987],[81.462,42.35362],[81.48017,42.35738],[81.49834,42.36113],[81.51652,42.36488],[81.5347,42.36863],[81.55288,42.37237],[81.57106,42.37612],[81.58925,42.37985],[81.60744,42.38359],[81.62563,42.38732],[81.64183,42.38905],[81.65603,42.38878],[81.66824,42.38651],[81.67845,42.38225],[81.68866,42.37798],[81.69886,42.37371],[81.70907,42.36943],[81.71928,42.36516],[81.72823,42.36334],[81.73593,42.36398],[81.74238,42.36708],[81.74758,42.37263],[81.75325,42.37869],[81.75939,42.38525],[81.76601,42.39232],[81.77311,42.39989],[81.78077,42.40445],[81.78901,42.406],[81.79782,42.40453],[81.8072,42.40006],[81.81657,42.39558],[81.82595,42.3911],[81.83532,42.38662],[81.84469,42.38214],[81.85214,42.38097],[81.85766,42.3831],[81.86125,42.38854],[81.86292,42.39729],[81.86723,42.40346],[81.87419,42.40706],[81.88381,42.40808],[81.89607,42.40652],[81.90751,42.40506],[81.91813,42.40371],[81.92794,42.40245],[81.93693,42.40131],[81.94586,42.40211],[81.95473,42.40487],[81.96354,42.40958],[81.97229,42.41625],[81.9831,42.42144],[81.99596,42.42514],[82.01088,42.42736],[82.02786,42.42809],[82.04484,42.42882],[82.06182,42.42955],[82.0788,42.43028],[82.09578,42.431],[82.10935,42.43503],[82.1195,42.44237],[82.12625,42.45302],[82.12958,42.46698],[82.13573,42.47609],[82.14469,42.48037],[82.15646,42.4798],[82.17105,42.47438],[82.18406,42.47224],[82.19552,42.47339],[82.20541,42.47781],[82.21375,42.48552],[82.22346,42.49107],[82.23456,42.49446],[82.24703,42.49569],[82.26089,42.49475],[82.27474,42.49382],[82.2886,42.49288],[82.30245,42.49194]]]]}},{"type":"Feature","properties":{"basin_id":"basins_xinanjiang_upstream"},"geometry":{"type":"MultiPolygon","coordinates":[[[[117.65604,29.60865],[117.66479,29.60302],[117.67104,29.59724],[117.67479,29.5913],[117.67604,29.58521],[117.67479,29.57896],[117.67531,29.57292],[117.6776,29.56708],[117.68167,29.56146],[117.6875,29.55604],[117.69322,29.55219],[117.69881,29.5499],[117.7043,29.54917],[117.70966,29.55],[117.71502,29.55084],[117.72039,29.55167],[117.72575,29.55251],[117.73112,29.55334],[117.73648,29.55417],[117.74185,29.55501],[117.74721,29.55584],[117.75258,29.55667],[117.75794,29.55751],[117.76331,29.55834],[117.76867,29.55917],[117.77404,29.56],[117.77952,29.56167],[117.78512,29.56417],[117.79083,29.5675],[117.79667,29.57167],[117.80326,29.5738],[117.8106,29.57391],[117.8187,29.57198],[117.82756,29.56802],[117.83641,29.56407],[117.84527,29.56011],[117.85412,29.55615],[117.86297,29.55219],[117.87117,29.54969],[117.87872,29.54865],[117.88562,29.54906],[117.89187,29.55094],[117.89812,29.55281],[117.90437,29.55469],[117.91062,29.55656],[117.91687,29.55844],[117.92245,29.55927],[117.92734,29.55906],[117.93156,29.55781],[117.9351,29.55552],[117.93859,29.55505],[117.94203,29.55641],[117.94542,29.55958],[117.94875,29.56458],[117.95292,29.5676],[117.95792,29.56865],[117.96375,29.56771],[117.97042,29.56479],[117.97635,29.5637],[117.98156,29.56443],[117.98604,29.56698],[117.98979,29.57135],[117.99427,29.57453],[117.99948,29.57651],[118.00542,29.57729],[118.01208,29.57688],[118.01896,29.57438],[118.02604,29.56979],[118.03334,29.56313],[118.04084,29.55438],[118.04927,29.54771],[118.05865,29.54313],[118.06896,29.54063],[118.08021,29.54021],[118.08974,29.53891],[118.09755,29.53672],[118.10365,29.53365],[118.10802,29.52969],[118.1124,29.52573],[118.11677,29.52177],[118.12115,29.51781],[118.12552,29.51385],[118.12865,29.50961],[118.13052,29.50508],[118.13115,29.50026],[118.13052,29.49516],[118.1299,29.49005],[118.12927,29.48495],[118.12865,29.47984],[118.12802,29.47474],[118.12932,29.47117],[118.13255,29.46914],[118.13771,29.46865],[118.14479,29.46969],[118.15187,29.47073],[118.15896,29.47177],[118.16604,29.47282],[118.17312,29.47386],[118.18051,29.47559],[118.18819,29.47801],[118.19617,29.48113],[118.20444,29.48493],[118.21272,29.48874],[118.221,29.49254],[118.22928,29.49634],[118.23756,29.50015],[118.24584,29.50395],[118.25412,29.50775],[118.2624,29.51155],[118.27069,29.51535],[118.27897,29.51915],[118.28725,29.52295],[118.29554,29.52675],[118.30382,29.53055],[118.3116,29.5334],[118.31887,29.5353],[118.32562,29.53625],[118.33187,29.53625],[118.33812,29.53625],[118.34438,29.53625],[118.35063,29.53625],[118.35688,29.53625],[118.36302,29.53784],[118.36906,29.54102],[118.375,29.54578],[118.38083,29.55214],[118.38666,29.55849],[118.39249,29.56485],[118.39833,29.5712],[118.40416,29.57755],[118.41057,29.58255],[118.41755,29.5862],[118.4251,29.58849],[118.43323,29.58943],[118.44135,29.59037],[118.44948,29.59131],[118.4576,29.59224],[118.46573,29.59318],[118.47101,29.59479],[118.47345,29.59709],[118.47305,29.60005],[118.46981,29.6037],[118.46657,29.60735],[118.46332,29.611],[118.46008,29.61464],[118.45684,29.61829],[118.45359,29.62194],[118.45035,29.62559],[118.44711,29.62923],[118.44386,29.63288],[118.44062,29.63653],[118.43737,29.64017],[118.43413,29.64382],[118.43088,29.64747],[118.42746,29.65131],[118.42387,29.65535],[118.4201,29.65958],[118.41616,29.664],[118.41222,29.66843],[118.40827,29.67286],[118.40433,29.67728],[118.40039,29.68171],[118.39546,29.68724],[118.38955,29.69388],[118.38264,29.70162],[118.37475,29.71047],[118.36891,29.71852],[118.36512,29.72576],[118.36339,29.73219],[118.3637,29.73781],[118.36401,29.74344],[118.36432,29.74906],[118.36464,29.75469],[118.36495,29.76031],[118.36276,29.76492],[118.35807,29.76852],[118.35089,29.7711],[118.3412,29.77266],[118.33151,29.77422],[118.32183,29.77579],[118.31214,29.77735],[118.30245,29.77891],[118.29389,29.78196],[118.28647,29.78649],[118.28017,29.7925],[118.27501,29.8],[118.27049,29.80656],[118.26662,29.81219],[118.26339,29.81687],[118.26081,29.82062],[118.25823,29.82437],[118.25564,29.82812],[118.25306,29.83187],[118.25048,29.83562],[118.24717,29.84041],[118.24315,29.84625],[118.23841,29.85312],[118.23296,29.86104],[118.2275,29.86896],[118.22204,29.87687],[118.21657,29.88479],[118.21111,29.89271],[118.20556,29.89818],[118.19991,29.9012],[118.19417,29.90177],[118.18833,29.8999],[118.18276,29.89927],[118.17745,29.8999],[118.1724,29.90177],[118.1676,29.9049],[118.16375,29.90901],[118.16083,29.91411],[118.15885,29.92021],[118.15781,29.92729],[118.15534,29.93393],[118.15143,29.94013],[118.1461,29.94589],[118.13933,29.9512],[118.13256,29.95651],[118.12579,29.96183],[118.11902,29.96714],[118.11224,29.97245],[118.10651,29.97966],[118.10183,29.98878],[118.09818,29.99979],[118.09558,30.01271],[118.0933,30.02401],[118.09135,30.0337],[118.08972,30.04177],[118.08842,30.04823],[118.08711,30.05469],[118.08581,30.06115],[118.08451,30.0676],[118.0832,30.07406],[118.08077,30.07927],[118.0772,30.08323],[118.0725,30.08594],[118.06667,30.0874],[118.061,30.08777],[118.05551,30.08707],[118.05018,30.08529],[118.04502,30.08243],[118.03986,30.07956],[118.03471,30.0767],[118.02955,30.07383],[118.02439,30.07097],[118.01795,30.06739],[118.01021,30.06309],[118.00119,30.05808],[117.99088,30.05235],[117.98117,30.04821],[117.97206,30.04565],[117.96354,30.04469],[117.95563,30.04531],[117.94831,30.04409],[117.94159,30.04102],[117.93547,30.03609],[117.92994,30.02932],[117.92442,30.02255],[117.9189,30.01578],[117.91338,30.00901],[117.90786,30.00224],[117.90148,29.99638],[117.89424,29.99143],[117.88614,29.9874],[117.87718,29.98428],[117.86822,29.98115],[117.85927,29.97803],[117.85031,29.9749],[117.84135,29.97177],[117.83568,29.96841],[117.83328,29.96482],[117.83417,29.96099],[117.83834,29.95693],[117.8425,29.95287],[117.84667,29.9488],[117.85084,29.94474],[117.855,29.94068],[117.85781,29.93622],[117.85927,29.93138],[117.85937,29.92615],[117.85812,29.92052],[117.85687,29.9149],[117.85562,29.90927],[117.85437,29.90365],[117.85312,29.89802],[117.85292,29.89313],[117.85375,29.88896],[117.85563,29.88552],[117.85854,29.88281],[117.8624,29.88086],[117.86719,29.87966],[117.87292,29.87922],[117.87958,29.87953],[117.88625,29.87985],[117.89292,29.88016],[117.89958,29.88047],[117.90625,29.88078],[117.91154,29.87961],[117.91544,29.87695],[117.91797,29.87281],[117.91912,29.86719],[117.92026,29.86156],[117.92141,29.85594],[117.92255,29.85031],[117.9237,29.84469],[117.92211,29.83991],[117.91778,29.83598],[117.91072,29.8329],[117.90093,29.83066],[117.89114,29.82843],[117.88134,29.82619],[117.87155,29.82395],[117.86176,29.82172],[117.85197,29.81948],[117.84217,29.81724],[117.83238,29.815],[117.82259,29.81276],[117.8128,29.81051],[117.80301,29.80827],[117.79322,29.80603],[117.78343,29.80378],[117.77622,29.80049],[117.77159,29.79613],[117.76953,29.79073],[117.77005,29.78427],[117.77057,29.77781],[117.77109,29.77135],[117.77162,29.7649],[117.77214,29.75844],[117.77143,29.75219],[117.7695,29.74615],[117.76635,29.74031],[117.76198,29.73469],[117.7576,29.72906],[117.75323,29.72344],[117.74885,29.71781],[117.74448,29.71219],[117.73875,29.70643],[117.73166,29.70055],[117.72322,29.69453],[117.71343,29.68839],[117.70486,29.68301],[117.69752,29.6784],[117.6914,29.67456],[117.6865,29.67149],[117.68161,29.66842],[117.67671,29.66534],[117.67182,29.66227],[117.66692,29.65919],[117.66221,29.65455],[117.65768,29.64832],[117.65333,29.64052],[117.64917,29.63115],[117.64823,29.62271],[117.65052,29.61521],[117.65604,29.60865]]]]}}]}